en,ks,domain
"Mom, let's go for a movie tomorrow.","ممی، پَکھ پَگہَہ گژھَو فِلِم وچھنہِ۔","conversation"
"I don't have to go to school.","مےٚ چھُنہٕ سکول گژھُن۔","conversation"
"It is a holiday.","پَگہَہ چھِ چھُٹی۔","conversation"
"Oh, tomorrow is the 14th of April right?","اچھا، پَگہَہ چھُ 14 اپریل، چھُنَاہ؟","conversation"
"Your dad will also have the day off from work.","چٲنِس مٲلِس تہِ آسہِ پَگہَہ چھُٹی۔","conversation"
"We can make a movie plan!","أس ہیکَو موی وچھنک پٕلان کٔرِتھ!","conversation"
"That's a good news!","یہ چھےٚ رٕژ خبر !","conversation"
"Why is it a holiday though?","توتہِ پَگہَہ کیٛازِ چھِ چھُٹی؟","conversation"
"Are all schools, colleges and offices closed tomorrow?","کیٛاہ پَگہَہ چھاسارنٕے سکولَن، کالجَن تہٕ دفترَن چھُٹی؟","conversation"
"It is Ambedkar Jayanti tomorrow!","پَگہَہ چھِ امبیڈکر جینتی۔","conversation"
"This day is celebrated annually to mark the birth of Dr. B. R Ambedkar.","یہِ دۄہ چھُ پرٛیتھ ؤرۍ یہِ ڈاکٹر بی آر امبیڈکر سٕنٛدِ زاہ دۄہ کِس موقعَس پیٹھ مناونہٕ یِوان۔","conversation"
"Have you heard of him?","ژَے چھُتھاہ أمِس مُتعلِق بوٗزمُت؟","conversation"
"I think I have seen him in my History and Civics book.","مےٚ چھُ باسان زِ مےٚ چھُ یہِ پننہِ ہِسٹری تہٕ سویکس کِتابہِ منٛز ؤچھمت۔","conversation"
"Is he related to our Constitution?","تمس چھاسٲنِس ٲینَس سۭتۍ تعلُق ؟","conversation"
"Absolutely! He is known as the father of the Indian Constitution.","بالکُل! یہِ چھُ ہندوستٲنی آیینک بب زاننہٕ یِوان۔","conversation"
"He was a civil rights activist who played a major role in formulating the Constitution.","سُہ اوس شہری حقوقُک کارکن، ییٚمۍ ٲین کِس تشکیل دنس منٛز اَہم کِردار اَدا کوٚر۔","conversation"
"He played a crucial part in shaping the vibrant democratic structure that India prides itself upon.","أمۍ کوٚر متحرک جمہوٗری ڈانٛچہٕ تشکیلَس کرنَس منٛز اَہم کِردار اَدا، یَتھ پیٹھ ہندوستانَس فخر چھُ۔","conversation"
"I remember now!","مےٚ پٮ۪وٚو یاد وۄنۍ!","conversation"
"We were discussing about him in our Civics class the other day.","أس ٲسۍ أمِس مُتعلِق پنننس سوِکٕس کلاسَس منٛز کَتھ کران۔","conversation"
"Ma'am said that she will tell us more about him when we do the chapter on the Indian Constitution","میڈمہِ ووٚن زِ ییٚلہِ أسۍ ہندوستٲنی ٲیینُک چیپٹر کرَو، سۄ وَنہٕ اَسہِ یِمَن مُتعلِق مزید ۔","conversation"
"He fought to remove the class distinction that prevailed in the society, right?","أمۍ چھُ سماجَس منٛز موجودٕ طبقٲتی تفریق دوٗر کرنہٕ باپت جدوجہد کوٚرمُت، ٹھیک چھا؟","conversation"
"Yes. Being a Dalit himself, he realised how hard is it to deal with the evil of untouchability.","آ۔ پانہٕ اکھ دٔلِت آسنہٕ کِنۍ گوٚو تمَن احساس زِ اچھوت چہ بدی خلاف مقابلہ کرُن کوٗتاہ مُشکِل چھُ۔","conversation"
"Thus, he fought for the rights of the lower class.","اَمی مۄٗجوب کٔر تمۍ کمتَر طبقَن ہِنٛدین حقوقَن ہندِ باپت جدوجہد۔","conversation"
"He extensively campaigned against the discrimination and came out victorious.","أمۍ چلٲو امتیٲزی سلوکَس خِلاف وسیع پیمانَس پیٹھ مُہِم تہٕ گوٚو فتح یاب۔","conversation"
"Wow, what a strong personality!","واہ، کیٛاہ مضبوط شخصیَت!","conversation"
"That is why the day is also commemorated as Equality Day all across the subcontinent.","اَمی مۄکھٕ چھُ یہِ دۄہ سٲرسٕے برصغیرَس منٛز یومِ مساوات پٲٹھۍ تہِ مناونہٕ یِوان۔","conversation"
"I am sure you are going to love reading about this man when you study the chapter in school.","مےٚ چھُ یقین زِ ییٚلہِ ژٕ سکولَس منٛز یہِ چیٹَر پرکھ، ژَے لَگی مَزٕ أمِس شخصس مُتعلِق پرنَس منٛز۔","conversation"
"Yes mom, I can't wait for it.","اَہانی ممی، بہٕ ہیکہ نہٕ پیٲرِتھ۔","conversation"
"I am really intrigued.","مےٚ لج پزی اُتاولی۔","conversation"
"Okay, now tell me what movie do you want to go for?","اچھا، وۄنۍ وَن مےٚ ژٕ کۄس فِلِم چھُکھ یژھان ؤچھِنۍ؟","conversation"
"Do you want to watch the new Marvel movie?","کیٛاہ ژٕ چھَکھٕ یژھان نٔو مارول فِلِم ؤچھِنۍ؟","conversation"
"You mean Doctor Strange and the Multiverse of Madness?","چون مطلب چھا ڈاکٹر سٹرینج اینڈ دی ملٹیورس آف میڈنیٚس؟","conversation"
"I am dying to watch it.","بہٕ چھَس مران یہِ ؤچھنہٕ باپت۔","conversation"
"Can you book the tickets?","کیٛاہ ژٕٕ ہیکٕہ کھا ٹِکٹہ بُک کٔرِتھ؟","conversation"
"Let me talk to Dad.","مےٚ دِ مٲلِس سۭتۍ کَتھ کرنہٕ۔","conversation"
"Hey, you are pursuing.a course in web designing, aren't you?","ہے، ژٕ چھَکھ ویب ڈزایِنٛگ منٛز کورس کران، چھَکھ نَہ؟","conversation"
"One of my friends is thinking of doing the same so, I told her I'd get some information from you about it.","میٲنۍ وٮ۪س تہِ چھِ سونٛچھان یٖۍ کرنُک، مےٚ ووٚن تٔمِس بہٕ کَرٕ ژَے نِش اَتھ مُتعلِق کینٛہہ معلوٗم حٲصِل ۔","conversation"
"Yeah, I am in my second year.","اۭں، بہٕ چھَس سٮ۪کنٛڑ ییرَس ۔","conversation"
"That's great, so what does she want to know?","سُہ گوٚو واریٛاہ اصل، وۄنۍ کیٛاہ چھےٚ سۄ یژھان زانُن؟","conversation"
"Which are the colleges that offer a diploma course in web designing?","کَتھ کَتھ کالیجَس منٛز چھِ ویب ڈزاینٛگ منٛز ڈِپلومسا کورس کَرناوان؟","conversation"
"She is not very sure of her choice, so she just wants to try it out at this point.","سۄ چھَنہٕ وٕنہِ پوٗرٕ شٮ۪وَر، توَے چھےٚ سۄ وٕنکٮ۪س یہِ ٹراے کرُن یژھان۔","conversation"
"Ok, I get that.","اوکے، مےٚ آو سمٕجھ۔","conversation"
"It is available at a lot of colleges like the School of Fashion Technology, Pune; Stella Maris College, Chennai and Loyola College, Chennai among numerous others.","یہِ چھُ واریٛاہَن کالیجَن منٛز دٔستیاب، یِتھ کٔنۍ زَن ڈی سکوٗل اف فیشن ٹیکنالوجی، پوٗنے؛ سٹیلا میریس کالیج، چنئے اینٛڈ لویولا کالیج، چنٮٔے تہٕ باقٮ۪ن واریٛاہَن منٛز۔","conversation"
"You went to Loyola College, right?","ژٕ گٔیکھ لویولا کالیج، چھُ نَہ؟","conversation"
"Yeah, I studied there.","اۭں، مےٚ چھُ پوٚرمُت تَتہِ۔","conversation"
"These colleges that you mentioned are pretty well known.","یِم کالیج ژَے ؤنِتھ تِم چھِ کٲفی مشہوٗر۔","conversation"
"What is the entrance process?","اٮ۪نٹرینَس پراسیس کیٛاہ چھُ؟","conversation"
"Yeah, some colleges conduct their own entrance exams.","اۭں، کینٛہہ کالیج چھِ پنُن اٮ۪نٹرینس اٮ۪کزام کنڑکٹہٕ کران۔","conversation"
"They look at the 10th and 12th standard grades as well.","تِم چھِ دٔہمہِ تہٕ بٔہمہِ ہِنٛدۍ مارکَس تہِ ؤچھان۔","conversation"
"There are national tests like the NID Entrance Exam, too.","تٮ۪شنل ٹیسٹہٕ تہِ چھِ، یِتھ کٔنۍ زَن اٮ۪ن آیی ڈی اٮ۪نٹرینس اٮ۪کزام۔","conversation"
"My friend did really well for her boards, so she can ace any merit-based entrance.","میانہِ وٮ۪سہِ اوس بوڑَس منٛز واریٛاہ اصل کوٚرمُت، سۄ ہٮ۪کہِ کُنہِ تہِ میریٹ بیسٹ اٮ۪نٹرنسس منٛز اصل کٔرِتھ۔","conversation"
"She is not so confident in her creative skills.","سۄ چھَنہٕ پننٮ۪ن کریٹِو سیکلَن منٛز زِیٛادٕ کانفڈینٹ۔","conversation"
"How long is the diploma course in these universities?","یِمَن یوٗنیورسٹٮ۪ن منٛز کۭتِس کالَس چھُ ڈپلوما کورَس؟","conversation"
"It usually lasts between a year or two.","یہِ چھُ عموٗمَن ؤرۍ یَس یا دوٚن ؤرۍ یَن تام آسان۔","conversation"
"It actually depends on the college you take admission at.","یہِ چھُ بزٲتی تَتھ کالیجَس پٮ۪ٹھ ڈپینڑ کران، ییتہِ تُہۍ اٮ۪ڈمیشن کٔرِو۔","conversation"
"Are the career options good?","کیٛاہ کٔرییَر آپشن چھےٚ اصل؟","conversation"
"Yeah, the job prospects in this field are promising.","اۭں، نوکری ہِنٛدۍ امکان چھِ اَتھ شعبَس منٛز پرٛامسنٛگ۔","conversation"
"This is especially considering the world becoming increasingly digital.","یہِ چھُ خاص کٔرِتھ دُنیا تیٖزی سان ڈیجیٹل گژھنَس پٮ۪ٹھ غور کران۔","conversation"
"Hmm.. I see what you mean.","ہمم۔۔مےٚ توٚر سمٕجھ چھون مطلب کیٛاہ چھُ۔","conversation"
"Do you know anyone who has taken this course before?","کیٛاہ ژٕ زانہَنہٕ کانٛہہ ییٚمۍ یہِ کورس کوٚرمُت چھُ؟","conversation"
"Yeah, one of my friends did a diploma in web designing some five years back.","اۭں، میٲنۍ أکۍ دوستَن اوس کوٚرمُت ویب ڈزاینٛگ منٛز ڈپلوما کینٛہہ پانٛژھ ؤری برٛونٛہہ۔","conversation"
"He is a successful web designer today.","سُہ چھُ آز اکھ کامیاب ویب ڈزاینَر۔","conversation"
"Can I have his contact information, if you don't mind?","اگر نہٕ ژَےٚ کانٛہہ مسلہٕ چھُۍ، مےٚ ہیکیا تٔمۍ سُنٛد کنٹیکٹ انفارمیشن مِلِتھ؟","conversation"
"Its so that I can give it to my friend so she can talk to someone in detail about the course.","یہِ چھُ اَمہِ موجوب زِ بہٕ ہیکہٕ یہِ پننہِ ویسہِ دِتھ، سۄ ہیکہِ کٲنسہِ سۭتۍ ڈیٹیلَس منٛز اَتھ کورسَس مُتعلِق کَتھ کٔرِتھ۔","conversation"
"Of course, I shall send you the contact on WhatsApp.","آ۔ بہٕ سوزَے ژَے واٹس ایپَس پیٹھ نمبَر۔","conversation"
"Am I too late?","کیٛاہ مےٚ گوٚوا زےادٕہ ژیرَ","conversation"
"Did the parade start?","کیٛاہ پریڈ گوٚوا شروع؟","conversation"
"I don't know why I overslept.","مےٚ چھےٚ نہٕ پتہٕ، بہٕ کیٛازِ شوٚنگُس زِیٛادٕ۔","conversation"
"Don't worry, you are right on time.","مَہ گژھ پریشان، ژٕ ووتُکھ ٹایمَس پیٹھ۔","conversation"
"It has just been 5 minutes.","ؤنہِ گٔیی صرف 5 منٛٹ۔","conversation"
"Come and have a seat.","وَلہٕ بِیہہ پَتھر۔","conversation"
"What did I miss?","مےٚ کیٛاہ گوٚو مِس؟","conversation"
"Nothing much! Just the unfurling of the national flag by the President.","زِیٛادٕ نہٕ کینٛہہ! صرف صدر سٕنٛدِ طرفہٕ قومی جھنٛڈٕ کھالُن۔","conversation"
"And the booming 21-gun salute to the president.","بیٚیہِ صدرَس 21 توپَن ہِنٛز سلٲمی دِنۍ۔","conversation"
"At present, the different regiments of the Army, Navy, and Air Force, along with their bands are marching from the Rashtrapati Bhawan along the Rajpath.","وٕنکیس چھِ مختلِف رجمنٹَن ہٕنٛدۍ فوج، سمندری فوج تہٕ فضٲیی فوج پننین بینڈَن سۭتۍ راشٹرپتی بھون پیٹھٕ راج پتھَس پیٹھ مارچ کران۔","conversation"
"Where are they heading to?","یِم کوٚت چھِ گژھان؟","conversation"
"To the India Gate and finally to the Red fort.","انڈیا گیٹ تہٕ ٲخرَس پیٹھ لال قٕلَس تام۔","conversation"
"As each of them go by, they pay homage to the President.","ییٚلہِ یِم برٛونٛہہ چھِ پَکان، یِمَو منٛز چھُ پرٛیتھ اکھ صدرَس خراج پیش کران۔","conversation"
"And look how he in turn is standing up and encouraging them as they march forward.","تہٕ ؤچھ سُہ کِتھ پٲٹھۍ چھُ کھڑا تہٕ تِمَن حوصلہٕ افزٲیی کران ییٚلہِ تِم مارٕچ کران چھِ۔","conversation"
"I wish to see all of it in person someday.","بہٕ چھُس یژھان کُنہِ دۄہ یہِ سورُے کینٛہہ پانہ ؤچھُن۔","conversation"
"What about the representation of different states?","مُختٔلِف ریاستَن ہِنٛز نُمٲیندٕگی مُتعلِق کیٛاہ خیال چھُ؟","conversation"
"Will it be after the army marches past?","کیٛاہ یہِ گژھا فوج مارٕچ پاسٹ پتہٕ؟","conversation"
"Yes, once all the regiments march away, they will arrive.","آ۔ ییٚلہِ سٲری رجمنٹ مارچ مۄکلاوَن کٔرِتھ، تِم واتن۔","conversation"
"Each state is represented by a tableaux.","پرٛیتھ ریاستٕچ نُمٲیندٕگی چھِ اَکہِ ٹیبلو ذٔریعہٕ یِوان کرنہٕ۔","conversation"
"They showcase the history, culture, heritage, dvelopment programmes and environment of their respective states.","تِم چھِ پننین پننین ریاستَن ہندِ تٲریخ، ثقافت، وَراثَت، ترقیٲتی پروگرام تہٕ ماحولٕچ نُمٲیِش کران۔","conversation"
"They carry some animations and sound along with them.","تِمَن چھِ پانَس سۭتۍ کینٛہہ انیمیشن تہٕ ساونٛڈ تہِ آسان۔","conversation"
"It is a very colorful display.","یہِ چھُ واریاہ رنٛگیٖن نظارٕہ۔","conversation"
"Yeah, and my favourite part of the entire parade too.","آ، تہٕ سٲرسٕے پریڈَس منٛز میون پسندیدٕ حِصہٕ تہِ۔","conversation"
"I still remember how the tableaux of West Bengal was decorated last time.","مےٚ چھُ وُنہِ تہِ یاد زِ پٔتمہِ لَٹہِ کِتھ پٲٹھۍ اوسُکھ مغربی بنٛگالُک ٹیبلکس سجوومُت۔","conversation"
"And also the dancers on it, exhibiting the folk dance form of rural bengal.","تہٕ بیٚیہِ اَتھ پیٹھ ڈانسَر، یِم دِہٲتی بنٛگال کہ لوک ناچچ پیش کران چھِ۔","conversation"
"I wonder what they have in store this year.","بہٕ چھُس سونٛچان ییٚمہِ ؤرۍ یہِ کیٛاہ ہاون تِم۔","conversation"
"Let us wait and watch.","ادٕ سٲ پیارَو تہٕ وُچھَو۔","conversation"
"But do not forget, you have your sit and draw competition today at around 12 noon.","مگر یِنہٕ مٔشِتھ گژھی، ژَے چھُۍ از دُپہرَس 12 بجہِ پنُن سِٹ اینٛڈ ڈرا مُقابلہٕ۔","conversation"
"Are you prepared for that?","کیٛاہ ژٕ چھُکھٕ تَتھ باپت تیار؟","conversation"
"I have practised my sketches already.","مےٚ چھِ پننین سِکیچن ہِنٛز پرکٹِس گۄڈَے کٔرمٕژ۔","conversation"
"I am drawing a glimpse of the Republic Day parade itself.","بہٕ بناوٕ پانہٕ یومِ جمہوٗریہ پریڈٕک اکھ تصویر۔","conversation"
"I hope I can bag a prize.","مےٚ چھِ وۄمیٖد زِ بہٕ ہیکٕہ انعام زینِتھ۔","conversation"
"Do not bother about the prizes.","انعامٕچ فِکٕر مَہ کَر۔","conversation"
"Just enjoy yourself out there.","بَس تُل مزٕہ اتین۔","conversation"
"I wish you all the best.","آل دی بیسٹ۔","conversation"
"Thank you so much, Dad.","سیٹھاہ شُکریہ، ڈیڈ۔","conversation"
"But make sure you watch the part of the parade I will be missing due to the competition.","مگر پریڈُک حِصہٕ ؤچھ زِ ضروٗری، مےٚ گژھہِ مِس مُقابلہٕ کہِ وجہہ سۭتۍ۔","conversation"
"I will hear about it at bedtime.","شۄنگنہٕ وِزِ بوزٕ بہٕ اَتھ مُتعلِق۔","conversation"
"Hello, is this Samadhan helpline?","ہٮ۪لو، کیٛاہ یہ چھا سمادھان ہیلپ لاین؟","conversation"
"Yes, how can I help you?","آ۔ بہٕ کِتھ پٲٹھۍ ہیکہٕ تۄہہِ مددتھ کٔرِتھ؟","conversation"
"I'm Harish, and I'm calling on behalf of Swami Vivekanand Educational Institute.","بہٕ چھُس ہرِیش، تہٕ بہٕ چھُس سوامی وویکانٛند ایجوکیشنل انسٹی ٹیوٗٹ پیٹھ فون کران۔","conversation"
"I'd like to learn more about the Merit-cum-Means Scholarship Programme.","بہٕ چھُس میرِٹ-کم-مینز سکالرشِپ پروگرٛامَس مُتعلِق مزید یژھان زانُن۔","conversation"
"So that I can inform our students about this programme.","تاکہِ بہٕ ہیکہٕ پننین طالب علمَن اَتھ پروگرٛامَس مُتعلِق معلوٗمات دِتھ۔","conversation"
"Alright! The Scheme's principal goal is to provide financial help to underprivileged and deserving students from minority populations.","ٹھیٖک چھُ! سکیمہِ ہُنٛد بُنیٲدی مقصد چھُ اقلیتی آبٲدی ہٕنٛدین پسماندٕ تہٕ مستحق طلب علمَن مٲلی مددتھ فراہم کرُن۔","conversation"
"And with this scholarship, they will be able to pursue professional and technical education.","تہٕ ییٚمہِ سکالرشِپ سۭتۍ ہیکَن تِم پیشورانہ تہٕ تکنیکی تٔعلیم حٲصل کٔرِتھ۔","conversation"
"This scheme is initiated by the Ministry of Minority Affairs.","یہِ سکیٖم چھِ اقلیتی امورٕکۍ وزارتَن شروٗع کٔرٕژ۔","conversation"
"Yes, sir.","آ، سَر۔","conversation"
"Is it correct that the scholarship is for studies in India, sir?","کیٛاہ یہِ چھےٚ پوٚز زِ یہِ سکالرشِپ چھِ ہندوستانَس منٛز تعلیم حاصل کرنہ مۄکھٕ ؟","conversation"
"Yes. The scholarship will only be given to students studying in a government or private university in India.","آ۔ یہِ سکالرشِپ یِیہِ صرف تِمَن طالب علمَن دِنہٕ یِم ہنٛدوستانَس منٛز سرکٲرۍ یا پرایویٹ یوٗنیورسٹین منٛز آسَن پران۔","conversation"
"Is this scholarship only for undergraduate students?","کیٛاہ یہِ سکالرشِپ چھےٚ صرف انڈرگرٛیجویٹ طالب علمَن ہندِ باپت؟","conversation"
"No, it will cover technical and professional courses at undergraduate and post graduate level.","نَہ، اَتھ منٛز چھِ انڈرگرٛیجویٹ تہٕ پوسٹ گرٛیجویٹ لیولہِ ہِنٛدۍ تکنیکی تہٕ پرافیشنل کورس شامِل۔","conversation"
"What are the criteria for applying for this scholarship?","سکالرشِپ باپت درخواست کرنہ باپت کیٛاہ کرایٹیریا چھُ؟","conversation"
"Students who received at least 50% or an equivalent grade in their previous final examination will be eligible for a scholarship.","تِم طالبہِ علِم یِمَن پننین پٔتمین فاینل امتحانَن منٛز کم از کم %50 یا برابَر گریڈ آسَن، تِم آسَن امہ سکالرشپ باپت مستحق۔","conversation"
"Also, if their parents' or guardians' annual income from all sources does not exceed Rs. 2.50 lakh.","بیٚیہِ، اگر تِہنٛدین پیرنٹسَن یا گارڈینَن ہٕنٛز ؤرۍ یِچ آمدنی تمام ذٔریعَو پیٹھ 2.50 لَچھ کھۄتہٕ زِیادٕ آسہِ نہٕ۔","conversation"
"Sir, how many students will be awarded with the MCM?","سَر، کٲتیاہَن طالب علمَن MCM؟","conversation"
"A total of 60,000 scholarships are targeted to be distributed as Fresh Scholarships, besides renewal scholarships.","رِنیٚوَل سکالرشِپَو ورٲے یِنۍ ٹوٹَل 60,000 فریش سکالرشِپ دِنہٕ۔","conversation"
"That's a large number, and it will be beneficial to students who are in need.","یہِ گوٚو واریٛاہ، تہٕ یہِ روزِ تِمَن طالب علمَن ہندِ حقہ فٲیدٕ منٛد یم ضرورت مند آسن۔","conversation"
"These scholarships are also a source of motivation for other students.","یِم سکلرشِپ چھِ باقین طالب علمَن ہندِ باپت تہ حوصلہٕ افزٲیی ہُنٛد ذٔریعہٕ۔","conversation"
"Yes, you are right.","آ پٔز پٲٹھۍ۔","conversation"
"There is one reservation policy, that is 30% scholarship is earmarked for girls students of each minority community in a State/UT.","اَتتھ منٛز چھِ اکھ ریزرویشن پالیسی، یعنی %30 سکالرشپ چھِ ریاست/یوٗ ٹی منٛز پریتھ اقلیتی برادٔری ہنزن کورین ہندِ باپت۔","conversation"
"Oh, that's excellent.","آہ، سُہ گوٚۄ واریاہ جان۔","conversation"
"How long will this scholarship last?","یہِ سکالرشِپ کٲتِس کالَس روزِ؟","conversation"
"Scholarship will be provided for the entire academic year/course.","یہِ سکالرشِپ یِیہِ پوٗرٕ تٔعلیمی ؤرۍ یَس/کورسَس خٲطرٕ فراہم کرنہٕ۔","conversation"
"And the maintenance allowance will be given as fixed lump sum amount for an academic year of Rs. 10,000/- for hostellers and Rs. 5,000/- for day scholars.","تہٕ مینٹنینس الاونس یِیہِ تٔعلیمی ؤرۍ یہِ باپت گنڈِتھ کُلی رقمہ پٲٹھۍ دِنہٕ۔ 10,000/- ہوسٹل والینہندِ باپت تہٕ 5,000/- دۄہہ پٲٹھۍ سکالرَن ہندِ باپت۔","conversation"
"Great! How to apply for the scholarship?","واریاہ زبر! سکالرشِپ باپت کِتھ کٔنۍ کرَو ایپلاے؟","conversation"
"The scheme is implemented through the National Scholarship Portal (NSP).","یہِ سکیٖم چھِ نیشنل سکالرشپ پورٹل (NSP) ذٔریعہٕ لاگوٗ آمٕژ کرنہٕ۔","conversation"
"It is mandatory for all students to apply online on the website i.e. www.scholarships.gov.in.","یہِ چھُ سارنٕے طالب علمَن ہندِ باپت لازمی آن لایِن ویب سایٹہِ پیٹھ اپلاے کرُن، یہِ چھِ www.scholarships.gov.in","conversation"
"It will be useful for them.","یہِ روزِ تِہنٛدِ باپت مُفیٖد۔","conversation"
"You can download more details from the National Scholarship Portal.","تُہۍ ہیکِو مذید تفصیلات نیشنل سکالرشِپ پورٹل پیٹھ ڈاوُن لوڈ کٔرِتھ۔","conversation"
"Sure, sir. Thank you so much!","ٹھیک چھُ، سَر۔ تُہنٛد سیٹھاہ شُکریہ!","conversation"
"You are welcome.","کینٛہہ چھُنہٕ۔","conversation"
"Hello, I am getting married in the coming month.","اسلامُ علیکُم، مےٚ چھُ بیٚکہِ رٮ۪تہٕ خانٛدَر۔","conversation"
"Could you please guide me on the legal procedure?","کیٛاہ تُہۍ ہٮ۪کوٕ مےٚ مہربٲنی کٔرِتھ قانوٗنی طریقہٕ کارَس مُتعلِق مددتھ کٔرِتھ؟","conversation"
"How can I make my marriage a valid legal entity?","بہٕ کِتھ کٔنۍ ہیکہٕ پنُن کھاند قانونی لحاظٕ صحیح اینٹٹی بنٲوِتھ؟","conversation"
"A marriage must be registered for it to be acknowledged legally.","قانوٗنی طور تسلیم کرنہٕ باپت چھُ کھانٛدَر رجسٹر کرناونہ یُن ضروٗری۔","conversation"
"The process of registration of a marriage ends with the bride and the groom obtaining a marriage certificate.","کھانٛدرٕچ رجسٹریشن کرنُک طریقہٕ چھُ مہرازٕ تہٕ مہرِنہِ ہُنٛد نکاح نامہٕ وصوٗل سۭتۍ ختٕم گژھان۔","conversation"
"How can I obtain a marriage certificate?","بہٕ کِتھ کٔنۍ ہیکہِ نکاح نامہٕ حٲصِل کٔرِتھ؟","conversation"
"You are required to submit an affidavit requesting the registration of your marriage.","تۄہہِ پیٚے وٕ حلف نامہٕ جمع کرنک ضروٗرت، یَتھ منٛز تُہنٛدِ کھانٛدرٕچ رجسٹریشن ہُند درخاست کرُن چھُ۔","conversation"
"A couple can submit a joint affidavit for their marriage, or they can choose to submit an individual affidavit.","اکھ جوٗرۍ ہیکہِ پننہِ کھاندرٕ باپت اکھ کُنُے حلف نامہٕ جمع کٔرِتھ، یا تِم ہیکَن الگ الگ حلف نامہٕ جمع کرنُک انتخاب کٔرِتھ۔","conversation"
"Is there any difference between the two?","کیٛاہ یِمَن دۄن منٛز چھا کینٛہہ فرق؟","conversation"
"Not significantly as much, but some states mandate a joint affidavit submission.","نَہ زیادٕ نہٕ کینٛہہ، مگر کینژن رِیاستَن منٛز چھُ کُنُے حلف نامہٕ جمع کرنُک حُکم دِوان۔","conversation"
"Okay, what are the steps in filing a joint affidavit for registration of marriage?","ٹھیک چھُ، کھانٛدرٕچ رجسٹریشن باپت کُنُے حلف نامہٕ برنہ مۄکھٕ کیاہ کیاہ چھُ کرُن؟","conversation"
"Marriages can be registered under two acts in India, the Special Marriage Act of 1954 and the Hindu Marriage Act of 1955.","ہنٛدوستانَس منٛز ہیکَو کھانٛدَر دۄیو ایکٹَو تحَت رجسٹر کٔرِتھ، 1954ہُک سپیشل میرج ایکٹ تہٕ 1955 ہُک ہندو میرج ایکٹ۔","conversation"
"The former is applicable to everyone regardless of their faith or religion, and it includes Indian nationals living in foreign countries.","گۄڈٕنیُک چھُ سارنٕے پیٹھ لاگو گژھان تِہنٛدِ عقیدٕ یا مذہب باوجود، تہٕ اَتھ منٛز چھِ بیروٗنی مُلکَن منٛز روزَن وٲلۍ ہندوستٲنۍ شہری تہِ شٲمِل۔","conversation"
"Interfaith marriages are to be registered under that act too.","بین مذہب کھاندر تہِ چھِ تٔتھۍ ایکٹَس تحت رجسٹر یِوان کرنہٕ۔","conversation"
"The latter is an act for two Hindus, extending to Jains, Buddhists and Sikhs.","دویِم ایکٹ چھُ دۄن ہینٛدین ہندِ باپت، یُس جین، بدھ مت تہٕ سکھَن پیٹھ تہِ چھُ لاگو گژھان۔","conversation"
"What steps are to be followed to submit a joint affidavit under the Special Marriage Act?","سپیشل میرج ایکٹَس تحت کُنُے حلف نامہ جمع کرنہٕ باپت کم قدم چھِ تُلنۍ؟","conversation"
"First, a notice of intended marriage has to be filed to the Marriage Registrar of your district.","گۄڈٕ چھُ پننِس ضِلعہٕ کِس میرج رجسٹرارَس کھانٛدرُک نوٹس دِیُن۔","conversation"
"It can only be filed from a place where either parties have resided for a minimum of thirty days.","یہِ ہیکَو صرف تمہ جایہِ پیٹھ بٔرِتھ ییٚتہِ دۄشوٕے فرییٖق آسَن کم از کم تٕرہَن دۄہَن روٗدمٕتۍ۔","conversation"
"This notice is then displayed on the notice board at the Registrar's office allowing any person who objects to the alliance to come forward.","اَمہِ پتہٕ چھُ یہِ نوٹس رجسٹرار سٕنٛدِس دفترَس منٛز نوٹس بورڈَس پیٹھ لاگنہٕ یِوان، ییٚمہِ سۭتۍ کٲنٛسہِ تہِ یِتھِس شخصَس برٛونٛہہ کُن ینُک اجازت چھِ دِوان یس اتھ کھاندرس پیٹھ اعتراض آسہِ۔","conversation"
"If no one objects to the alliance within 30 days, is the marriage solemnised?","اگر 30 دۄہَن انٛدر کٲنٛسہِ تہِ اَتھ مِلِس پیٹھ اعتراض آسہ نہٕ، تیٚلہِ چھُ کھاندر مکمل گژھان؟","conversation"
"Yes, the bride and the groom are called to the office to solemnise their marriage in the presence of 3 witnesses from either side.","اَہَن حض،مہرازَس تہٕ مہرِنہٕ چھِ دۄشوٕنی طرفہٕ 3 گواہَن ہِنٛدِ موجودگی منٛز پننہِ کھانٛدرٕچ تقریب باپت دفتر ناد یِوان دِنہٕ۔","conversation"
"Each of these six witnesses have to sign in the register.","یِمن شیٚنوٕنی گواہَو چھُ پرٛیتھ أکِس رجسٹرَس پیٹھ دستخط کرُن۔","conversation"
"How is the process different for the Hindu Marriage Act?","ہندو میرج ایکٹ باپت کِتھ کٔنۍ چھُ یہِ عمل مختلف؟","conversation"
"The couple has to fill an application form and submit it along with two photographs of their wedding ceremony and an invitation card for the same.","جورِ چھُ اکھ درخاست فارم برُن تہٕ اَتھ سۭتۍ پننہِ کھانٛدرٕکۍ زٕ فوٹو تہٕ کھانٛدرُک روقہٕ برُن۔","conversation"
"Both parties must submit proofs of their identity, age and address.","دۄشوٕنی فریقَن چھِ پنٕنۍ شناخت، وٲنٛس تہٕ پتہ ہُک ثوبوٗت پیش کرُن۔","conversation"
"Separate affidavits declaring that they do not have any living spouses at the time of the marriage must be notarised beforehand and submitted.","الگ الگ حلف نامہٕ یِم یہِ بیان چھِ کران زِ کھانٛدرٕ وِزِ اوس نہٕ یِمَن نِش کانٛہہ زنٛدٕ بٲژ،گۄڈے نوٹریز کٔرتھ جمع کرُن۔","conversation"
"Is there any time duration within which one must have their marriage registered?","کیٛاہ کانٛہہ مُقرر وقت چھا یتھ انٛدر تِہُنٛد کھانٛدر رجسٹر کرُن ضروری چھُ؟","conversation"
"Who can be a witness to the registration of the marriage?","نکاحٕ چہ رجسٹریشن ہُنٛد گواہ کُس ہیکہِ ٲسِتھ؟","conversation"
"Under the Hindu Marriage Act, you need to register your marriage within one month of the wedding ceremony.","ہندو میرج ایکٹَس تحت پیٚیو تۄہہِ کھانٛدرٕ پتہٕ ریتَس انٛدر انٛدر پنُن کھانٛدر رجسٹر کرُن۔","conversation"
"Both the bride and the groom sign the registers in the presence of three witnesses.","مہراز تہٕ مہرِنۍ دۄشوٕنی چھِ ترٛین گواہَن ہنزِ موجودگی منٛز رجسٹرَس پیٹھ دستخط کران۔","conversation"
"Parents or guardians of each party should be present during the registration.","رجسٹریشن دوران گٔژھ دۄشوٕنی پارٹیَن ہِنٛدۍ مٲلۍ ماجہِ یا سرپرست موجود آسٕنۍ۔","conversation"
"Which documents will be required for the affidavit?","اَمہِ حلف نامہٕ باپت کم ڈاکیمنٹ چھِ ضرورت؟","conversation"
"The application form, ID proof, proof of address, proof of birth date, two passport photos of the bride and the groom are compulsorily needed.","درخاست فارم، شنٲختی ثبوٗت، پتہ ہُک ثبوٗت، تٲریخ پیدٲیِش ہُنٛد ثبوٗت، مہرازٕ تہٕ مہرِنہِ ہِنٛدِ پاسپورٹ سایزٕکۍ زٕ فوٹو چھِ لٲزمی۔","conversation"
"In case of a divorcee or a widow/widower, the divorce decree or the death certificate of the previous spouse is required.","طلاق شُدٕ یا مۄنٛڈ/مۄنٛڈ صوٗرتَس منٛز چھُ طلاقُک حکم نامہٕ یا سٲبقہ ​​بٲژ سٕنٛز ڈیتھ سرٹیفکیٹ ضرورت۔","conversation"
"Hello, this is my first time applying for an e-visa.","مےٚ چھُ گۄڈٕنِچہِ لَٹہِ ای ویزا باپت اپلاے کرُن۔","conversation"
"I was hoping you could tell me what documents I need to apply.","بہ چھس زانن یژھان زِ تُہۍ ونِو مےٚ کم ڈاکمینٹ چھِ ضرررت ایپلاے کرنہٕ باپت۔","conversation"
"Of course, I am glad you called me.","کیٛازٕ نہٕ، بہٕ چھُس خوش زِ تۄہہِ وونُوٕ مےٚ۔","conversation"
"May I ask which country you need a visa for?","بہٕ ہیکا پرٛیژھِتھ زِ تۄہہِ کَمہِ مُلکہٕ باپت چھُ ویٖزا ضرورت؟","conversation"
"I need a tourist visa for India.","مےٚ گژھِ ہندوستان باپت ٹوٗریسٹ ویٖزا۔","conversation"
"I'll be visiting for a week.","مےٚ چھُ اکہ ہفتہ باپت گژھُن۔","conversation"
"Ok, the most important document you need is a passport.","ٹھیٖک چھُ، ساروٕے کھۄتہٕ اَہم ڈاکمینٹ یُس تۄہہِ ضروٗرت چھُ سُہ چھُ پاسپورٹ۔","conversation"
"You need to ensure that the passport is valid for at least six months on the expected date of arrival in India.","تۄہہِ چھُو وُچھُن زِ پاسپورٹ چھا ہندوستان واتنہٕ کِس تٲریخَس تام کم از کم شین ہفتَن کیُت ویلڈ۔","conversation"
"We get a lot of cases that are rejected just for this reason.","اَسہِ چھِ واریٛاہ یِتھۍ کیس یِوان، یِم اَمی اَکہِ وجہ کِنۍ رَد چھِ گژھان۔","conversation"
"Yes, I already checked my passport validity, and it complies with what you just said.","آ، مےٚ کٔر گۄڈَے پنٕنۍ پاسپورٹ ویلڈٹی چیک، تہٕ یہِ چھِ تُہنٛدِس وننَہ مطٲبِق۔","conversation"
"Is there anything else I need?","بیٚیہ چھا کینٛہہ مےٚ ضرورت؟","conversation"
"Ok, that's good then.","ٹھیٖک چھُ، تیٚلہِ چھُ اصل۔","conversation"
"The next thing you need is a valid email ID.","بیٛاکھ چیٖز یُس تۄہہِ ضروٗرت چھُو سُہ چھُ ویلڈ ای میل آیی ڈی۔","conversation"
"Please be careful about this too, as when an Indian visa has been processed and approved, it will be sent directly to the email address given on the application.","مہربٲنی کٔرِتھ تھٲیزیو امیُک تہِ دیان، تِکیٛازِ ییٚلہِ ہندوستٲنۍ ویٖزاہَس پیٹھ کاروٲیی تہٕ منظوٗری گژھِ، تیٚلہِ یِیہِ یہِ سیودُۍ درخاستَس پیٹھ دِتۍمتِس ای میل ایڈریسَس پیٹھ سوزنہٕ۔","conversation"
"Is it okay if I use an official ID and not a personal one?","یہِ چھُ ٹھیک ۔اگر بہٕ آفیشل آیی ڈی استعمال کرٕ تہٕ ذٲتی نہٕ کینٛہہ؟","conversation"
"I don't check the mails on my personal ID very often.","بہٕ چھَس نہٕ اکثر پننِس ذٲتی آیی ڈی یَس پیٹھ میل چیٚک کران۔","conversation"
"That does not matter.","تَمہِ سۭتۍ پیٚیہِ نہٕ کانٛہہ فرق۔","conversation"
"The e-mail address needs to be active, that's all.","ای میل ایڈرَس گژھِ ایکٹو آسُن بَس۔","conversation"
"Are these the only things that I require?","کیٛاہ یِمٔۍ چیٖز چھےٚ یِم مےٚ ضروٗرت چھِ؟","conversation"
"There are also e-visa India evidence requirements that are needed to obtain the authorization to travel to India.","ای ویٖزا انڈیا ثبوٗتَن ہُند ضروٗرت تہِ چھِ، یِم ہندوستان گژھنک اجازت حٲصل کرنہٕ باپت ضرورت چھِ پیوان۔","conversation"
"Applicants are required to submit a scanned color copy of the first page or the biographical page of their valid passport.","ایپلکینٹَن چھِ پننین صحیح پاسپورٹ کِس گۄڈنکِس صفحس یا ذٲتی صفحُک سکین کلر کاپی جمع کرنک ضرورت پیوان۔","conversation"
"Each applicant must also submit a recent passport-style, color photo","پرٛیتھ أکِس ایپلکینٹَس چھُ حالٕے پاسپورٹ سٹایِل، رنگین فوٹو تہِ جمع کرُن۔","conversation"
"That is quite a lot of specifications.","یِم چھِ واریٛاہ چیز۔","conversation"
"I'll note it down so I don't forget.","بہٕ لیکھہٕ یِم تاکہ مےٚ گژھَن نہٕ مشِتھ۔","conversation"
"That's a good idea.","یہِ چھُ جان۔","conversation"
"You also need a debit or credit card.","تۄہہِ پیٚیو ڈیبٹ یا کریڈٹ کاردُک تہِ ضرورت۔","conversation"
"Ok, I have one in my possession.","ٹھیٖک چھُ، مےٚ چھُ اکھ۔","conversation"
"Is it okay if I call again in case I have other doubts?","اگر مےٚ کینٛہہ آسہِ پرٛیژھُن، بہٕ ہیکہ بیٚیہِ فون کٔرِتھ؟","conversation"
"Of course, feel free to contact us in case of any queries.","کیٛازِ نہٕ، تُہۍ ہیٚکِو اَسہِ سۭتۍکُنہِ تہِ سوال باپت رابطہٕ کٔرِتھ۔","conversation"
"I have to take a Foreign language from this year.","مےٚ چھِ یمہِ ؤرۍ یہِ پیٹھ فاریِن زبان ہیٚچھٕنۍ۔","conversation"
"I'm not sure which one to take.","مےٚ چھُنہٕ سہی کوٚسہ اکھ۔","conversation"
"There are too many options.","اتہ چھِ واریٛاہ آپشن","conversation"
"Frankly, I am confused.","پٔز پٲٹھۍ بہٕ چھُس دُلہٕ مُلَس منٛز۔","conversation"
"Which language do you think I should take?","ژےٚ کیٛا باسان مےٚ کوٚس زبان پَزِ ہیٚچھٕنۍ۔","conversation"
"I would suggest picking one that you like.","میون مَشوَرٕ چھُ ز ژٕ ہیٚچھ سوٚ زَبان یوٚس ژےٚ خۄش گژھی۔","conversation"
"That way, you will have an interest in learning it.","یتھ کٔنۍ روزی ژےٚ یہ ہیٚچھنَس مَنٛز دِلچَسپی۔","conversation"
"Also, you won't feel like feeling forced learning it.","بییٚہِ باسی نہٕ ژےٚ پَنُن پان یہِ ہیٚچھنہٕ باپت مجبوٗر۔","conversation"
"That is the problem.","یۄہے چھُ مسلہٕ۔","conversation"
"I think I like every language.","مےٚ چھُ باسان مےٚ چھِ سارے زبانہٕ پسنٛد۔","conversation"
"If I had an option, I would have taken them all.","اگر مےٚ آپشن آسِہا، بہٕ ہیٚچھہا سارے۔","conversation"
"For next year, I can only take one.","بییٚہِ ورۍ یہِ خٲطرٕ ہیٚکہٕ بہٕ صرف اکھ رٔٹِتھ۔","conversation"
"Then I would suggest taking a language most beneficial for you.","تیٚلہِ چھُی میون مشورٕ زِ ژٕ ہیٚچھ سۄ زَبان یۄسہٕ چانہِ خٲطرٕ ساروے کھۄتہٕ فٲیدٕ منٛد چھِ۔","conversation"
"One that will be of help in the future.","سۄ اکھ یوٚس ژےٚ برٛونٛہہ کُن بَکار لگی۔","conversation"
"Have you decided what you want to be in the future?","ژےٚ چھُ تھا فٲصلہٕ کوٚرمُت ژےٚ کیٛا چھُی مُستَقبٕلَس مَنٛز بَنُن۔","conversation"
"I haven't decided anything of that sort.","مےٚ چھُنہٕ امہِ قٕسٕمُک کینٛہہ تہِ فٲصلہٕ کوٚرمُت۔","conversation"
"Can you tell me which language is beneficial for which fields?","کیٚا ژٕ ہیٚکہ کھا مےٚ ؤنِتھ زِ کۄس زَبان کمَن شُعبن ہندِ باپت چھےٚ فٲیدٕ منٛد۔","conversation"
"It will be really helpful for me to choose later.","امہِ سۭتۍ میلہِ مےٚ برونٛہہ کُن ژارنس مَنٛز مدد۔","conversation"
"If you want to take up literature, French would be the best for that.","اگر ژٕ لیٚٹریچر چھُکھ یژھان پَرُن، تمہِ خٲطرٕ چھُ فریٚنچ ساروی کھۄتہٕ جان۔","conversation"
"There are lots of literature works that you can read.","واریٛاہ لٹریچر کامہِ چھِ یِم ژٕ پٔرِتھ ہیٚککھ۔","conversation"
"If you want to step into entertainment field, Korean is gonna help.","اگر ژٕ تفریحی شعبَس مَنٛز چھُکھ یژھان گژھُن، تیٚلہِ کَرِ ی کورِیَن مدد۔","conversation"
"K-pop and K-dramas are gaining a lot of popularity these days.","کے-پاپ تہٕ کے-ڈراما چھِ از کل سیٹھاہ مشہوٗر۔","conversation"
"Spanish would be really useful for tourism.","سپینوی چھِ پٔزۍ پٲٹھۍ ٹورِزم باپت مدد گار۔","conversation"
"These all sound wonderful.","یِم چھِ سٲری حٲران کُن باسان۔","conversation"
"I think I would be taking science for my further studies.","مےٚ چھُ باسان بہٕ پرٕ برونٛہہ کُن سائنس۔","conversation"
"Which all languages are best for scientific studies?","کم زَبانہٕ چھِ سائنس پرنہٕ باپت ساروے کھۄتہٕ جان۔","conversation"
"German would be the best language for you.","جرمَن زَبان چھِ چانہِ باپت ساروے کھۄتہٕ جان۔","conversation"
"As most of the early scientific documents were written in German, it will be really helpful.","تِکیٛازِ زیٛادٕ تر شُروٗع وٲتی سائنسی دستاویز ٲسۍ جرمنَس مَنٛز لیٚکھنہٕ آمٕتۍ، یہِ روزِ پٔز پٲٹھۍ مدد گار۔","conversation"
"Moreover, there are a lot of further studies opportunities in Germany.","اَمِہ علاوٕ، جرمنِیَس مَنٛز چھِ مزید پرنٕکۍ واریٛاہ موقعہٕ۔","conversation"
"But, if you want to go into technologies, I think it would be better to take up Chinese.","مگر، اگر ژٕ ٹیکنالوجی مَنٛز چھُکھ یژھان گژھُن، میانہِ حسابہٕ چھِ چینی زَبان ہیٚچھٕنۍ بہتر۔","conversation"
"You will need it to catch up with the pace they are inventing technologies.","یتھ رفتارَس مَنٛز تِم ٹیکنالوجی چھِ ایجاد کران، ژےٚ پییی میُک ضرورت۔","conversation"
"I am sure this will be helpful for me to choose in the future.","مےٚ چھُ یقین زِ یہِ گژھہِ میانہِ باپت مستقبلَس مَنٛز ژارنس منز مدد گار ثٲبِت۔","conversation"
"Good morning to all my dear students.","میٛانٮ۪ن سارِنٕیہ ٹاٹھٮ۪ن شُرٮ۪ن چھےٚ میٛٲنۍ سلام۔","conversation"
"Hope you all are doing fine.","مےٚ چھےٚ وۄمید توہہِ ٲسِو وارٕ پٲٹھہِ ۔","conversation"
"Do you remember how we started talking about rivers in our last class?","تۄہہِ چھُوٕ یاد اسہِ کِتھ پٲٹھہ كٕر پتِمِس سبق پرنس منز درِیاون پیٹھ كتھ شروع ؟","conversation"
"Can you tell me what you know about some of the well known rivers of our country, with some unique features?","تُوہہِ ہیٚکِوٕ مےٚ ؤنِتھ تۄہہِ کیٛاہ چھوٕ سانہِ مُلکہٕ کٮ۪ن كین٘ہہ خصوٗصیات تھون والین مہشوٗر درِیاون متعلق پتاہ ؟","conversation"
"Good Morning, miss Lea!","صٖبحچہِ سلام مِس لیا!","conversation"
"I remember a few rivers from the last class.","مےٚ چھِ پٔتمہِ سبق پرنٕ منٛزٕ کٮ۪نٛہہ درِیاو یاد۔","conversation"
"We started with the river Ganga, also called Ganges, which is the longest river of India, it has a lot of religious significance, but at the same time, it is also one of the highly polluted rivers.","اسہِ کوٚر گنٛگا دٔریاو پیٹھہ شروٗع یتھ گینجز تہٕ ونان چھِ ، یُس ہندوستانُک سارِوٕیہ کھۄتہٕ زیوٗٹھ دٔریاب چھُ ، اتھ چھےٚ واریاہ مذہبی اہمیت، مگر سٕتی چھٗ یہِ سیٹھاہ اولوٗدٕ دٔریاوو منٛزٕ اکھ ۔","conversation"
"It originates from Gangotri in Himachal Pradesh, and has a length of around 2525 km, flowing through more than 15 major Indian cities.","یہِ چھُ ہِماچل پردیشس منٛز گنٛگوتری پیٹھہٕ نیران تہٕ اتھ چھُ لگ بگ 2525 کِلو میٖٹر زیچھر ،تہٕ چھُ ہِندوستان کٮ۪و پنٛدہو کھۄتہٕ زیٛادٕ اہم شہرو مٔنزِ وسان۔","conversation"
"And yes, it has also created the largest Deltas in the world: the Sundarbans in West Bengal.","آ، أمہِ چھِ دُنیاہٕکہِ سارِوٕیہ کھۄتہٕ بٔڑِ ڈٮ۪لٹا دریاوٕ لنجن دو٘ن درمِیان زمینہِ ژكل بنٲوِمٕتہِ : مغربی بنگالس منز سُنٛدربن ۔","conversation"
"You remember about Indus?","تۄہہِ چھُوٕٕ سِیندِ مٗتعلق یاد ؟","conversation"
"This river gave rise to the largest ancient human civilisations, Indus valley civilisation and holds a great historical value.","أمۍ دٔریابن پھان٘پھلوو سارِوٕیہ بوڈ قدیم انسٲنی تہزیب ، وادِے سِدھٗك تہزیب تہٕ اتھ چھٗ سیٹھاہ توٲریخی مو٘ل ۔","conversation"
"Yes, you said it is also called the Sindhu.","آ، تۄہہ ووٚنٗوٕ اتھ چھِ سندھوٗ تہِ ونان۔","conversation"
"It flows through China, Pakistan, as well as India.","یہِ چھُ چیٖن، پٲکِستان تہِ ہندوستان مٔنٛزِ تہِ وسان۔","conversation"
"India has only five per cent share of it, yet it is one of the most important rivers in terms of civilization, as well as economy.","ہندوستانس منز چھُ امہِ دٔریابُک پانٛژ فیٖصد حصیہٕ، توتہِ چھُ یہِ تٔہذیٖب تہٕ اقتصٲدی طور تہِ سیٹھاہ اہم دٔریاوو منٛزٕ اکھ ۔","conversation"
"Ma'am, you also mentioned something about the relevance of the words India and Indus; could you please repeat that part?","محترمہ ، تۄہہِ کوٚروٕ انڈس تہٕ اِنڈیا لفظن مٗتعلق تہِ ذِكر ہُنٛد ذِکِر تہِ؛ تُہۍ ہیٚکِوٕ سہُ حصہٕ بیٚیہِ اکہِ پھِرِ ؤنِتھ؟","conversation"
"The Indus Waterway going through northwest India into Pakistan got its name from the Sanskrit expression Sindhu.","انڈس واٹروے یُس شُمال مغرِبی ہندوستان کِنہِ پٲکِستانس منٛز اژان چھٗ تتھ چھُ سنسکرٛت لفظ سِنٛدھوہس پٮ۪ٹھٕ ناو پیوٚمُت۔","conversation"
"The Persians assigned the land around the Indus Waterway as Hindu, an error of the Sanskrit Sindhu and hence the name India is derived from Indus.","فارس كیو تھوٚو انڈس واٹر وے ہس أنٛدِ پٔکہِ زٔمیٖنس ہِنٛدوٗ ناو، یُس سنسکرٛت لفظ سِنٛدھو ہٕٗك تصرٗف اوس، تہٕ یتھہٕ کٔنہِ چھُ ہندوستانس سنٛدھہِ پٮ۪ٹھٕ ناو پیومٗت ۔","conversation"
"Oh, right, you did teach us all this, thank you.","او، اچھا، تۄہہِ پرنٲیوٕ ٲسہِ یہِ سورُیہ ، شُکریہ۔","conversation"
"Do you remember about the facts we were discussing about the largest river of India, Brahmaputra sometime back?","تۄہہِ چھوٕ تِم کتھٕ یاد یم اسہِ ہندوستان کِس سارِوٕیہ کھۄتہٕ زیٖٹھِس دٔریاوس ، برھم پٗترس مٗتعلق کٮ۪نٛہہ کال برٛونٛ٘ہہ كٕرِ؟","conversation"
"From where it originates and how it is having a different name there?","یہِ کتہِ پٹھٕ چھُ نیران تہٕ اتھ كِتھہٕ كٕنہِ تتہِ مٗختلِف ناو ؟","conversation"
"It originates from Angsi Glacier near Mount Kailash, and it is also called Yarlung Tsangpo.","یہِ چھُ کیلاش كوہس نكھہٕ انٛگسیگلیشِیر پیٹھہٕ نیران تہٕ اتھ چھِ یارلنٛگ ژانٛگپو تہِ ونان۔","conversation"
"It's delta is home to 130 million people and 6, 00, 000 people living on the riverine islands.","امیُوک دٗشاخ چھٗ 1300 لیچھ لٗكن ہٗند مشكن تہٕ 6,00,000 لوٗكھ امہِ كین درِیٲیی جزیرن پیٹھ روزان ۔","conversation"
"But ma'am, how can both Ganga and Brahmaputra be the largest Indian rivers?","مگر محترمہ ، دۄنؤے گنگا تہٕ برٛھم پتٗر کِتھہٕ کٔنہِ ہٮ۪کن سارِوٕیہ کھۄتہٕ بٔڑِ ہندوستٲنہِ دٔریاو ٲسِتھ؟","conversation"
"Brahmaputra is clearly longer than Ganga.","برٛہم پٗتر چھُ واضع پٲٹھہِ گنٛگایہ کھۄتہٕ زیوُٹھ ۔","conversation"
"Ganga is longest whereas Brahmaputra is the largest in terms of it's waterflow.","آبکہِ بہاوٕ حِسابہٕ چھٗ گنٛگا سارِوی کھۄتہٕ زیوٗٹھ تہٕ برٛہم پتر ساروۍ کھۄتہٕ بوٚڈ دٔریاو۔","conversation"
"Godavari is the second longest after Ganga, and the longest river in Southern India also known as 'Dakshina Ganga'.","گنٛگایہ پتہٕ چھُ گوداوری دوٚیم ساروۍ کھۄتہٕ زیوٗٹھ دٔریاو تہٕ جنوٗبی ہندوستانس منٛز ساروۍ زیوٗٹھ یتھ “دکشِن گنٛگا“ تہِ ونان چھِ ۔","conversation"
"The river has been revered in Hindu scriptures for many millennia and continues to harbour and nourish a rich cultural heritage.","امہِ دٔریاو كہِ مٗقدسِیت چھِ ہیندِ مزہبی كِتابن منز وارِیاہو صدِیو پیٹھہٕ ہاونہٕ آمٕژ تہٕ یہِ چھٗ اكھ بہترین شقافتی وراشت للناوان تہٕ رچھان ۔","conversation"
"And the Krishna- Godavari Basin is one of the main nesting sites of the endangered Olive Ridley Turtles.","تہٕ کرٛشنا گوداوری بیسن چھےٚ خطرس منز پیمتین اولِو رِڈلی کٔچھون ہنز روزن جایہ ۔","conversation"
"Indeed it is.","پٔزۍ پٲٹھہِ چھے٘۔","conversation"
"I am really impressed to see that you have a good idea of rivers in details.","بہٕ گٔیس یہِ زٲنِتھ واریاہ مُتٲصِر زِ تۄہہِ چھوٕ ییٚتہِ کٮ۪ن دٔریابن متعلق تفصیٖلہٕ سان پے۔","conversation"
"Thank you, ma'am, you taught us most of it in the previous class.","شُکریہ محترمہٕ ، تۄہہِ ہیچھنٲوِوٕ ٲسہِ پتِمِس كلاسس منز وارِیاہ ۔","conversation"
"And we'll learn more in the next one.","تہٕ بییِس منز ہیچھو٘ اسہِ مزید ۔","conversation"
"It's time! See you all tomorrow, kids!","چلو ! شُرٮ۪و، پگاہ سمکھو،!","conversation"
"Hello, you seem worried, what's going on?","اسلام علیکم، ژٕ چھُکھ پریشان باسان ، کیٛاہ دٔلیٖل ؟","conversation"
"Yeah, I have been watching updates on the Odisha cyclone for hours.","آ، مےٚ ووت گٲنٹہٕ وادن اوڈیشہٕ كِہِ طوفانچہِ خبرٕ وٗچھان ۔","conversation"
"It's the second day of the cyclone, and the whole city is in a mess.","یہِ چھُ طوفانٗك دوٚیِم دۄہ تہٕ سوچرٗیہ شہرچھٗ تتِر بِتر گومٗت ۔","conversation"
"It is difficult to go outside even for basic amenties.","بٗنیٲدی ضروُوِیت زِندگی باپت نیبر نیرٗن تام چھٗ مٗشكِل ۔","conversation"
"Thankfully our locality is still having electricity till now, most of the areas are out of electricity.","شُکُر زِ سٲنِس محلس چھےٚ وٕنیوٗك تام بجلی، زیٛادٕ تر علاقن چھنہٕ بِجلی ہٕیہ ۔","conversation"
"I am so sorry to hear that, I hope your family and you are safe.","مےٚ چھٗ امہِ باپت افسوُس ، وومید چھم تٗہٗند كٗمبہٕ تہٕ توہہِ چھِو محفوُظ ۔","conversation"
"Do you have any idea on how long it might go on for?","توہہِ چھا كان٘ہہ اندازٕ کہِ یہِ کۭٲتِس کالس روزِ چلان ؟","conversation"
"According to the predicted weather forecast and the latest one, it will be on for 3 days approximately.","موسمٕچہِ گوڈٕیہ كرنہٕ آمٕژِ تہٕ تازٕ پیشنگوُیی مُطٲبِق ، روزِ یہِ الہٕ پلہٕ ترٛٮ۪ن دۄہن ۔","conversation"
"But I am more worried about the consequences though.","مگر مےٚ چھِ توتہِ امکہِ نٔتیٖجچہِ فِكر ۔","conversation"
"The last cyclone happened in the year 2020, went on for 2 days and it took almost 15 days in some of the areas to get the electricity back.","پٔتِم طوٗفان آو ؤری2020ہس منٛز ، یہ روٗد دۄن دۄہن تہٕ پتہٕ روٗز کٮ۪نٛہن علاقن منٛز بجلی بحال كرنس لگ بھگ پنٛداہ دوہ ۔","conversation"
"Odisha is very prone to this kind of damages whenever some or the other natural disaster took place.","اُڈیٖشہ ہس چھِ یتھۍ نۄقصان گژھان روزان ییٚلہِ امہِ قٕسمٕچہِ قودرتی آفت یوان چھے٘۔","conversation"
"You did come to Odisha in the year 2020, were you present during the cyclone?","ژٕ اوسُکھ ؤری 2020ہس منٛز اُڈیٖشہ آمُت، ژٕ اوسکھٕہ طوفانس منٛز ییٚتی؟","conversation"
"No, thankfully I had left just a week before the cyclone.","نہٕ، شٗكھٗر زِ بہٕ اوسُس طوفانہٕ اکھ ہفتہٕ برٛونٛٹھٕے درٛامُت۔","conversation"
"I wonder what it's like for the people living there, it's such a vulnerable thing!","بہٕ چھُس سونٛچان تتہِ بسن والین لوٗکن خٲطرٕ کیُوتھ آسہِ یہِ ، یہِ چھُ اکھ مجروح كرن وول چیز۔","conversation"
"Especially the masses near the coasts.","خاص کرِتھ سوٚدرٕ بٹھٮ۪ن نكھہٕ لٗكن باپت ۔","conversation"
"Does the government help these people rebuild their homes and livelihood?","سرکار چھا یمن لٗکن پتہٕ گھرٕ بناونس تہٕ روزگار فراہم کرنس منٛز مدتھ کران؟","conversation"
"It must be terrible losing years of effort within a day or two.","ؤریہہ وادن ہٕنٛز محنت دۄہس یا دو٘ن دوہن منز راوٗن گژھِ خوفناك آسٗن ۔","conversation"
"Government does help as much as possible, especially in the rural areas, where people are mostly left on their own.","سرکار چھُ تیوٗت مدتھ کران یوُت مُمکن چھُ، خاصکرِتھ گٲمی علاقن منز ،ییتہِ لوٗكھ زیادٕتر بے٘ كس چھِ آسان۔","conversation"
"Last time workers were brought from different states so that the work could be fastracked.","پٔتمہِ پھِرِ أنِکھ الگ الگ ریاستو پٮ۪ٹھٕہ كامگر یُتھ زن کٲم ؤلہِ ؤلہِ انٛدِہے ۔","conversation"
"Even the municipal corporation people also worked round the clock so that they can get the electricity back on time as there were kids and senior citizens present who were facing a lot of difficulties.","مُینسپُل كارپوریشِنہِ ہندِیو مٗلٲذِمو٘ تام كٕر دوہس راتس كٲم تاكہِ وقتس پیٹھ سپدِ بِجلی بحال تہِ كیازِ اتہِ ٲسہِ لوكٕٹہِ شٗرِ تہٕ بٗزرگ یِمن وارِیاہ مٗشكِلات دررپیش ٲسہِ ۔","conversation"
"Odisha is one the places, faces extreme weather conditions during these times.","اُڈیٖسہ چھےٚ سو اكھ جایہ ،ییتہِ یمن وقتن منز شدید موسمی حالاتن ہٗند مٗقابلہٕ كرٗن پیوان چھٗ ۔","conversation"
"It's good to know that citizens get timely aid.","یہِ زانٗن چھٗ جان زِ لوٗکن چھُ وقتس پٮ۪ٹھ راحت فراہم كرنہٕ یوان ۔","conversation"
"Still unfortunate to see how dreadful things get because of such extreme weather conditions.","توتہِ یہِ وٗچھٗن چھٗ بد قٕسمٔتی زِ کٔشیٖدٕ موسمی حالاتو سۭتہِ کٲتیٛاہ خوفناك چیز چھِ سپدان ۔","conversation"
"How long have you been living there?","ژےٚ کوتاہ کال ووتُویہ تتہِ بسان؟","conversation"
"Has the nature of climate ever motivated you to leave the state?","كیا ژے٘ دِژنٕیہ موسٕمكہِ قٕسمن زان٘ہہ رِیاست تر٘اونٕچہِ ترغیب ؟","conversation"
"It's been 5 years now that I have been living here.","وونہِ گیہ مے٘ پان٘ژھ وریہہ ییتہِ روزان ۔","conversation"
"The weather is fine, though the summers are quite hot and humid, but the other factors are fine so it never occured to me to leave the place.","موسم چھُ ٹھیٖکھٕ ، حالانٛکہِ رٮ۪تہِ کول چھُ گرم تہٕ نم آسان مگر باقٕے چیٖز چھِ ٹھیٖک روزان تہٕ امہِ کِنہِ پییو٘ نہٕ مےٚ زانٛہہ یہِ جایہ ترٲوِتھ ژلُن۔","conversation"
"The monsoons seem to be a bit difficult but it has become manageable over the years now.","واہرات چھےٚ رژھاہ سخٕے آسان، مگر ییٖتین ورین دوران چھٗ یہِ نِبھاوٗن لایكھ بنیومٗت ۔","conversation"
"I see, that does sound manageable; I just hope things get better soon.","اچھا، یہ، گوٚو تیٚلہِ چھُ ٹھیٖکھٕے؛ بہٕ چھٗس بس وومید كران زِ سورٗیہ گژھِ جلدٕیہ ٹھیكھ ۔","conversation"
"I am sorry, I have to leave, could you maybe give a quick update on the cyclone?","مےٚ گژھِ مٲفی دِنہِ ، مےٚ چھُ نیرُن، شٕ ہیككھا طوفانس مٗتعلق دستی تازٕ صورت حال فراہم كرِتھ ؟","conversation"
"How things currently are and how are people coping with it right now.","وٕنہِ كینس كِتھھِ حالات چھِ تہٕ لٗكھ كِتھہٕ كٕنہِ چھِ امیوٗك مٗقابلہٕ كران ۔","conversation"
"There are a lot of organisations here which are catering help to the people, in terms of groceries, medical facilties and medicines and all the necessary items as and when it is needed.","ییٚتہِ چھےٚ واریاہ تنظیٖمہٕ یمہٕ ییمہِ وِزِ تہِ ضروُرت پییہ کھٮ۪نہٕ چٮ۪نہٕ سامانہٕ، طبی سہوُلِیات ، ادوٲیات تہٕ ضروُری چیٖزو رٔنٛگہِ لوکن مدتھ فراہم چھےٚ کران ۔","conversation"
"In most the areas even teams are formed which can work in providing any kind of help if need be.","زیٛادٕ تر علاقن منٛز چھےٚ جمٲژٕ تہِ بناونہٕ آمژٕ یم لوٗکن كان٘ہہ تہِ ضروُرتٗك مدتھ فراہم کرنہٕ باپت كٲم كرِتھ یہكن ۔","conversation"
"Well there is not much we can do as well, apart from having patience and helping each other.","آ، أسۍ ہٮ۪کو نہٕ صبرس کٲم ہٮ۪نہٕ تہٕ اكھ اكِس مدتھ كرنہٕ علاوٕ زیادٕ كین٘ہہ تہِ كرِتھ ۔","conversation"
"Yes, that's right!","آ، بِلکُل صحیٖح!","conversation"
"You all please take care of yourselves and each other.","مہربٲنی كرِتھ سٲری تھٲوِو پانٗن تہٕ اكھ اكہِ سٗند خیال ۔","conversation"
"I hope this gets well soon; do let me know if there's anything we can do from here.","مےٚ چھےٚ وۄمید سورُے گژھِ جلدٕیہ ٹھیٖک؛ مےٚ ؤنزٮ۪وٕ اگر ٲسہِ ییتہِ پٮ۪ٹھٕ کٮ۪نٛہہ کٔرِتھ ہیكو٘ ۔","conversation"
"Sure I will definitely let you know.","ضروٗر، بہٕ ونووٕ تیٚلہِ ضروُر ۔","conversation"
"Finally, the unlock has started.","أخر کار گوٚو انلاک شروع۔","conversation"
"No more heavy restrictions.","مزید چھنہٕ کانٛہہ تہِ سخت بندِش۔","conversation"
"I would have turned into a lunatic, if I were to stay one more week indoors.","اگر بہٕ بییٚہِ أکِس ہفتس گھرس اندر روزہا ، بہٕ گژھٕا پاگل ۔","conversation"
"Who said you aren't one?","کٔمۍ وون ژٕ چھُکھ نہٕ ؟","conversation"
"Jokes apart, the initiation of unlock doesn't mean you can do anything you want.","مزاق تر٘او ، انلاکُک مطلب چھُنہٕ ژٕ ہیٚککھ کینٛہہ تہِ کٔرِتھ یہِ ژٕ یژھکھ۔","conversation"
"The night curfews will still be on.","راتس روزِ وُنہِ تہِ کرفیو۔","conversation"
"The mask mandate and social distancing norms will still be applicable.","ماسک لاگٕنہِ تہٕ سمٲجی دوٗری ہندِ اوٚصوٗل چھِ وُنہِ تہِ نٲفِظ ۔","conversation"
"And most importantly, taking the vaccine should be our immediate concern.","تہٕ ساروٕی کھۄتہٕ ضروری، ویکسیٖن کرٕنہِ گژھہِ سٲنہِ دستی فِكِر آسٕنہِ ۔","conversation"
"Oh, is it mandatory to get vaccinated?","اوہ، ویکسیٖن کرٕنہِ چھا لٲزِمی؟","conversation"
"Doesn't a person become immune once he or she has been affected by Covid previously?","یٛا اکھ انسان چھٗنا محفوُظ سپدان اگر تٔمِس برونٛہہ اكہِ پھِرِ کوویڑ آسہِ گوٚومُت؟","conversation"
"Oh god! Where do you get all these wrong notions from?","ہاے خۄدایہ ، ژےٚ کتہِ چھِی یِم غلط خیال یِوان؟","conversation"
"No, one doesn't become immune to Covid once they have been affected in the past.","نہ، فرد چھُنہٕ پتھ كالہِ گووِڈس نِش محفوُظ روزان ییلہِ تٔمِس برونٛہہ امیوٗك اشر آسہِ گوٚومُت۔","conversation"
"Infact there is no relation between the two.","حقیقتن یِمَن دۄن درمیان چھُنہٕ کانٛہہ رِشتہٕ ۔","conversation"
"And most importantly, the vaccination is absolutely compulsory.","تہٕ سارِوٕیہ کھۄتہٕ اَہَم کتھ، ویکسِنیشن چھِ پوٗرٕپٲٹھہِ ضروٗری۔","conversation"
"Everyone has to take either of the two verified vaccines namely Covishield and Covaxin.","پریٹھ كٲن٘سہِ چھٗ کووِشیلڑ تہٕ کوویکسِن ناوٕکِیو٘ دۄیَو تسدیق شٗدٕ ویکسیٖنَو مَنٛزٕ اکھ کَرُن۔","conversation"
"So you mean to say I need to go and take the vaccine first and then think of the things I would like to do during the unlock.","تیٚلہِ چھا چیٚون مطلب زِ مےٚ پَزِ گژھُن تہٕ گۄڈٕنیتھ ویکسین كرناوٗن تہٕ پتہٕ تِمَن چیٖزَن متعلق سون٘چٗن یِم بہٕ انٛلاکَس دوران کرٕنہِ چھُس یژھان۔","conversation"
"Not one, but two doses of the same vaccine.","اکوے نہٕ، بلکہِ اکے ویکسیٖنٕکہِ زٕ خو٘راق ۔","conversation"
"You will be asked to show your vaccine certificates before entering a mall or travelling by trains or flights.","ژےٚ پیی کُنہِ مالَس مَنٛز اژنہٕ یا ٹرین یا ہوایی جہازس مَنٛز سفر کرنہٕ برونٛہہ پنٕنہِ ویکسیٖن سرٹیفکیٹ ہاوٕنہٕ باپت وننہٕ ۔","conversation"
"Really? They do? How can I be so unware of this.","پٔزِ پٲٹھہِ ہا ؟ تِم چھا منگان ؟ بہٕ کِتھہٕ کٔنہِ ہیٚکہٕ امہِ نِش یوُتاہ بےٚ خبر أسِتھ ۔","conversation"
"Infact I was planning a vacation with my family this summer.","درحقیقت ، اوسُس بہٕ ییمہِ رٮ۪تہٕ کٲلِہِ پننِس عیالَس سۭتہِ چھُٹی ہُنٛد منصوٗبہٕ بناوان۔","conversation"
"For that, everyone of you will have to be vaccinated with atleast the first dose of COVID-19 vaccination.","تمہِ خٲطرٕ، پییہ تۄہہِ مَنٛز پرٮ۪تھ کٲنٛسہِ کووِڈ-19 ویکسِنیشنُک کم از کم گۄڈٕنیُک ڈوز کٔرٗن ۔","conversation"
"They will ask you for your vaccination certificates, at the entrances.","تِم منٛگن تۄہہِ گیٹس پٮ۪ٹھ تہنٛز ویکسنیشن سرٹیفکیٹ ۔","conversation"
"Please be careful about the news updates.","مہربٲنی کٔرِتھ روزِو تازٕ خبرن باپت حیسس ۔","conversation"
"Yeah thank you, all this while I had been thinking otherwise.","آ، شکریہ، یتھ سٲرِسٕیہ وقتس دوران اوسُس بہٕ بدلیہ کینٛہہ سونٛچان۔","conversation"
"I will get my jab as soon as possible.","بہٕ کرٕ پنُن انجكشن جلد از جلد ۔","conversation"
"Yes please, we should not forget that the pandemic isn't gone yet.","آ مہربٲنی کٔرِتھ، اسہِ پَزِ نہٕ مٔشِتھ کرُن زِ وو٘باہ مۄکلیو نہٕ ونہِ۔","conversation"
"I hope you have registered yourself on the CoWIN website.","مےٚ چھِ وومید ژےٚ آسیٚتھ پان کووِن ویب سایٹہِ پٮ۪ٹھ رجسٹر کوٚرمُت۔","conversation"
"Yes I am registered.","آ بہٕ چھُس رجسٹر گومُت ۔","conversation"
"Then please check out a suitable date for the vaccine and get it scheduled.","مہربٲنی کٔرِتھ وُچھ تیٚلہِ ویکسیٖن خٲطرٕ موزون دۄہ تہٕ کرناو یہِ مٗشخص ۔","conversation"
"It's high time you should get your vaccine","یہیہ چھٗ وقت ژے پَزی ویکسیٖن لگاوٗن ۔","conversation"
"I will do it today itself.","بہٕ کرٕ یہِ أزِِی ۔","conversation"
"Thanks for clearing my misconception.","میٲنۍ غلط فہمی دوٗر کرنہٕ خٲطرٕ شکریہِ","conversation"
"Hello, sir, where can I register a complaint?","اداب جناب، بہٕ کتٮ۪تھ ہیٚکہٕ اكھ شِکایت درج کٔرِتھ؟","conversation"
"What kind of complaint do you have?","ژےٚ كمہِ قٕسمٕچہِ شِکایت چھیہ ؟","conversation"
"Sir, our village is not getting clean drinking water.","جناب، سٲنِس گامَس چھُنہٕ صاف چینہٕ آب مِیلان۔","conversation"
"The government has promised us clean water, but we are not getting it in our village.","حکوٗمتن چھُ اسہِ صاف آبُک وادٕ کوٚرمُت، مگر اسہِ چھُنہٕ پننِس گامَس مَنٛز مِلان۔","conversation"
"No inspection happened in your village till now?","تہنٛدِس گامَس مَنٛز چھُنا از تام کانٛہہ معٲینہٕ گوٚومُت؟","conversation"
"No, sir, he has not visited our village for months.","نہ، جناب، تٔمِس وٲت رٮ۪تہٕ واد سٲنِس گامَس مَنٛز نِنَس۔","conversation"
"Which village are you from?","تۄہہ کمہِ گامہٕ پٮ۪ٹھ چھِو؟","conversation"
"Sir, I am from Mahuvariya village.","جناب بہٕ چھُس مہوواریہ گامہٕ پٮ۪ٹھ۔","conversation"
"And who is your village head there?","تہٕ تۄہہِ کُس چھِو تتہِ گامہ زِیوٗٹھ ؟","conversation"
"Sir, I am the village head there.","جناب، بہٕ چھُس تتہِ گامُک زِیُوٹھ ۔","conversation"
"Ok, sir, please tell me about your complaint in detail.","ٹھیٖک، جناب، مہربٲنی کٔرِتھ ؤنِو مےٚ پننہِ شکایت تفصیٖل سان۔","conversation"
"I will forward it to the supervisor of the water supply department.","بہٕ سوزٕ یہ واٹر سپلائی محکَمہٕ کِس سپروائزرس۔","conversation"
"Sir, first of all, we got the water supply after a lot of hassle.","جناب، گۄڈنیتھ میج اسہِ آبہٕ سپلائی سٮ۪ٹھاہ پریشٲنی پتہٕ۔","conversation"
"We had to come to this office regularly for that.","تمہِ خٲطرٕ پیٚو اسہِ لگاتار یتھ دفترس مَنٛز یُن۔","conversation"
"We even had to stage a protest in front of this office demanding a proper water supply in our network.","یوُتاہ زِ اسہِ پیٚو پننِس نیٹ ورکَس مَنٛز آبٕچہِ منٲسِب فراہمی ہُنٛد مطالبہٕ کرنہٕ خٲطرٕ یتھ دفترَس برونٛہہ کٔنۍ احتجاج کرُن۔","conversation"
"After much hassle, we got that, but now the water coming from the pipes is very dirty.","کٲفی پریشٲنی پتہٕ، مِیوُل اسہِ یہِ ، مگر وۄنہِ چھٗ پایِپو مَنٛزِ سیٹھاہ مو٘كٗر آب یوان ۔","conversation"
"How dirty it is, can you explain?","کوٗتاہ مُکُر چھُ، ژٕ ہیٚککھا ؤنِتھ؟","conversation"
"Is it muddy, or does it have some sort of impurities?","کیٛا یہِ چھا رَبہِ دار، یا اتھ مَنٛز چھِ کینٛہہ مكرِیار ؟","conversation"
"It is muddy water, sir.","جناب، یہِ چھُ رَبہِ دار آب ۔","conversation"
"It also contains impurities.","اتھ مَنٛز چھِڮ مكرِیار تہِ۔","conversation"
"Many of the villagers had to suffer from skin allergies after using it.","واریٛاہ گامہٕ والٮ۪ن در٘ایہِ یہ استعمال کرنہٕ پتہٕ خٲرِش ۔","conversation"
"Oh, that is very serious.","اوہ، یہِ چھُ واریٛاہ سٔنجیٖدٕ۔","conversation"
"Yes, sir, it is very serious.","آ، جناب، یہِ چھُ واریٛاہ سٔنجیٖدٕ۔","conversation"
"We do not have clean water in our ponds and tube wells.","سانٮ۪ن تالابن تہٕ ٹیوب ویلن مَنٛز چھُنہٕ صاف آب۔","conversation"
"The water there contains an exceeding amount of iron.","تتہِ کِس آبَس مَنٛز چھُ واریٛاہ مقدارَس مَنٛز شستٕر ۔","conversation"
"But we have no other way than to use the pond and tube wells for now.","مگر اسہِ چھُنہٕ وٕنکٮ۪س تالاب تہٕ ٹیوب ویل آب استعمال کرنہٕ ورٲے کانٛہہ چارٕ۔","conversation"
"It is leading to serious health concerns.","امہِ سۭتۍ چھِ صحتٕکہِ خطرناک مسلہٕ گژھان۔","conversation"
"Did anyone fall sick after drinking the supplied water?","کیٛا کانٛہہ پیٚوا فراہم کرنہٕ آمُت آب چیٚنہٕ سۭتہِ بٮ۪مار ؟","conversation"
"No, sir, not yet; because we immediately stopped using it at all.","نہ، جناب، وُنہِ نہٕ، تِکیٛازِ اسہِ کوٚر دستی یہِ استعمال کرُن بنٛد ۔","conversation"
"After we saw the skin allergies occurring in many villagers, we stopped using it.","یُتھوٗیہ اسہِ کینٛژن ہ گٲمِین خٲرِش وٗچھ ، اسہِ کوٚر یہِ استعمال کَرُن بنٛد ۔","conversation"
"Otherwise, it could've easily caused us stomach ache and diarrhea-like diseases.","نتہٕ کرِہن اسہ امہِ سۭتہِ اسٲنی سان میادٕ دود تہٕ دستہٕ ہِشہِ بیمارِ ۔","conversation"
"I will forward your complaint to the supervisor immediately.","بہٕ سوزٕ فورن تہنٛز شکایت سپروائزرس ۔","conversation"
"He will send someone to inspect the situation right after that.","سُہ سوزِ تمہِ پتہٕ جلدی کٲنٛسہ حالَتن ہٗند مویعنہٕ کرنہٕ خٲطرٕ۔","conversation"
"You can go home now.","توہہِ ہیكِیو٘ وونہِ گھرٕٕٕ گٔژھِتھ ۔","conversation"
"I will do the rest.","بہٕ کرٕ باقٕیہ پانٕیہ ۔","conversation"
"Heyy, I didn't see you at the usual spot","کیٛا سا ہے، مےٚ وٕچھُکھ نہٕ ژٕ پنٛنہِ جایہِ کِہیٖنہٕ","conversation"
"Where were you today?","ژٕ کتہِ اوسُکھ از؟","conversation"
"It looks like you're coming back from somewhere","باسان چھُم ژٕ چھُکھ کتہِ تام پٮ۪ٹھٕ واپس یِوان","conversation"
"Where did you go?","ژٕ کوٚت اوسُکھ گوٚمُت؟","conversation"
"Long story, give me some time","یہ چھیٚے زیٖٹھ دلیل ، مےٚ دِ کٮ۪نٛہہ وقت","conversation"
"I just need to change into these","مےٚ چھِ یِمن منز بدلاوٕٗن ۔","conversation"
"Speaking of clothes, yours look ragged and dirty","پلون ہنز كتھ كرو ، شٕ چھٗكھ زچین منز تہٕ مكٲرِ باسان ۔","conversation"
"Which is exactly why I'm changing it before coming into the village","اوے چھِ مےٚ گام یِنہٕ برٛۄنٛہہ یہِ بدلاوُن","conversation"
"And I can't come to our usual spot anymore","تہٕ بیٚیہِ ہٮ۪کہٕ نہٕ وۄنہِ سانہِ عام جایہ یتھ","conversation"
"Can't afford to get cigarettes every week","مےٚ چھُ نہٕ پرٛٮ۪تھ ہفتہٕ سِگریٹ انٛنس سُمب طاقت","conversation"
"I'm trying to quit smoking","بہٕ چھُس سِگریٹ ترٛاونٕچ کوُشِش کران","conversation"
"Wow, that was unexpected","اوہ، امِچ ٲس نہٕ نے وۄمیدٕیہ","conversation"
"And to answer your earlier question","تہٕ چٲنِس برٛؤٖن٘ہمِس سوالس جواب دِنہِ مو٘كھہٕ","conversation"
"I just returned from the nearby village","بہٕ آس وٕنی ہمسایہِ گامہٕ پٮ۪ٹھٕ واپس","conversation"
"The recent rains washed away the usable road so I had to hitch hike","حالیہ روٗدن ٲس سٲرٕے پکنٕچ وتھ ییرٕ وٲجِمٕژ لہاذا پیو مے٘ وٗلمنین كھسِتھ یٗن ۔","conversation"
"Why are you going there though?","مگر ژٕ کیٛازِ چھُکھ تور گژھان","conversation"
"You could've always asked me if you wanted help with something","ژٕ ہٮ۪کہٕ ہکھ مےٚ ہمیشہِ کُنہِ تہِ چیزٕ باپت مدتہٕ باپتھ ونِتھ ساتہٕ ؤنِتھ ۔","conversation"
"Cannot expect you to help me here","ژٕ ہٮ۪کہٕ ہٲکھ نہٕ مےٚ یتھ منٛز کانٛہہ مدتھ کٔرِتھ","conversation"
"I go there every other morning to play football","بہٕ چھُس پرٛٮ۪تھ دۄہ تور فٹ بال گِنٛدنہِ گژھان","conversation"
"There's a ground with goal posts and nets on the other side of that village","امہِ گامہٕ کِس ہیِس طرفس پٮ۪ٹھ چھُ فُٹ بال مٲدان یتھ منٛز گول پوسٹ تہٕ نٮ۪ٹ لٲگِتھ چھِ ۔","conversation"
"Since the area is public property, anyone can come and play","تہٕ اور ہیٚکہِ کانٛہہ تہِ یتھ تہٕ گِنٛدِتھ تہِ کیٛازِ یہِ علاقہٕ چھُ عوٲمی جایداد ۔","conversation"
"So you go early to get space and time to play, right?","تیٚلہِ چھُکھ ژٕ سُلی گژھان یُتھ ژےٚ گِنٛدنہٕ خٲطرٕ جاے تہٕ وق میٛلی، سہی چھا ؟","conversation"
"Exactly, I have to get there at least by 7:30","آ برابر، مےٚ چھُ تور ساڑٕ ستھ واتُن آسان","conversation"
"Which means I have to leave home by 5","ییٚمیُک مطلب چھُ کہِ مےٚ چھُ گرِ آسان پانٛژِ بجہِ نیرُن","conversation"
"It's very hectic but what can we do, eh?","یہِ چھُ سخ مگر اتھ کیٛاہ ہٮ۪کو کٔرِتھ، ہٲں؟","conversation"
"There is literally not a single unused open space in this village","سٲنِس گامس منٛز چھےٚ نہٕ اکھ تہٕ خٲلی جاے","conversation"
"Well I suppose that is true","آ، مےٚ چھُ باسان یی چھُ پوٚز","conversation"
"Did you try asking the elders about whether they could clear up a space?","ژےٚ کٔرتھٕ زِٹھٮ۪ن پرٛژھنٕچ کوٗشِش زِ اسہِ أسۍ ہٮ۪کو کانٛہہ جاے صاف کرنٲوِتھ؟","conversation"
"No, why would they even bother?","نا ، تِم کیٛازِ ہین پریشٲنی ؟","conversation"
"They are too caught up in their political and religious ideologies","تِم چھِ پنٛنِس سِیاستی تہٕ مزہبی فلسفس سٕتی","conversation"
"Even my own family wants me to stop going to school and start working to earn money","میانہِ گھرِكہِ تام چھِ یژھان بہٕ گوٚژھُژس سکوُل ترٛٲوِتھ پونٛسہٕ زینٛنہٕ خٲطرٕ کٲم کرنہِ نیرُن","conversation"
"Do you think they'll encourage me to pursue football?","ژےٚ چھُیہِ باسان تِم دِن مےٚ فُٹ بال گِنٛدنہِ باپت حوصلہٕ افضٲیی كرِتھ ۔؟","conversation"
"I understand that, it's very sad","بہٕ چھُس سمجِتھ ہیكان، سیٹھاہ افسوُس ۔","conversation"
"We don't even have the resources to properly play anything here actually","پٮ۪ٹھٕ چھِنہٕ اَسہِ ییٚتہِ کانٛہہ کھیل گِنٛدنٕکہِ وسٲیِل تہِ مو٘یسر","conversation"
"I'm saving up my pocket money to buy some boots","بہٕ چھُس چندٕ خرچہٕ بچاوان یُتھ بہٕ بوٗٹ أنِتھ ہٮ۪کہٕ","conversation"
"Then I'll aim for the try-outs","پتہٕ کرٕ بہٕ ٹرٛاے آوٹس خٲطرٕ کوٗشِش","conversation"
"Let's see what happens","وٕچھَو کیٛاہ بنہِ","conversation"
"Did you watch this year's Wrestlemania?","ژےٚ وُچھتھٕ ییٚمہِ ؤرۍیُک رٮ۪سٕل مینیا؟","conversation"
"It felt different somehow, but with Rhodes's return, it was definitely something enjoyable.","یہِ اوس گۄڑٕ رژھا الگٕیہ باسان، مگر روڈس سٕنٛدِ واپس یِنہٕ سۭتہِ بنیوو یہٕ زیٛادے مزٕدار۔","conversation"
"I generally don't watch a lot of wrestling but I was looking forward to Wrestlemania this year.","بہٕ چھُس نہٕ یتھ پٲٹھہِ زیٛادٕ رپہلوان دب وٗچھان ، مگر ییٚمہِ ؤری اوسُس بہٕ رٮ۪سٕل مینیاہس پیٛاران۔","conversation"
"I couldn't watch it however and just saw the highlights later.","تاہم ہیوٚکُس نہٕ بہٕ یہِ وٕچھِتھ تہٕ پتہٕ وٕچھِم امِکہِ اقتباسات ۔","conversation"
"I didn't know where it was available.","مےٚ نہٕ پیی یہِ کتھ پٮ۪ٹھ اوس چلان۔","conversation"
"I thought there was a live stream on Youtube.","مےٚ باسان یوُ ٹیوٗبس پٮ۪ٹھ آسہِ یہِ براہ راست چلان ۔","conversation"
"But I watched it on Sony Ten 1.","مگر مےٚ وُچھ یہِ سونی ٹٮ۪ن ونس پٮ۪ٹھ۔","conversation"
"It was also streamed live on the WWE network.","یہِ آو براہ راست ڈبلیوٗ ڈبلیوٗ ای نٮ۪ٹؤرکس پٮ۪ٹھ چلان ۔","conversation"
"Oh, I didn't know it was available on the Sony channel.","اچھا، مےٚ ٲس نہٕ پَتاہ یہِ اوس سونی چنلہِ پٮ۪ٹھ چلان۔","conversation"
"It was actually the highlight for 2 days and played throughout the day.","یہِ اوس در اصل دۄن دۄہن خٲطرٕ ہاے لایٹ تہٕ یہِ اوس پوٗرٕ دۄہس گِنٛدنہٕ یوان۔","conversation"
"You can also watch it in Hindi on Sony Ten 3.","ژٕ ہٮ۪کَکھ یہِ ہِندی پٲٹھہِ سونی ٹٮ۪ن تھرِیس پٮ۪ٹھ تہِ وٕچھِتھ۔","conversation"
"I missed it then.","مےٚ گوٚو یہِ تیٚلہِ اتھٕہٕ ۔","conversation"
"I'll try to catch the next one when it comes.","بہٕ کرٕ کوٗشِش بیٛاکھ وٕچھنٕچ، ییٚلہِ سہُ یِیہِ۔","conversation"
"I always wanted to try and watch the whole live event but most channels here don't cover it.","بہٕ اوسُس پرٛٮ۪تھ وِزِ یژھان سورٖیہ براہ راست ؤٖچھنٕچہ، کوٗشِش کرٕنہِ مگر ییٚتہِ چہِ زیٛادٕ تر چنلہٕ چھنہٕ یہِ ہاوان۔","conversation"
"Yes, but you don't have to wait for the next Wrestlemania to watch another live event.","آ، مگر ژےٚ چھیٚے نہٕ بیٛاکھ لایو تقریب وٕچھنہٕ خٲطرٕ دوٚیمِس رٮ۪سٕل مینیاہس پیٛارنٕچ ضوٚروٗرت۔","conversation"
"Wrestlemania Backlash 2022 will take place at 8 PM on May 8th in the USA.","رٮ۪سٕل مینیا بیکلٮیش 2022 ییہِ ا،بیكاہس منٛز ۸ میی دۄہ شامس 8بجے گِنٛدنہٕ۔","conversation"
"So that will be May 9th in India and the event will start at 5:30 am.","تیٚلہِ گوٚو سہُ ہنٛدوستانس منٛز ۹ میی تہٕ یہِ پرٛوگرام گژھِ صُبحس 5:30 بجے شروٗع۔","conversation"
"I hope I get to watch it.","مےٚ چھےٚ وۄمید مےٚ یِیہِ سہُ وٕچھنہٕ۔","conversation"
"It will be difficult though, May 9th is a monday.","یہِ چھُ مگر مُشکِلٕیہ 9 میی چھےٚ ژٔنٛدٕروار۔","conversation"
"But it'll take quite long so you may still be able to watch a few hours of the show.","مگر یہِ چلہِ واریاہس کالس، گوٚو ژٕ ہٮ۪ککھ امہِ شو ہٕكہِ کٮ۪نٛہہ گٲنٛٹہٕ وٕچھِتھ۔","conversation"
"What are the main events in the Backlash?","بیکلیشس منٛز کم چھِ اہم پرٛوگرام؟","conversation"
"The event will feature AJ Styles going against Edge and Seth Rollins battling Cody Rhodes.","تقریبس منٛز آسہِ اے جے سٹایِلز سٗند اٮ۪جس خٕلاف میچ تہٕ سٮ۪ٹھ رولِنز تہٕ کوڑی روڈس سٕنٛز لڑٲے۔","conversation"
"It is going to be a big deal after Rhodes's return this year, the fans are excited.","یہِ بنہِ بڑ کتھ ییٚلہِ روڈس ییمہِ ورییہِ واپس یِیہِ، سٲری مداع چھِ خۄش۔","conversation"
"Are there any exciting tag matches?","اتھ منٛز چھا کٮ۪نٛہہ اصٕل ٹیگ میچ؟","conversation"
"Actually yes, there will be a six-man tag team match going on in the event.","آ، اتھ تقریبس منٛز یِیہِ اکھ شہُ نفری ٹیگ ٹیٖم میچ گِنٛدنہٕ۔","conversation"
"Roman Reigns and the Usos will be going against Drew McIntyre and RK-Bro.","رومن ریٖنز تہٕ اُسوس گِندن ڈرٛیو مکلنٹایر تہٕ آر کے برٛوہس خٕلاف۔","conversation"
"Those people hold a lot of titles.","تِمن سارۍنٕے چھِ بٔڑِ خٕطاب میلِمٕتہِ ۔","conversation"
"Isn't Roman Reigns the WWE Universal Champion?","رومن ریٖنز چھُنا ڈبلبوٗ ڈبلیوٗ ای یوٗنِؤرسل چمپین؟","conversation"
"Yes, and the Usos are Smackdown Tag-team Champions and RK-Bro is the Raw Tag Team Champions.","آ، تہٕ بیٚیہِ چھِ اُسوس چھِ سمیک ڈاون ٹیگ ٹیٖم چمپین تہٕ آر کے برٛو چھُ را ٹیگ ٹیٖم چمپین۔","conversation"
"However, this one is not a title match, but the fans are excited.","تام، چھُنہِ یہِ اکھ خِتٲبی میچ کٮ۪نٛہہ تہٕ مگر مداع چھِ خۄش۔","conversation"
"Both sides are fan favourites and Randy Ortons v/s Reigns must be something fans are looking forward to.","دۄشؤے دٔرِ چھِمداعن ہندِ پسنٛدیدٕ تہٕ رینٛڈی آرٹنز براے ریٖنز گژھِ سہُ میچ آسٗن یتھ مداع پیٛاران چھِ۔","conversation"
"Yes, so try it and watch it if possible, but it is somewhat difficult because of the time.","آ، تیٚلہِ کٔر کوُشِش تہِ اگر مُمکِن گژھی وٗچھ ، مگر وقتہٕ حسابہٕ چھُ یہِ رژھا مُشکِلٕے۔","conversation"
"Hi Dimpi! How are you?","ہے ڈِمپی! ژٕ چھکھے وارے؟","conversation"
"It has been a while since we talked last.","اسہِ ہے گوٚو کتھ کرنس واریاہ کال۔","conversation"
"Is everything okay at your end?","تُہۍ چھِوٕ ٹھیٖکھٕے۔","conversation"
"Hi Devanga! I am good.","ہے دیوانٛگا! بہِ چھس وارے۔","conversation"
"Yes, it has been quite a while.","آ،واریاہ وقت گوٚو ۔","conversation"
"Everything is good here except my cousin brother.","ییٚتہِ چھُ سورُے ٹھیٖک میٲنِس پِترِس بٲیہ سٕنٛدِ ورٲیہ۔","conversation"
"Oh! What happened to him?","اوہ، تس کیٛاہ گو٘؟","conversation"
"I haven't heard anything from anyone.","مےٚ بُز نہٕ كٲن٘سہِ نِش كین٘ہہ۔","conversation"
"Is he okay now?","وۄنہِ چھا سہُ ٹھیٖک؟","conversation"
"He met with an accident last fortnight.","تٔمِس گوٚو پٔتِمِس پچھس منز حٲدِشہٕ ۔","conversation"
"Now recovering well by God's grace.","وۄنۍ چھُ خۄداے سٕنٛدِ مدتہٕ سۭتہِ صحتیاب سپدان ۔","conversation"
"Thank God that the health insurance covered the expenses.","خۄداے سُنٛد شُکُر چھُ کہِ سورُے خرچہٕ تُل صحت بھیمن ۔","conversation"
"Glad to hear that he is recovering.","لو یہِ بوزنہٕ سٕتہِ گوس خوش زِ سہُ چھُ ٹھیٖک گژھان۔","conversation"
"What was the health insurance?","صحت بییمہٕ كیا اوس ؟","conversation"
"I am also thinking of buying one health insurance.","بہٕ چھُس سونٛچان بہٕ تہٕ ہیمہِ اكھ صحت بیمہٕ ۔","conversation"
"His health insurance was Star Health Insurance.","تٔمِس اوس سٹار ہٮ۪لتھ انشورنس بیمہٕ ۔","conversation"
"He bought a family floater insurance.","تٔمۍ ہیوٚت فیملی فلوٹر اِنشورنس۔","conversation"
"It covers upto 5 family members.","یہِ چھُ گرٕ کٮ۪ن پانٛژن نفرن تحفُظ دِوان۔","conversation"
"What is the premium amount?","پریٖمیم رقم کیٛاہ چھُ؟","conversation"
"Do we have to renew it monthly?","یہِ چھا رٮ۪تہٕ پتہٕ رٮ۪تہٕ رِنیُو کرُن؟","conversation"
"How can we buy that?","ٲسۍ کِتھہٕ پٲٹھہِ ہٮ۪کَو یہِ ہٮ۪تھ؟","conversation"
"Does it offer cashless hospitalization facility?","یہِ چھا دِوان کیشہِ روٚس ہسپتال سہوُلِیات دِوان ؟","conversation"
"The premium varies based on the plan you opt for.","پرٛیٖمیم چھُ پلانہِ کہِ انتِخابہٕ حِسابہٕ بدلان؟","conversation"
"You can choose from a number of plans.","ژٕ ہٮ۪کَکھ وارِیاہو٘ پلانو منٛزٕ کانٛہہ اکھ ژٲرِتھ ۔","conversation"
"The details can be found online.","تفصیٖلات چھِ آن لاین دٔستِیاب۔","conversation"
"You can pay the premium monthly, quarterly, six-monthly or annually.","ژٕ ہٮ۪ککھ پرٛیٖمیم ریٚتہِ ،ترٛیٚیہِ ریٚتہِ ، شیٚیہِ ریٚتہِ ، یا وٕہٕرۍ بٔرِتھ ۔","conversation"
"Yes, this insurance provides cashless hospitalization facility through their network hospitals.","آ، یہِ اِنشورنس چھُ نقدی رو٘س ہاسپِٹلایزیشن سہوٗلیت پنٛنٮ۪و نٮ۪ٹ ؤرک ہسپتالو ذٔریع فرہم کران۔","conversation"
"They have more than 500 hospitals under their network all over India.","تمن چھِ پنٛنِس نٮ۪ٹ ؤرکس انٛدر سٲرِسٕیہ ہندوستانس منٛز 500 ہسپتال ۔","conversation"
"That sounds really good!","یہِ ہے گوٚو سٮ۪ٹھاہ جان!","conversation"
"Cashless hospitalization facility eases the stress at the time of admission to a hospital.","نقدی روٚس ہاسپِٹلایزیشن سہوٗلیت چھےٚ ہسپتالس منٛز دٲخِلُک تناو کم کران۔","conversation"
"We don't have the cash all the time.","اسہِ چھُ نہٕ چنٛدس پرٛٮ۪تھ ساتہٕ نقد پونٛسہٕ آسان ۔","conversation"
"Most importantly, we don't know when and how misfortune knocks at our doors.","سارِوٕیہ کھۄتہٕ اہم ،اسہِ چھنہٕ پے آسان زِ بدقٕسمٔتی کر تہٕ کِتھہٕ کٔنہِ كرِ اسہِ برس ٹھس ۔","conversation"
"Do we need to produce any medical certificate at the time of enrolling?","اسہِ چھا درج گژھنہٕ وِزِ کانٛہہ میٚڈِکل سرفِٹِکٹ پٮ۪وان ہاوٕنہِ ؟","conversation"
"No medical certificate is needed for applicants whose age is not more than 40.","یمن درخاصت کرن والٮ۪ن ہٕنٛز وٲنٛس ژتجی ؤری کھۄتہٕ کم آسہِ ، تِمن چھنہٕ کانٛہہ تہِ میٚڈِکل سرفِٹِکٹ ضروُرت ۔","conversation"
"You will have to declare about your pre-existing diseases if any in the form.","ژےٚ پیٚیی فارمس منٛز پنٛنٮ۪ن گۄڑے آسمٕژن بٮ۪مارٮ۪ن ہُنٛد خُلاصہٕ کرُن، اگر کانٛہہ آسہِ۔","conversation"
"The enrollment process is a easy one.","درج گژھنٕچ عمل چھےٚ اکھ سہل عمل۔","conversation"
"Can I buy this insurance online?","بہٕ ہٮ۪کا یہِ انشورنس آن لاین ہٮ۪تھ؟","conversation"
"When can I expect the policy copy in hand?","مےٚ کر میلہِ پالسی ہٕنٛز کاپی اتھس منٛز؟","conversation"
"Do they send it by post?","یم چھا ڈاکہٕ ذٔریع یہِ سوزان؟","conversation"
"Yes, you can buy it online.","آ، ژٕ ہٮ۪ککھ یم آن لاین ہٮ۪تھ۔","conversation"
"After making the payment online, they will send you the soft copy of the policy in your mail.","آن لاین پونٛسہٕ بٔرِتھ ، سوزنے تِم چٲنِس میلس منٛز پالسی ہٕنٛز سافٹ کاپی۔","conversation"
"A hard copy of the same will reach you via post.","تہٕ امِچ ہارڈ کاپی واتی ژےٚ ڈاکہٕ کہِ ذٔریع۔","conversation"
"Please visit their website for details.","تفصیٖلاتن خٲطرٕ وٕچھ ژٕ تمن ہٕنٛز وٮ۪ب سایٹ۔","conversation"
"I am sending you the link.","بہٕ سوزے ژےٚ لِنٛک۔","conversation"
"It's Goa, baby!!!","بیبی ،یہِ چھُ گوا !!!","conversation"
"I can't believe we're finally going.","مےٚ چھُنہٕ بیہانٕیہ اسہِ چھٗ چھیكرس گژھٗن ۔","conversation"
"This is like the seventh time we planned.","یہِ چھُِ اسہِ سٔتمہِ لَٹہِ منصوُبہٕ بناوان ۔","conversation"
"This is totally Dil Chahta Hai vibes.","یہِ چھِ پوٗرٕ پٲٹھہِ دل چاہتا ہے لہرٕ ۔","conversation"
"And it is finally happening.","تہٕ یہِ سپدِ ٲخٕر کار۔","conversation"
"If only it was convertible and also red!","اگر یہِ صرف بدلَن وول تہٕ بیٛیہِ ووزٗل آسہے!","conversation"
"I know, right?","مےٚ چھِ پتہ، چھٗنا؟","conversation"
"It feels super amazing.","یہِ چھُ واریٛاہ اصل باسان۔","conversation"
"So, do we have a plan for the journey?","تہٕ، کیٛاہ اَسہِ چھےٚ سفر کرنُک منصوُبہٕ ؟","conversation"
"Don't judge me, but this is my first ever road trip.","مےٚ مَہ کٔرِو سرٕ ، مگر یہِ چھُ مے٘ گوڈنِیوٗك سڈكہِ چكر ۔","conversation"
"We will listen to the best playlist I made last night.","أس بوزو ساروٕے کھۄتہٕ اصل پلیے لسٹہٕ، یُس مےٚ راتھ شامَس بنٛوٚو۔","conversation"
"Take turns in driving.","وارِ وارِ چلٲوِو گٲڈِ ۔","conversation"
"And make stops for the most amazing pictures.","تہٕ واریٛاہ اصل فوٹو تُلنہٕ خٲطرٕرُکَو ۔","conversation"
"Because the views en route are stunning.","تِکیٛازِ وتہِ چھِ واریٛاہ خوٗبصورت نظارٕ ۔","conversation"
"I hope you have all the Bollywood road trip songs.","بہٕ چھُس وۄمیٖد زِ ژے آسنیہ بالی ووڈٕکہِ سٲری روڑ ٹرپ بٲتھ ۔","conversation"
"Ain't no road trip without ZNMD and Dil Chahta Hai songs.","کانٛہہ تہِ روڈ ٹرپ چھَنہٕ زیڈ این ایم ڈی تہٕ دل چاہتا ہے بٲتو٘ بغٲر آسان۔","conversation"
"Absolutely!","بالکُل صحیح!","conversation"
"I think Bollywood spoils us.","مےٚ چھُ باسان بالی ووڈ چھُ اَسہِ خراب کران۔","conversation"
"We try to compare every experience with it.","أس چھِ ہر کانٛہہ تجرُبہٕ اَتھ سۭتہِ رلاوان ۔","conversation"
"But it has set some standards too which is good.","مگر أمۍ چھِ کینٛہہ معیار تہِ بنٲوِمٕتہِ ، یِم اصل چھِ۔","conversation"
"Here, let's connect this.","ییٚتہِ، چلو یہِ جوڑو۔","conversation"
"I agree! My entire life revolves around Bollywood.","بہٕ چھُ اتعفاق ! میٲنہِ پوٗرٕ زنٛدگی چھےٚ بالی ووڈَس أنٛدِ پٔکہِ نژان۔","conversation"
"So, how long is the drive?","تہٕ، کوٗتاہ دوٗر چھُ؟","conversation"
"Is there anything we can do on the way, other than clicking pictures?","بیٚیہِ چھا کینٛہہ یہِ أسہِ وَتہِ فوٹو تُلنہٕ علاوٕ کٔرِتھ ہٮ۪کو؟","conversation"
"Wait! I just realized that you said it's your first road trip.","ٹھہر ! مےٚ تو٘ر وٗنہِ فِكرِ یہِ چھٗ چون گوڈنِیوٗك سڈك سفر ۔","conversation"
"Seriously?","پٔزِ پٲٹھہِ ہا ؟","conversation"
"If so, we have got to make it a memorable one.","اگر یہِ چُھ، اَسہِ پَزِ یہِ تیٚلہِ واریٛاہ یادگار بناوٗن ۔","conversation"
"You have to! I want this experience to be one of a kind.","ژے چھٗیہ بناوٗن ! بہٕ چھُس یژھان یہِ تحرُبہٕ پننہِ قٕسمٗك خاص بناوُن۔","conversation"
"I don't know when will I get to do this again.","مے چھَنہٕ پتہٕ بہٕ کَر ہیكہِ یہِ دٗبارٕ كرِتھ ۔","conversation"
"I am very used to Trains and Flights.","مے٘ چھے٘ ریلن تہٕ ہوٲیی جہازن كھسنس حٲل ۔","conversation"
"Aren't they more convenient?","چھِنا تِم واریٛاہ آرام دہ ؟","conversation"
"Especially when the trip is shorter.","خاصكرِتھ ییٚلہِ سفر ژھو٘ٹ آسہِ ۔","conversation"
"I find road trips way more convenient.","مےٚ چھُ سڈكہِ سفر واریٛاہ آسان باسان۔","conversation"
"And they actually transition you into a holiday.","تہٕ تِم چھِ حٔقیٖقتَس منٛز تۄہہِ چھُٹیَن تام نِوان ۔","conversation"
"So you can feel more relaxed.","اسلیے ہٮ۪کَکھ ژٕ آرام محصوص كرِتھ ۔","conversation"
"With flights..boom..you are there!","جہازٕ سۭتہِ چھٗ ۔۔۔بوُم۔۔۔ تہٕ توہہِ وٲتِوٕٕ تور !","conversation"
"Trains are still better.","ریل چھِ توتہِ بہتر۔","conversation"
"That's there, but on road trips, half the vacation goes on the road.","تہِ چھُ ۔ مگر سڈكہِ سفرَس منٛز چھُ نیصٕف چھُٹی وَتی گٗزران ۔","conversation"
"But I guess both have their own perks.","مگر مےٚ باسان دۄشوٕنی چھُ پنُن پنُن فٲیدٕ ۔","conversation"
"Let's see if Goa changes my perception about road trips.","چلو ؤچھو گوا بدلاوِیا سڈك سفرس مٗتعلق میون تصوٗر ۔","conversation"
"It will convert you.","یہِ بدلاوِ توہہِ","conversation"
"But first, we need to make a pit stop.","مگر گۄڈٕ چھُ اَسہِ رُکنٕچ ضروٗرت۔","conversation"
"This is going to be fun.","واریٛاہ مَزٕ یِیہِ اتھ ۔","conversation"
"Let me click a few pictures outside while you get it fuelled.","مےٚ دِیو نیبرٕ کَنہِ کینٛہہ فوٹو تُلنہٕ یوٚتَتھ تام توہہِ اَتھ تیٖل ترٲوِو ۔","conversation"
"Hey, I heard your brother knows the concert organizers of A P Dhillon.","ہے، مےٚ بوٗز چون بویہ چھُ زانان اے پی ڈھلن محفِل موسیقی ہندِس نٲضِمس زانان۔","conversation"
"I'm trying to get some passes for a long time, which I'm not able to yet.","بہٕ چھُس کٲفی وقتہٕ پٮ۪ٹھ کینٛہہ پاس حٲصِل کرنٕچ کوٗشش کران، یُس مےٚ وٕنیُک تام کٔرِتھ ہیو٘ك نہٕ ۔","conversation"
"Can you help me, please?","یٛاہ ژٕ ہٮ۪کہٕ مےٚ مہربٲنی کٔرِتھ مددتھ کٔرِتھ؟","conversation"
"Yes, he is in the team of the organizers as well.","آ، سُہ چھُ انتظٲمیہ كِس ٹیٖمس منٛز تہِ۔","conversation"
"I will ask him if there are any extra tickets available or not.","بہٕ پرٛیژھِ تٔمِس کانٛہہ ہُرے مانہٕ ٹِکٹ چھا كِنہٕ نہٕ ۔","conversation"
"How many tickets do you want?","ژے کۭژٹکٹہٕ چھے ضروٗرت؟","conversation"
"I want five tickets, for me and my friends.","مےٚ چھِ پانٛژھ ٹکٹہٕ ضروٗرت، پانس تہٕ پننین دوستَن خٲطرٕ۔","conversation"
"When we planned it was around 10k for a ticket.","ییٚلہِ اَسہِ منصوبہٕ بنوو ، تَمہِ وِزِ أس ٹکٹ لگ بگ 10 ہن ساسَن۔","conversation"
"But now they're selling at 35 to 40k, I heard.","مگر مےٚ بوٗز وٕنکٮ۪س چھِ تِم 35 پٮ۪ٹھہٕ 40 ساسن تام کٕنان۔","conversation"
"Can you just confirm the price as well?","کیٛاہ ژٕ ہٮ۪کہٕ قۭمتھ تہِ پتہ کٔرِتھ؟","conversation"
"Actually the estimation made by the organizers have gone up to an extent.","دراصل نٲضِمو٘ دسہِ كورمٗت اندازٕ چھُ کُنہِ حدس تام بڑیومُت۔","conversation"
"But they are not so costly as you are saying.","مگر تِم چھنہٕ زِیٛادٕ درٕٛو٘گہِ یوٗتاہ ژٕ ونان چھُکھ۔","conversation"
"There are some agents who are selling the tickets in black, so you might have heard from them.","کینٛہہ ایجنٹ چھِ یِم ٹکٹہٕ بلیکَس منٛز کٕنان چھِ، ژے آسیٚتھ تِمٕنٕیہ نِش بوُزمُت۔","conversation"
"The ticket prices are 8k per head.","ٹکٹَہِ ہٗند قۭمتھ چھِٗ فی نفر خٲطرٕ 8 ساس۔","conversation"
"But I doubt I can arrange for 5 tickets at the moment.","مگر مےٚ چھُ شخٕیہ بہٕ ہٮ۪کا وٕنکٮ۪س پانٛژھن ٹکٹن ہٗند انتظام كرِتھ ۔","conversation"
"You're absolutely correct that middlemen are the people who raise the prices.","ژٕ چھُکھ بالکُل سہی ونان زِ منٛزِم نفر چھِ تِم لوٗکھ یِم قۭمتھ پڑاوان چھِ۔","conversation"
"That won't go to the organizers but affects prices so much.","یہِ واتہِ نٲضِمن نِشہِ مگر امہِ سٕتہِ چھٗ قٲمتس فرخ پیوان ۔","conversation"
"The fans are so crazy that they buy from them anyway.","شوقین چھِ واریٛاہ دیوانہٕ زِ تِم چھِ تِمَن نِش كٗنہِ طریقہٕ ہیوان ۔","conversation"
"I was about to quit the plan itself because of that, but I remembered you.","بہٕ اوسُس پانہٕ امہِ موُجوُب منصوبہٕ رد كرنس تیار ، مگر مےٚ پیوٚوُکھ ژٕ یاد۔","conversation"
"If it is difficult to get 5, can you try 2 at least?","اگر پانٛژھ اَننہِ مُشکِل چھٗ ، ژٕ ہٮ۪کكھہٕ کم از کم زٕ أنِتھ؟","conversation"
"2 tickets can be arranged.","2 ٹکٹَن ہُنٛد بنٛدوٗبستہٕ ہٮ۪کہِ گژھِتھ۔","conversation"
"I will ask my brother and get the tickets for you soon.","بہٕ پرٛیژھِ پننِس بٲیِس تہٕ اَنو ژے خٲطرٕجلٕد یہ ٹکٹہٕ ۔","conversation"
"You can send him the payment directly, that will be easy.","ژٕ ہٮ۪کَک تٔمِس پونٛسہٕ سیٚودُے سوٗزِتھ، سُہ روزِ آسان۔","conversation"
"Thank you yaar, I had promised my girlfriend.","چون شُکریا یارا، مےٚ اوس پننہِ گرٕل فرینڈِ وادٕ کوٚرمُت۔","conversation"
"She would have pestered me till the next concert.","سۄ کرِ ہا مےٚ بیٛکِس کانٛسٲٹس تام واریٛاہ تنٛگ۔","conversation"
"By the way, who goes to such concerts for the sake of music yar, it's just a high for me.","دریں اشنا ، یمن محفِلن منز كٗس چھٗ موسیقی خٲطرٕ گژھان یہِ چھُ میانہِ خٲطرٕ واریٛاہ ۔","conversation"
"But I can't tell this to her, as I told you, my friend.","مگر بہٕ ہٮ۪کہٕ نہٕ تٔمِس یہِ ؤنِتھ، یہِ مےٚ ژے وو٘نٗیہ میانہِ یارا۔","conversation"
"I understand the scenario.","بہٕ چھُس یہِ حالت سمجھان۔","conversation"
"Don't worry 2 tickets can be well arranged of.","مَہ بامبر 2 ٹکٹَن ہُنٛد ہٮ۪کہٕ اصل بٲٹھہِ انتظام گژھِتھ۔","conversation"
"I have already informed my brother and he has booked your tickets already.","مےٚ کٔر گۄڈے پننِس بٲیِس شیچھہِ تہٕ تٔمہِ چھِ چانہِ ٹکٹہٕ گۄڈے بُک کرِمَژٕ۔","conversation"
"So now you can be rest assured and collect it from me tomorrow when we will be meeting.","لہاذا ہیككھ وونہِ ژٕ مُطمعیٖن روٗزِتھ تہٕ پَگاہ رٹھتہٕ، ییٚلہِ أسہِ سمکھو ، مےٚ نِش ۔","conversation"
"Sure dude, thank you.","ٹھیٖک چھُ یارا۔ چون شُکریا۔","conversation"
"Most welcome, lets catchup soon.","کینٛہہ چھُنہٕ، چلو جلدٕیہ مِلو۔","conversation"
"Hello, is this Mrs. Radhika, Arts teacher at Trinity Elementary School?","ہیلو، تُہہِ چھِوٕ ٹرٛنِٹی اٮ۪لِمٮ۪نٹری سوٚکوٗلس منٛز آرٹسٕ وۄستاد مِسِز رادھِکا ؟","conversation"
"Yes. Who is this?","آ، تُہہِ کم چھِوٕ؟","conversation"
"My name is John Bernad, and I am Michele's father.","مےٚ چھُ جان بٔرنارڈ ناو تہٕ بہٕ چھُس مِشیل سٗند مول ۔","conversation"
"Okay sir, how can I help you?","اچھا جِناب ، بہٕ کیٛاہ مدتھ ہٮ۪کہٕ تۄہہِ کٔرِتھ؟","conversation"
"Michel has expressed an interest in learning music.","مِشلن چھےٚ موٗسیٖقی ہیٚچھنس منٛز دِلچسپی بٲومٕژ۔","conversation"
"I am so confused to select a genre.","بہٕ چھٗس صِنف شارنس منز شش پنجس منز گومٗت ۔گوس مۄنٛگہٕ ڈلس زِ بہٕ کُس انواع رٹہٕ۔","conversation"
"Could you assist me?","تو٘ہہِ ہیكوٕ مےٚ مدتھ کٔرِتھ؟","conversation"
"What is the easiest genre of music to learn?","موٗسیٖقی ہنز كو٘سہٕ ص،نِف چھے٘ ہیچھنہٕ باپت سہل ؟","conversation"
"Children should learn classical music, in my opinion.","میٲنہِ کِنہِ پزِ شُرٮ۪ن کلاسیٖکی موٗسیٖقی ہیٚچھِنہِ ۔","conversation"
"Is it beneficial for children to study classical music?","کلاسیٖکی موٗسیٖقی ہیٚچھِنہِ چھا شُرٮ۪ن کٮ۪نٛہہ فٲیدٕ دِوان؟","conversation"
"Yes. It's quite difficult but classical music has huge emotional benefits for children.","آ، یہِ چھٚ واریاہ سخ آسان مگر شُرٮ۪ن خٲطرٕ چھِ کلاسیٖکی موٗسیٖقی منٛز واریاہ جذبٲتی فٲیدٕ۔","conversation"
"According to studies, listening to live classical music evokes positive feelings in children.","مطالو٘ مطٲبِق، چھِ برون٘ٹھہٕ كٕنہِ کلاسیٖکی موٗسیٖقی بوزنہٕ سۭتہِ شُرٮ۪ن منٛز رٕتہِ جذبات ووتلان۔","conversation"
"It also has an effect on their listening and concentration abilities.","امہِ سٕتہِ چھٗ بوزنہٕ تہٕ توجہ مركوٗز كرنہٕ چین صلٲحیتن پیٹھ تہِ اشر پیوان ۔","conversation"
"Classical music is beneficial to children's development, that's nice.","کلاسیٖکی موٗسیٖقی چھےٚ شُرٮ۪ن ہٕنٛدِ نشو نُما خٲطرٕ فٲیدٕ منٛد، یہِ گوٚو جان۔","conversation"
"What other advantages does classical music have?","بیٚیہِ کیٛاہ فٲیدٕ چھِ کلاسیٖقی موٗسیٖقی آسان؟","conversation"
"Classical music necessitates practise and perseverance.","کلاسیٖکی موٗسیٖقی چھےٚ مشق تہٕ شٲبِت قدمی ہنز ضروُرت پٲدٕ كران ۔","conversation"
"This training will discipline the child's life.","امہِ تربیتہٕ سۭتہِ چھےٚ شُرِ سٕنٛز زنٛدگی باتہذیٖب بنان۔","conversation"
"It functions as an antidepressant.","یہِ چھےٚ ذحنی دباوس خلاف كٲم كران ۔","conversation"
"It also soothes children's minds.","بیٚیہِ چھےٚ یہِ شُرِ سٕنٛدس ذہنس سکوٗن واتناوان۔","conversation"
"Yeah, a calm child is more joyful.","آ، اکھ پُر سُکوٗن شُر چھُ زیٛادٕ خۄش آسان۔","conversation"
"As children learn to listen carefully rather than just hear,","تہِ کیٛازِ شُرِ چھِ ژھوٚرُے بوزنہٕ بجایہِ دھیانہٕ سان بوزُن ہیٚچھان،","conversation"
"their memory cells begin to work harder to store notes, tunes, tones, methods, approaches, and so on.","تِمن ہٕنٛز یاداشت چہِ سٮ۪لہٕ چھےٚ لیہِ، دھُنہٕ، طریقہٕ ، نۄقطہٕ نظر، بیترِ یاد تھاونہٕ خٲطرٕ زیٛادٕ محنت کران۔","conversation"
"Okay, I'll look for a classical music teacher in the area for Michele.","ٹھیكھ چھٗ ، تیٚلہِ وٕچھِن بہٕ امہِ باپتھ مِشیلس کیُتھ علاقس منز کانٛہہ کلاسیٖکی موٗسیٖقی ہٗند وۄستاد۔","conversation"
"I understand that classical music is India's soul.","مےٚ چھُ فِکرِ تران زِ کلاسیٖکی موٗسیٖقی چھُ ہِندوستانُک روٗح۔","conversation"
"That's great.","یہِ گوٚو جان۔","conversation"
"Please keep in mind that if she is not interested in classical music, you should not force her to learn it.","امہِ کتھِ ہُنٛد خیال گژھِ تھاوُن زِ ہرگاہ نہٕ تس کلاسیٖکی موٗسیٖقی منٛز دِلچسپی آسہِ، تۄہہِ پزوٕ نہٕ تس امہِ باپتھ زور کرُن۔","conversation"
"We should encourage them based on their abilities.","اسہِ پزِ تمن تِہٕنٛزِن صلٲحیتن ہٕنٛدِ حسابہٕ حوصلہٕ افضٲیی کرٕنہِ ۔","conversation"
"Sure ma'am.","آ ضروٗر محترمہٕ ۔","conversation"
"Thank you so much for your guidance.","تٗہنزِ رحنٗمٲیی باپت سیٹھاہ شُکرِیا۔","conversation"
"You are welcome, and please convey my greetings to Michele.","تُہُند خٲر مقدم ، مِشیلس ؤنزٮ۪وٕ میون مٗبارك ۔","conversation"
"Okay, bye!","اچھا ، خدا حافِظ ۔","conversation"
"Do you have a holiday tomorrow?","کیٚا پگاہ چھیٚیا ژےٚ چھُٹی؟","conversation"
"Why would I have a holiday on a weekday?","مےٚ کیازِ آسہِ ویٖک ڈیٚیَس پیٹھ چھُٹی؟","conversation"
"Well, there will be a rally tomorrow.","ٹھیٖک پگاہ آسہِ جلسہٕ۔","conversation"
"Our neighbourhood children got a holiday.","سانین ہمساے شُرین چھِ چھُٹی۔","conversation"
"I thought you will get one too,","مےٚ باسو ژےٚ تہِ ما چھے۔","conversation"
"I don't have any holiday.","مےٚ چھَنہٕ کانٛہہ چھُٹی۔","conversation"
"Then I think it'd be better if you take leave for tomorrow.","تیٚلہِ چھُ مےٚ باسان زِ یہِ روزِ بہتر اگر ژٕ پگاہ لِیو تھوَکھ۔","conversation"
"What is the big deal about this rally?","اتھ جلسَس متعلق کیٚا خاص کتھ چھِ؟","conversation"
"A lot of rallies happen all the time.","واریاہ جلسہ چھ دۄہے سپدان۔","conversation"
"This one will be huge.","یہِ اکھ چھِ واریٛاہ بٔڑ۔","conversation"
"Because all the major parties, Bharatiya Janata Party, Trinamool Congress, and Communist Party, are taking part in it.","تِکیازِ تمام بجہِ پارٹیہِ، بھارتیہ جنتا پارٹی، ترنمول کانگریس، تہٕ کمیونسٹ پارٹی چھِ اتھ مَنٛز حصہٕ نِنہٕ وٲلۍ۔","conversation"
"All of them?","تِم سٲرِی یا؟","conversation"
"Yes, and I doubt if you will be able to make it home on time.","آ، تہٕ مےٚ چھُنہٕ باسان زِ ژٕ واتکھ وقتس پیٹھ گرٕ۔","conversation"
"If you go to the office tomorrow.","اگر ژٕ پگاہ دفتر گژھکھ۔","conversation"
"I doubt it too.","مےٚ تہِ چھُ اتھ مَنٛز شک۔","conversation"
"But I know nothing about this.","مگر مےٚ چھنہٕ اتھ متعلق کِہنۍ تہِ پتہ۔","conversation"
"Why are they doing this?","تِم کیازِ چھِ یہِ کران؟","conversation"
"They are doing this because the government didn't do everything as they promised in the manifesto.","تِم چھِ یہِ کران تِکیازِ حکومتَن کوٚر نہٕ تہِ سورُے یتھ کٔنۍ تِمَو منشورَس مَنٛز وادٕ اوس کوٚرمُت۔","conversation"
"Is that so?","یی چھا؟","conversation"
"Then what about the time when Bharatiya Janata Party was ruling?","تیٚلہِ تمہِ وقتُک کیٚا ییٚلہِ بھارتیہ جنتا پارٹی ٲسۍ حکوٗمَت کران؟","conversation"
"They did not do it as promised either.","تِمَو تہِ کوٚر نہٕ تہِ وعدہ مطٲبِق۔","conversation"
"True, but who cares?","پوٚز چھُ، مگر کٔمِس چھِ فرق پیوان؟","conversation"
"This is how politics is always, right?","سیاست چھِ ہمیشہِ یژھی آسان، ٹھیٖک چھا؟","conversation"
"Yes, they protest against one other for publicity and stuff.","آ، تِم چھِ پبلِسٹی تہٕ چیزَن خٲطرٕ اکھ أکِس خٕلاف احتِجاج کران۔","conversation"
"But in reality, these get to nothing.","مگر حقیقتَس مَنٛز چھِنہٕ یِم کُنی واتان۔","conversation"
"Other than us suffering because of traffic and everything.","صرف اسہِ مشکِل اَنان ٹریفک تہٕ باقٕے چیزَو سۭتۍ۔","conversation"
"Exactly, I hope this won't be going on till tomorrow evening.","مالکُل، مےٚ چھِ امید یہِ روزِ نہٕ پگاہ شام تام کینٛہہ۔","conversation"
"Will you be going?","ژٕ گژھ کھا؟","conversation"
"I have to, there is so much work in the office.","مےٚ چھُ گژھُن، دفترَس مَنٛز چھِ واریٛاہ کٲم۔","conversation"
"I can't take a leave because of this.","بہٕ ہیٚکہٕ نہٕ امہِ موٗجوٗب لیٖو تھٲوِتھ۔","conversation"
"Then go by public transport tomorrow.","تیٚلہِ گژھِ زِ پگاہ پبلک ٹرانسپورٹس مَنٛز۔","conversation"
"We never know what might happen.","اسہِ چھنہٕ پتاہ کیٚا ہیکہِ گٔژھِتھ۔","conversation"
"What if there will be some fights?","اگر کینٛہہ لڑایہِ گیہِ تیٚلہِ؟","conversation"
"Remember, they burned down your colleague's bike a year before?","یاد کر، تِمو زول اکھ ؤری برونٛہہ چٲنِس دوستس موٹر سٲیکٕلۍ؟","conversation"
"You are worrying too much.","ژٕ چھُکھ زیٛادٕ بامبران۔","conversation"
"Nothing like that will happen.","تُتھ کینٛہہ گژھہِ نہٕ۔","conversation"
"Hey, how do you always get the highest marks in Geography?","ہے، ژےٚ کِتھہٕ پٲٹھہِ چھِی پرٛٮ۪تھ ساتہٕ جغرافیہ ہس منٛز اصٕل نمبر یِوان؟","conversation"
"You barely study.","ژٕ نے چھُکھ خھالٕیہ پران ۔","conversation"
"And then there's me!","تہٕ پتہٕ گوس بہٕ!","conversation"
"Hi, there's a little secret of mine that I follow.","ہے، مےٚ چھُ اکھ لۄکُٹ مۄکُٹ راز یُس بہٕ پالان چھُس","conversation"
"Wouldn't share with anyone...","ژٕ ونکھ نا کٲنٛسہِ۔۔۔۔","conversation"
"Between jokes apart, basically I have a keen interest in Geography from the very beginning.","ٹھٹھٕہ روٚستٕٗے ونے، دراصل چھےٚ مےٚ جغرافیہ ہس منٛز گۄڑٕ پٮ۪ٹھیہ سٮ۪ٹھاہ دِلچسپی روٗزمٕژ۔","conversation"
"Honestly I don't study the subject all round the clock.","پوٚزٕیہ بوز بہٕ چھُس نہٕ پوٗرٕ دویہ دوہس پران ۔","conversation"
"During the class hours when ma'am teaches us the chapters I try to connect it with the actual scenario and paint a picture in my mind.","ییٚلہِ كلاسس منز وو٘ستٲنی جی اسہِ سبق پرناوان چھے٘ ، بہٕ چھُس یہِ اصلی حالاتن سٕتہِ رابطہٕ كران تہٕ پنٛنِس ذہنس منٛز اکھ تصویٖر بناوان۔","conversation"
"That way even I get concepts clear too.","یِتھہٕ كٕنہِ چھِ مےٚ تصورات تہِ صاف گژھان۔","conversation"
"What do you mean by connecting with actual scenarios?","اصلی حالاتن سۭتہِ رلاونُک کیٛاہ مطلب چھُ؟","conversation"
"It's Geography! All there is to it is mountains, rivers, oceans, climate, and unnecessary numbers.","یہِ چھُ جغرافیہ! اتھ منٛز چھُ صِرِف بالن، وٮ۪تھن، سوٚدرن، موسمن تہٕ غٲر ضوٚروٗری عددن متعلق آسان ۔","conversation"
"What do you even like about it?","ژےٚ کیٛاہ چھُویہ اتھ منٛز تہِ خۄش کران؟","conversation"
"It's like the most boring of all the boring subjects.","یہِ چھٗ سارِوٕیہ موٗضوُحو منٛز بور كروٗن مضموٗن۔","conversation"
"If you think that way.","اگر ژٕ یتھیہ پٲٹھہِ سونٛچکھ ۔","conversation"
"As you know I tend to travel a lot and watch a lot of movies.","ژےٚ چھوٗیہ پتاہ ، بہٕ چھُس واریاہ سفر کران تہٕ بیٚیہِ واریاہ فِلمہٕ وٗچھان۔","conversation"
"Whatever we study, it's all around us, we need to look up.","یہِ تہِ ٲسۍ پران چھِ تہِ چھُ ٲسہِ أنٛدِ پٔکہِ ، اسہِ چھےٚ صِرِف وٕچھنٕچ ضروٗرت ۔","conversation"
"So whatever we study I try to recall the images and some of the places I have been to, or watched in movies and connect them.","لہاذا یہِ تہِ أسہِ پران چھِ بہٕ چھُس تمہٕ تصویٖرٕ تہِ تمہٕ جایہِ یاد پاونٕچ کوُشِش کران یوٚت بہٕ گوٚمُت چھُس، یا تِمہٕ فلمن منز وٗچھمٕتہِ چھِ ، تمنٕیہ سۭتہِ یہِ رلاوان ۔","conversation"
"That way it is more of a visual thing for me, and you will remember for a longer period of time.","اتھہٕ پٲٹھہِ چھُ یہِ میٛانہِ خٲطرٕ اکھ وٗچھنٗك چیٖز تہٕ چھُ واریاہس کالس یاد روزان۔","conversation"
"Have you ever thought of studying this way?","ژےٚ چھُتھٕہ زانٛہہ یتھہٕ پٲٹھہِ پرنُک سوٗنٛچمُت؟","conversation"
"Perhaps you're right, this method does help sometimes.","غٲلبنچھٗكھ شٕ سہی ، امہِ طریقہٕ سٕتہِ چھٗ كٗنہِ وِزِ مدتھ میلان ۔","conversation"
"But you know, for me it's very difficult to connect with a subject like Geography.","مگر ژےٚ چھیٚیہِ پیہ میٛانہِ خٲطرٕ چھُ جغرافیہ ہیِوِس مضموٗنس سۭتہِ رلُن سٮ۪ٹھاہ مٗشكَل ۔","conversation"
"Maybe it fascinates you because you travel a lot; in my case, on the other hand, it's all just fictitious information.","بنان چھٗ یہِ آسی شے٘ اوٕ موكھہٕ خوش كران زِ ژٕ چھٗكہ وارِیاہ سفر كران ، میٲنِس ماملس منز ، چھٗ بییہ طرفہٕ ، یہِ اپٕز زانكٲری ۔","conversation"
"Besides, we have Indian Geography as part of our syllabus, and you guys probably study the best places in the world!","امہِ مذیٖد، اسہِ چھےٚ ہندوستٲنہِ جغرافیہ نِصابٗك حصہٕ، تہٕ غٲلبن چھِو توہہِ لٗكھ دُنیا چٮ۪ن بہتٔریٖن جاین ہٗند مٗتعلہٕ كران ۔","conversation"
"It's different for us!","یہِ چھُ سانہِ خٲطرٕ الگ ۔","conversation"
"I can understand that it is a bit dfferent, but you can try watching a few videos for some selective topics, that also gives an idea.","بہٕ چھُس سمجان زِ یہِ چھُ رژھا الگ، مگر ژٕ ہٮ۪ککھ کٮ۪نٛہن چیٖدٕ چیٖدٕ مضموٗنن پٮ۪ٹھ کٮ۪نٛہہ ویٖڈیو وٕچھِتھ، تمہِ سۭتۍ تہِ چھُ اسہِ اکھ تصوٗر میلان۔","conversation"
"I kindoff started that way in the very beginning and then found alternatives.","مےٚ کوٚر گۄڑٕ گۄڑٕ تِتھے پٲٹھۍ تہٕ پتہٕ ژھٲنٛڈِم امِکہِ مُتبٲدِل۔","conversation"
"It is more of an audio-visual thing.","یہِ چھُ زیادٕ پاہن اکھ بوزنُک تہٕ وٗچھنٗك چیٖز۔","conversation"
"If you want I can help you on this.","اگر ژٕ ونکھ بہٕ ہٮ۪کے ژےٚ اتھ منٛز مدتھ کٔرِتھ۔","conversation"
"Yes, I guess I'd like that.","آ، مےٚ چھُ تی باسان۔","conversation"
"Do you think travelling so much has developed your liking for the subject or could it be the other way around?","ژےٚ چھُیہِ باسان یوٗتاہ سفر كرنہٕ سۭتہِ چھییہ ژےٚ اتھ مضموٗنس منٛز دِلچسپی ہُریمٕژ کنہٕ یہِ ہیٚکہِ اتھ برعقس تہِ ٲسِتھ ۔","conversation"
"I mean, does all this information about weather conditions, places, structures, and what not come handy when you're out exploring places?","میون مطلب چھُ زِ موسمٕی حالاتن، جاین، ڈانٛچن تہٕ باقٕے چیٖزن متعلق كیاہ ہیكہِ نہٕ بدس گژھِتھ ییلہِ توہہِ جایہ دریافت كریو ۔","conversation"
"Especially in India where there's hardly anything special to see!","خاص کرِتھ ہندوستانس منٛز، ییٚتہِ وٕچھنہٕ خٲطرٕ کھالٕے کانٛہہ خاص چیٖز چھُ !","conversation"
"It's not really the case.","یہ چھُنہٕ یتھ كٕنہِ ماملہٕ ۔","conversation"
"We have lot to see in India, most of the major waterbodies, hills and plains you will find in India too.","ہندوستانس منٛز چھُ وٕچھنہٕ خٲطرٕ واریاہ کٮ۪نٛہہ، زیٛادٕ تر بڈِ آبہٕ سر ، بال، تہٕ مٲدان وٕچھکھ ژٕ ہندوستانس منٛز تہِ۔","conversation"
"Like take for example the different Himalayan ranges which you can see from different states like Kanchenjunga, and many more are there, is one of a kind and each range have it's own feature to share.","مِشالے أسہِ نِمو ہِمالیہ بالہٕ سِلسِلہٕ یٗس تو٘ہہِ ہِ مٗختلِف رِیاستو٘ پیٹھہٕ وٗچھِتھ ہیكِیو٘ یتھ کٔنہِ زن کنچنجنٛگا تہٕ باقٕے چھِ، یِم اكی قٕسمٕكہِ چھِ پریتھ سِلسلہٕ چھٗ پنٕنہِ خصوُصِیات شرودھِ كران ۔","conversation"
"The waterbodies also tend to get divided in a number of places resulting in deltas and islands.","آبہٕ سر تہِ چھِ واریاہن جاین الگ گژھان ییٚمہِ کِس نٔتیٖجس منٛزآبہٕ ولِتھ زمینہِ ژكل تہٕ جٔزیٖرٕ چھِ بنان۔","conversation"
"Those masses of lands have some unique feature of their own.","تِمن زٔمیٖنہٕ ٹُکرن چھِ پنٕنہِ كین٘ہہ خصوٗصیات آسان۔","conversation"
"Maybe you're right! I remember miss Lea's class on Indian geography, and how she carved an intriguing picture for us.","ظٲہِرا چھُکھ ژٕ ٹھیٖک ونان! مےٚ چھُ ہندوستٲنہِ جغرافیہ ہس پٮ۪ٹھ مِس لی ہُنٛد کلاس یاد ، تہٕ سو٘ كِتھہٕ كٕنہِ ٲس سانہِ باپتھ اکھ دِلچسپ تصویٖر بناوان ۔","conversation"
"It's just how you can make the subject more interesting using different tips and tricks on your own.","یہِ چھُ صِرِف زِ توہہِ کِتھہٕ پٲٹھہِ ہیكِو اشارو تہٕ ژھلہٕ سٕتہِ موضوُع زیٛادٕ دِلچسپ بنٲوِتھ ۔","conversation"
"I dislike leaving the house for days but maybe I can try to keep an open mind and try looking at things the way you do.","مےٚ چھُ دۄہ وادن گرِ نٮ۪بر نیرُن کھران مگر بہٕ ہٮ۪کہٕ کھُلہِ زہن تھٲوِتھ تہٕ تِتھ پٲٹھہِ چیٖزن کُن وٕچھِتھ یتھہٕ پٲٹھہِ ژٕ وٗچھان چھُکھ ۔","conversation"
"These shows and movies might come handy.","یم شو تہٕ فِلمہٕ ہٮ۪کن بکار لٔگِتھ ۔","conversation"
"Good talk, man! Thanks a lot!","یہِ ٲس اکھ اصٕل کتھ باتھ۔ شُکریہ۔","conversation"
"Hello, I'm calling about booking a cab to take me from the university hostel to Z Square mall.","ہیلو، مےٚ کوٚر فون کیب بُک کرنہٕ خٲطرٕ، یۄس مےٚ یوٗنیورسٹی ہوسٹَل پیٹھ تُلتھ زیڈ سکوایر مال تراوِ۔","conversation"
"How soon can I get one?","میلس کوتاہ کال لگہ ؟","conversation"
"I can send one of our drivers to your address immediately.","بہٕ ہیکن پننیو ڈرایورَو منٛز اکھ تُہنٛدِس ایڈرسَس پیٹھ فورن سوٗزِتھ۔","conversation"
"Where do you want to be picked up from?","تُہۍ کَتہِ پیٹھ چھِو یژھان کھسنۍ؟","conversation"
"I will wait in the main campus which is very close to the entrance.","بہٕ پیارَو مین کمپسَس منٛز، یُس اینٹرینسَس واریٛاہ نزدیک چھُ۔","conversation"
"The security guard will let you in without issues.","سیکورٹی گارڈ ترٛایَو تۄہہِ انٛدَر کُنہِ مَسلہٕ ورٲے۔","conversation"
"Ok, can the cab enter the campus premises?","ٹھیٖک چھُ۔ کیاہ کیب ہیکیا کیمپس احاطس انٛدَر أژِتھ؟","conversation"
"Is that allowed?","کیٛاہ اتھ چھا اجازت ؟","conversation"
"We got into trouble with another university once; I am asking just to be sure.","اَسہِ گوٚو اَکہِ لَٹہِ أکِس یوٗنیورسٹی منز یہِ مَسلہٕ؛ بہٕ چھُس صرف پرٛژھان یقینی روزنہ مۄکھٕ۔","conversation"
"It's fine as long as they are notified beforehand.","یہِ چھُ ٹھیٖک یوٚتَتھ تام تِمَن گۄڈَے اطلاع یی کرنہٕ۔","conversation"
"I have informed them now so you will not face any trouble getting in.","مےٚ کوٚر تِمَن وُنی اطلاع، وۄنۍ گژھِ نہٕ تۄہہِ کانٛہہ تہِ مَسلہٕ۔","conversation"
"Ok, can you send me some sort of document or screenshot to validate this?","ٹھیٖک چھُ، کیٛاہ تُہۍ ہیکوٕ مےٚ یہِ تصدیق کرنہٕ باپت کُنہِ قسمُک کانٛہہ ڈاکمنٹ یا سکرین شاٹ سوٗزِتھ؟","conversation"
"I am sorry for the trouble, but it is company policy.","تکلیف باپت معافی، مگر یہِ چھِ کمپنی ہِنٛز پالسی۔","conversation"
"I have a copy of the campus guidelines that state this.","مےٚ چھِ کیمپس گایڑلاینَن ہِنٛز اکھ کاپی، یَتھ منٛز یہِ لیٚکھِتھ چھُ۔","conversation"
"I have just sent it to you on WhatsApp.","مےٚ سوٗزُو تۄہہِ ؤنی واٹس ایپس پیٹھ۔","conversation"
"Ok, that should work.","ٹھیٖک چھُ، یہِ تہِ چلہِ۔","conversation"
"For convenience in the future, you can make use of an app to avail our services in the campus.","برٛونٛہہ کُن سہوٗلیت باپت ہیکِو تُہۍ کیمپسَس منٛز سانہِ ایپہِ پیٹھ سٕروِس ورتٲوِتھ کٔرِتھ۔","conversation"
"It is called Trava-Go and is available in the Google Play Store.","اَتھ چھِ ونان تراوا-گو تہٕ یہِ چھُ گوٗگُل پٕلے سٹورَس منٛز دستیاب۔","conversation"
"That would help out a great deal.","اَمہِ سۭتۍ میلہ تۄہہ واریاہ سہوٗلیت۔","conversation"
"Are you familiar with the whereabouts of the hostel?","کیٛاہ ژَے چھےٚ یہِ پتہ ہوسٹَل کَتہِ چھُ؟","conversation"
"I am new to the area, so I am afraid I don't have a lot of idea.","بہٕ چھَس یَتھ علاقَس منٛز نوٚو،توے چھُس کھوژان۔ مےٚ چھُنہٕ زِیٛادٕ انٛدازٕ۔","conversation"
"But I am sure the driver who gets assigned to you will know their way around.","مگر مےٚ چھُ یٔقیٖن، یُس ڈرایوَر تۄہہِ اَسہِ سوٗزُو، تٔمِس آسہِ پنٕنۍ وَتھ پتہ۔","conversation"
"I'll send the location to you just in case he doesn't.","بہٕ سوزَو تۄہہِ لوکیشن، اگر نہٕ تٔمِس پَے آسہِ۔","conversation"
"Do I have to pay the fare beforehand or on arrival at the destination?","کیٛاہ مےٚ چھَاگۄڈٕے کرایہ دیُن؟ کنہ منزلس پیٹھ واتنہ پتہ؟","conversation"
"That is your choice.","تُہٕنٛز مرضی۔","conversation"
"You can either make the payment in advance or pay after the ride.","تُہۍ ہیکِو یا تہِ پیشگی دِتھ دِتھ یا تور وٲتِتھ۔","conversation"
"If you need the cab to wait for you, there will be additional charges.","اگر تۄہہِ کیب پیارناونک ضرورت آسِہ، اَتھ لگنَ تیٚلہِ علاوٕ پونٛسہٕ۔","conversation"
"There will be no need for that.","تمیُک پییہ نہ حاجت۔","conversation"
"I will be ready in ten minutes so I hope that the cab can be available by then.","بہٕ آسہٕ دَہَن منٹَن منٛز تیار، توقا چھُم کیب واتہ توتام۔","conversation"
"Ok, your cab is expected to reach your location in 15 minutes.","ٹھیٖک چھُ، تُہٕنٛز کیب واتہِ تُہنٛدِ جایہِ 15 منٹَن منٛز۔","conversation"
"Thank you for using our cab service.","شکریہ سٲنۍ کیب سٕروِس استعمال کرنہٕ باپت۔","conversation"
"Hello sir, I am Adarsh's mother.","آداب جناب! بہٕ چھَس آدرشٕنۍ موج۔","conversation"
"I am here to discuss some things about my son.","بہٕ آیَس یور پننِس نیٚچوِس مُتعلِق کینٛہہ کَتھ کرنہِ۔","conversation"
"As you are his class teacher, I felt it would be best if I discuss my worries with you.","تُہۍ چھِو أمۍ سٕنٛدۍ اُستاد، مےٚ باسیو یہِ روزِ اصل اگر بہٕ پنٕنۍ پریشٲنی تۄہہِ وَنَو۔","conversation"
"Please make yourself comfortable.","کینٛہہ چھُنہٕ تُہۍ ؤنِو مےٚ آرام سان۔","conversation"
"What would you like to discuss?","تُہۍ کیٛاہ چھِو یژھان وَنُن؟","conversation"
"I am worried about my son's growing addiction to mobile phones and video games.","بہٕ چھَس پننہِ نیٚچوِ سٕنٛدِ موبایل فون تہٕ ویڈیو گیم وچھنک کیو عادتَو سۭتۍ پریشان۔","conversation"
"He is always busy playing games on the phone.","سُہ چھُ پرٛیتھ وِزِ فونَس پیٹھ گیمہٕ آسان گِنٛدان۔","conversation"
"And I am really worried about his health and his studies as well.","تہٕ بہٕ چھَس سیٹھاہ پریشان تٔمۍ سٕنٛدِ صحتہٕ تہٕ پڑٲے مُتعلِق تہِ۔","conversation"
"Oh, that is worrisome.","اَہنہٕز، یہِ چھےٚ پریشٲنی ہِنٛز کَتھ۔","conversation"
"This addiction is increasing among these young kids.","یہِ عادت چھِ یِمَن لۄکٹین شُرین منٛز بڑان۔","conversation"
"You should try to incorporate some enjoyable hobbies in him to tackle this problem.","اَمہِ مَسلہٕ باپت پَزیٛو تۄہہِ یِمَن منٛز کینٛہہ خۄشگوار ہابی شٲمل کرنٕچ کوٗشش کرٕنۍ۔","conversation"
"Good hobbies as in?","یِتھ کٔنۍ زَن کٔمۍ اصل بابی؟","conversation"
"Can you give me some suggestions?","کیٛاہ تُہۍ ہیکوٕ مےٚ ؤنِتھ؟","conversation"
"You should encourage him to read story books in his free time.","تۄہہِ پزیو تٔمِس فری وقتَس منٛز سٹوری کِتابہٕ پرنٕچ ہٲل کرٕنی۔","conversation"
"It is the best hobby, in my opinion, for a student.","میانہ خیالہ چھِ یہِ ساروٕے کھۄتہٕ رُت ہابی طالب علمَس کیُت۔","conversation"
"Also, to get him away from mobile gaming, you can get him enrolled in a sports academy.","اَمہِ علاوٕ، سُہ موبایِل گیمنٛگ نِشہ دوٗر تھاونہٕ خٲطرٕ ہیکِو تُہۍ تٔمِس سپورٹس اکیڈمی منٛز دٲخلہِ کرنٲوِتھ۔","conversation"
"Martial arts, swimming, cricket, etc. are some good sports he can try.","مارشل آرٹس، ژھرٛانٛٹھ وایِنۍ، کرکٹ بیترِ چھِ کینٛہہ اصل کھیل، یِم سُہ ہیکہِ ٹراے کٔرِتھ۔","conversation"
"That way, he will stay fit as well.","تِتھ پٲٹھۍ روزِ سُہ فِٹ تہِ۔","conversation"
"When he is not playing games, he usually watches videos of some singing reality shows.","ییٚلہِ سُہ گیمہٕ آسہ نہ گِنٛدان ، تیٚلہِ چھُ سُہ عمومَن کینٛہَن سنٛگنٛگ رییلٹی شووَن ہِنٛدۍ ویڈیو ؤچھان۔","conversation"
"So, I felt he must be interested in music.","لہذا، مےٚ باسیو تٔمِس چھِ موسیقی منٛز دلچسپی۔","conversation"
"Should I enroll him in a music school instead?","کیٛاہ بہٕ کرنہٕ سُہ اَمہِ بدلہٕ میوٗزِک سکوٗلَس منٛز دٲخٕل؟","conversation"
"Will that be a positive hobby for him?","کیٛاہ یہِ روزیا تٔمِس کِژھ رٕژ ہابی؟","conversation"
"That will be a great hobby, no doubt.","بے شک، یہِ چھِ واریٛاہ اصل ہابی۔","conversation"
"You can do that.","تُہۍ ہیکِو تہِ کٔرِتھ۔","conversation"
"But you also need to make sure that he goes out and plays with other kids.","مگر تۄہہِ چھُو یہِ تہِ ؤچھُن زِ سُہ نیرِ نیبَر تہٕ گِنٛدِ باقی شُرین سۭتۍ تہِ۔","conversation"
"He needs to see the outside world and the joy of it.","تٔمِس چھِ نیبرِم دُنیا تہٕ اَمِچ خوشی ؤچھِنۍ ضروری۔","conversation"
"Yes, I am thinking of taking him to our nearest playground every evening.","جناب، بہٕ چھَس سونٛچان سُہ نِمَن بہٕ دُہٲے شامَس نزدیکی پلے گروانٛڈَس منٛز۔","conversation"
"And I will enroll him in a music school as well.","تہٕ بیٚیہِ کرَن بہٕ سُہ میوٗزِک سکوٗلَس منٛز تہِ دٲخٕل۔","conversation"
"I hope it makes a difference.","بہٕ چھَس وۄمید کران زِ یِمَو سۭتۍ پیٚیہ کینٛہہ فرق۔","conversation"
"I will buy him some good comic books as well so that he gets interested in reading books.","بہٕ اَنہٕ تٔمِس کینٛہہ اصل کامِک کِتابہٕ تہِ، تاکہِ تٔمِس گژھِ کِتابہٕ پرنَس منٛز تہِ دلچسپی۔","conversation"
"Yes, that should be your first step.","اَہن حض، یہِ گژھِ تُہنٛد گۄڈٕنیُک قدم آسُن۔","conversation"
"I think after doing that, he will find an interest in these things.","مےٚ چھُ باسان، یہِ کرنہٕ پتہٕ کرِ سُہ یِمَن چیزَن منٛز دلچسپی محسوس۔","conversation"
"Do you have any other queries?","کیٛاہ تۄہہِ چھِوٕ کینٛہہ بیٚیہِ سوال؟","conversation"
"No, sir, that is all I wanted to discuss.","نٔہٕز، جناب، یٖی اوس مےٚ ونُن۔","conversation"
"Thank you so much for your suggestions.","مشورٕ باپت تُہنٛد سیٹھاہ شُکریہ۔","conversation"
"You're welcome.","کینٛہہ چھُنہٕ۔","conversation"
"Please come again if the issue remains the same.","اگر معاملہٕ تِتھُۍ روٗد تیٚلہِ پزِ توہہ بیٚیہ یور یُن۔","conversation"
"Yeah, sure.","اَہن حض ضرور۔","conversation"
"Hi, are you new to this university?","آداب ! کیٛاہ تُہہِ چھِِوٕٕ یوٗنیورسٹی منٛز نوی ؟","conversation"
"Yes, I enrolled this year.","آ، مےٚ نِیوُ ییٚمی ؤرِیہِ دٲخلہِ۔","conversation"
"What about you?","تُہہِ ؤنِو پانَس مُتعلِق؟","conversation"
"I've also joined this year.","مےٚ تہِ نِیوُ ییٚمی ؤرِیہِ دٲخلہٕ۔","conversation"
"What is your name?","تۄہہِ کیٛاہ چھُو ناو؟","conversation"
"And which club did you join?","بیٚیہِ تۄہہِ كٹھ كلبس منز سپدِیو شٲمِل ؟","conversation"
"I am Debendra, and I joined the sports' club.","بہٕ چھُس دیبیندر، تہٕ مےٚ کوٚر سپورٹٕس کٕلب جوایِن۔","conversation"
"I joined the music club.","مےٚ کوٚر میوٗزِک کٕلب جوایِن۔","conversation"
"Are you interested in all kinds of sports?","کیٛاہ تُہہِ چھِوٕ پرٛٮ۪تھ قسٕمٕہ كِس کھیلَس منٛز دلچسپی تھاوان؟","conversation"
"No, actually I am more interested in biking than sports.","نَہ، بِزٲتی چھُ مےٚ سپورٹٕس کھۄتہٕ بایِک چلاونَس منٛز زِیٛادٕ دلچسپی۔","conversation"
"I like to ride long miles, it's my hobby.","مےٚ چھُس دوٗر دوٗر تام چلاوُن پسنٛد، یہِ چھُ میون شوق۔","conversation"
"But as there is nothing else that interests me here other than sports, so I joined it.","مگر ییٚتہِ چھُنہٕ بیٚیہِ کہیٖنہِ كھیلو٘ علاوٕ یَتھ منٛز مےٚ دلچسپی چھِ، اَمی موٗجوٗب کوٚر مےٚ یہِ جوایِن۔","conversation"
"I play football sometimes.","بہٕ چھُس کُنہِ کُنہِ ساتہٕ فُٹ بال گِنٛدان۔","conversation"
"Oh, really?","اوہ، پٔز پٲٹھہِ ہا ؟","conversation"
"You must be so adventurous then!","تیٚلہِ چھِو تُہہِ واریٛاہ مٗہِم جوُ !","conversation"
"Yes, you can say that.","اۭں، تُہۍ یٮ۪کِو تہِ ؤنِتھ۔","conversation"
"I am not really into these adventure sports.","بہٕ چھُس نہٕ واقعی یِمَنمٗہِم جوُ كھیلن منز ۔","conversation"
"How do you guys do it?","تُہہِ كِتھہٕ پٲٹھہِ چھِو یہِ کران؟","conversation"
"Aren't you scared?","تُہہِ چھِِو نَا کھۄژان؟","conversation"
"No, biking isn't scary and I am not an outrageous rider either.","نَہ، بایِک چلاوٕنۍ چھِنہٕ خوفناک تہٕ نَہ چھُس بہٕ خطرناک پٲٹھۍ چلاوان۔","conversation"
"You should try that; it is peaceful when the road is empty and beautiful.","تۄہہِ تہِ پَزِٮ۪و ٹرآے کرٕنۍ: یہِ چھُ سکوٗن دَہ ییٚلہِ سڑک خٲلی تہٕ خوٗبصورت آسہِ۔","conversation"
"By the way, is singing your hobby?","ویسے، کیٛاہ تۄہہِ چھُوٕ گٮ۪ونُک شوق؟","conversation"
"Yeah, I like singing.","اۭن، مےٚ چھُ گٮ۪وُن پسنٛد۔","conversation"
"How did you know, by the way?","ویسے، تۄہہِ کِتھ پٲٹھہِ چھے٘ پیہ؟","conversation"
"No, I just asked, as you said, you joined the music club.","نَہ، مےٚ پریُژھ یِتھٔیہ پٲٹھہِ ، یِتھ کٔنہِ زَن تۄہہِ وونُو، تۄہہِ کوٚروٗ میوٗزِک کٕلب جوایِن۔","conversation"
"What kind of music do you perform?","تُہہِ کَمہِ قسٕمُک گٮ۪وُن چھِو گٮ۪وان؟","conversation"
"I like singing Assamese songs.","مےٚ چھِ آسٲمہِ بٲتھ گٮ۪وٕنہِ پسنٛد ۔","conversation"
"But I do perform songs in other languages as well.","مگر بہٕ چھُس باقٮ۪ن زبانَن منٛز تہِ گٮ۪وان۔","conversation"
"Singing makes my mind calm.","گٮ۪ونہٕ سۭتہِ چھُ مےٚ دٮ۪ماغَس سکوٗن میلان۔","conversation"
"I love listening to songs and that's how singing became my hobby.","مےٚ چھِ بٲتھ بوزٕنہِ پسنٛد تہٕ اِتھٕٔیہ پٲٹھہِ گو٘ مے٘ بٲتھ گٮ۪وُنٗك شوق۔","conversation"
"Tell me more about your hobby.","بیٚیہِ وَن مےٚ پننٮ۪ن شوقن مُتعلِق۔","conversation"
"Wow, that is amazing.","واہ وا! یہِ گوٚو واریٛاہ اصل۔","conversation"
"As I told you, I like to ride long miles on my motorcycle.","یِتھ کٔنہِ زَن مےٚ تو٘ہہِ وونُو ، مےٚ چھِ دوٗر دوٗر میٖلہٕ وادن تام بایِک چلاوٕنہِ پسنٛد ۔","conversation"
"I mostly go out during the weekend with my group.","بہٕ چھُس زِیٛادٕ تَر ہفتہٕ كِس ٲخرس پیٹھ پننِس گروپس سۭتہِ گژھان۔","conversation"
"Would you like to come with us sometime?","کیٛاہ تُہہِ کٔروٕ کُنہِ ساتہٕ اَسہِ سۭتہِ یُن پسنٛد؟","conversation"
"Yeah, sure, why not?","اۭں، بِلکُل، کیٛازِ نہٕ؟","conversation"
"I would love to try that someday.","بہٕ کَرٕ پسنٛد کُنہِ دۄہ یہِ آزماوٗن ۔","conversation"
"Ok, I'll tell you the next time we go out on a ride.","ٹھیٖک چھُ، بہٕ وَنو تۄہہِ ییٚلہِ أسہِ بیٚکہِ لَٹہِ بایِک چلاوِنہِ گژھو ۔","conversation"
"What is your favorite destination, by the way?","ویسے، تُہنٛز پسنٛدیٖدٕ جایہ کوٚسہٕ چھِ؟","conversation"
"We often go to Meghalaya as both the roads and the places there are beautiful.","أس چھِ اَکثر میگھالیہ گژھان، کیٛازِ کہِ تَتہِ چھِ سڑکہٕ تہٕ جایہِ دۄشوٕے خوٗبصورت۔","conversation"
"Wow, that's amazing.","واہ وا! یہِ گوٚو واریٚاہ اصل۔","conversation"
"I'll come next time for sure, then.","بہٕ یِمہٕ بیٚکہِ لَٹہِ ضروٗر تیٚلہِ۔","conversation"
"Good morning, everyone.","صح بخیر، تۄہہ سارنٕے۔","conversation"
"As you all know, it's 5th June, which is observed as World Environment Day.","یتھ کٔنۍ زَن تۄہہِ سارنٕے پتہ چھِ، از چھُ 5 جوٗن، یُس عالمی ماحولیٲتی دۄہ رٔنگۍ مناونہٕ چھُ یِوان۔","conversation"
"Mr. Balasubramaniam here is the head of the Forest Department of the Eastern zone.","محترم بالاسوبرامنیم چھِ یتہِ وَنہٕ محکمٕکۍ مشرقی زونٕکۍ سربراہ۔","conversation"
"Over to him.","امہِ پتہٕ ونَن یِم۔","conversation"
"Good morning. I hope you all are well.","صبح بخیر۔ مےٚ چھِ امید تُہۍ سٲری چھِو وارٕ۔","conversation"
"I'm from the Forest Department.","بہٕ چھُس ونہٕ محکمہٕ پیٛٹھ۔","conversation"
"My job is to conserve one of the most, if not the most irreplaceable aspect of the planet's environment.","میٲنۍ کٲم چھِ زمین کہِ ماحولٕکۍ ساروی کھۄتہٕ زیٛادٕ ناقٲبل تنسیخ پہلوو مَنٛز اکھ بچاوُن۔","conversation"
"Given the alarming rates of increasing pollution, it's essential that we conserve what produces roughly one-third of the oxygen for the planet.","ماحولیٲتی آلودگی ہِنٛد حدٕ کھۄتہٕ زیٛادٕ بڑنہٕ سۭتۍ چھُ یہِ ضروٗری زِ أسۍ بچاوو یُس زَن تقریباً تریِم حصہٕ آکسیجن چھِ زمیٖن باپت پٲدٕ کران۔","conversation"
"So, this Environment Day, we want you to contribute to the forest cover of this area.","تَمہِ کِنۍ، یمہِ ماحولیٲتی دۄہ، أسۍ چھِ یژھان زِ تُہۍ نیِو یمہِ ٮ۪لاقہٕ کِس ونہٕ احاطس مَنٛز حِصہٕ۔","conversation"
"We will be planting trees together.","ٲسۍ وۄپداوو یِکوٹہٕ کُلۍ۔","conversation"
"I hope everyone will cooperate.","مےٚ چھِ امید سٲرٕے کرَن تعاوُن۔","conversation"
"We will be planting mainly banyan trees.","اٲسۍ وۄپداوو زیٛادٕ تر بَرگَد کُلۍ۔","conversation"
"There are also some samples of mango and other common species.","اتہِ چھِ کینٛہہ نَموٗنہٕ امب تہٕ باقٕے عام ذٲژن ہِنٛدۍ تہِ۔","conversation"
"We can work in teams if you like.","اگر تُہۍ یژھِو ٲسۍ ہیٚکو ٹیٖمَن مَنٛز کٲم کٔرِتھ۔","conversation"
"But these are very easy to plant.","مگر یِم چھِ واریٛاہ سہل رُوٕنۍ۔","conversation"
"Each one of you can manage one without any help.","تۄہہِ مَنٛ ہیٚکہِ پرٮ۪تھ کانٛہہ کپنہِ مددٕ ورٲے اکھ سَمبٲلِتھ۔","conversation"
"Each student has to plant at least one sapling.","پرٮ۪تھ کٲنٛسہِ طالبہِ علِمس چھُ کم از کم اکھ کُلۍ رُوُن۔","conversation"
"Do follow the instructions.","ہِدایتَن پٮ۪ٹھ کٔرِو عمل۔","conversation"
"I really hope you'll enjoy the day.","مےٚ چھِ پوٗرٕ امید زِ ژٕ کرکھ دۄہَس مزٕ۔","conversation"
"Someone as knowledgeable as Mr. Balasubramaniam has graced us with his presence.","دمحترم بالسبرامنیم ہیۍ أکۍ زٲنٛکار نفرن کٔر ٲسۍ پننہِ موٗجوٗدگی سۭتۍ فیضیاب۔","conversation"
"It's essential that students learn to conserve the environment, Mr. Desai.","یہِ چھُ ضروٗری زِ طالبہِ علِم ہیٚچھنۍ ماحول بچاوُن، محترم دیسایی۔","conversation"
"I'm happy to have been of help.","بہٕ چھُس خوش زِ بہٕ آوُس بکار۔","conversation"
"Let's get going, students.","بچو، ٲسۍ روزو پکان۔","conversation"
"Pick up a sapling and give it a home.","تُلِو اکھ کُل تہٕ دِیو أمِس گرٕ۔","conversation"
"Please feel free to ask me questions, if any.","اگر کینٛہہ سوال چھِ، مہربٲنی کٔرِتھ پرژھِو کھوژنہٕ ورٲے۔","conversation"
"Good morning ma'am!","صٗبحچہِ سلام محترمہ","conversation"
"I am here to get some information regarding life insurance policy.","بہٕ چھُس یور زندگی بیمہٕ چین پالسِین مٗتعلق كین٘ہہ زانكٲری حٲصِل كرنہِ آمٗت ۔","conversation"
"Could you please help me?","تو٘ہہِ ہیٚکِوٕٕٕ مےٚ مدتھ کٔرِتھ؟","conversation"
"Good morning, please have your seat.","صٗبحچہِ سلام، بِہِو ییٚتٮ۪تھ ۔","conversation"
"Sure, we are here to serve our customers.","ضروٗر، أسہِ چھِ ییٚتٮ۪ن خٔریٖدارن ہٕنٛدِ مدتہٕ خٲطرٕ بِہِتھ ۔","conversation"
"Anything you want to know related to our policies, I will help you.","توہہِ چھِوٕ سانٮ۪ن پالسِین متعلِق کٮ۪نٛہہ زانکٲری یژھان، بہٕ کرٕ تُہٕٗند مدتھ۔","conversation"
"May I know your name and age?","بہٕ ہیكا تٗہٗند ناو تہٕ وٲن٘س زٲِتھ ؟","conversation"
"I am Devanga Saikia and my age is 39.","بہٕ چھٗس دیوانگا سیکیا تہٕ میٲنہِ وٲن٘س چھِ 39 وریہہ ۔","conversation"
"I want to know which insurance policy is suitable for me at this age.","بہٕ چھٗس زانٗن یژھان میانہِ باپت كو٘سہٕ پالسی روزِ یتھ وٲن٘سہِ منز موضوں ۔","conversation"
"Also, I want to know the benefits.","تہٕ بیٚیہِ چھٗس امِكہِ فٲیدٕ زانٗن یژھان ۔","conversation"
"Thank you so much for letting us know your name and age.","اسہِ پنُن ناو تہٕ وٲنٛس ونٛنہٕ خٲطرٕ شُکرِیہ ۔","conversation"
"We have a very good policy known as Jeevan Umang.","اسہِ چھےٚ جیٖون اُمنٛگ ناوٕچ اکھ اصٕل پالسی۔","conversation"
"You can opt for that.","یُہۍ ہیٚکِو سو ژٲرِتھ ۔","conversation"
"What is the minimum basic sum assured in this policy?","اتھ پالسی منٛز کوتاہ سارِوٕیہ کھۄتہٕ کم رقم یقین دِہٲنی چھے٘ دِنہٕ یوان ۔؟","conversation"
"What is the minimum age entry for this policy?","اتھ پالسی منٛز کیٛاہ چھےٚ درٕج گژھنٕچ کم کھۄتہٕ کم وٲنٛس؟","conversation"
"What is the maximum age entry?","تہٕ درٕج گژھنٕچ زیٛادٕ کھۄتہٕ زیٛادٕ وٲنٛس کیٛاہ چھےٚ؟","conversation"
"Minumum basic sum assured is two lakhs rupees.","کم کھۄتہٕ کم یقین دِہٲنی ٗند رقم چھٗ زٕ لچھ روپیہِ ۔","conversation"
"Minumum age entry is 90 days.","درٕج گژھنٕچ کم کھۄتہٕ کم وٲنٛس چھےٚ نمتھ دۄہ۔","conversation"
"Maximum age entry for this policy is 55 years.","درٕج گژھنٕچ زیٛادٕ کھۄتہٕ زیٛادٕ وٲنٛس چھےٚ پانٛژونزاہ ؤری۔","conversation"
"Thank you so much for the information.","امہِ زانکٲری خٲطرٕ شُکرِیہ۔","conversation"
"What are the death benefits of this policy?","مرنہٕ کِس صوٗرتس منٛز کیٛا چھِ امہِ پالسی ہٕنٛدِ فٲیدٕ؟","conversation"
"Can I pay the premiums yearly?","بہٕ ہٮ۪کا پرٛیٖمیم وٕہٕرِ وہرِ بٔرِتھ۔","conversation"
"On death during first five years, sum assured on death shall be payble.","گۄڑنِکٮ۪ن پانٛژن ؤرین دوران مرنہٕ كِس صورتس منز آسہِ یقین دِہٲنی ہٗند رقم وٲجبٗل ادا ۔","conversation"
"On death after completion of five policy years but before the date of maturity, sum assured on death and loyalty addition, if any, shall be payable.","پانٛژن ورِین ہنز پالسی پوُرٕ گژھنہٕ مگر مٗكمل گژھنٕكہِ تٲریخہٕ برون٘ہہ یی موت گژھھنس پیٹھ یقین دِہٲنی تہٕ لایلٹی ہٗند اضٲفی رقم ، اگر كینہہ آسہِ ، وٲجبٗل ادا ۔","conversation"
"All these are applicable if all dues have been paid.","یم سٲری تیٚلی لاگوٗ گژھان ییٚلہِ سٲری بقایاجات ادا كرنہٕ آمٕتہِ آسن ۔","conversation"
"Premiums can be paid regularly at yearly, half-yearly, quarterly or monthly intervals.","پریٖمیم ہٮ۪کن باقٲیدگی سان وٕہٕرِ، شیٚیہِ ریٚتہِ ، ترٛیٚیہِ ریٚتہِ ، یا ریٚتہِ ریتہِ برنہٕ یِتھ۔","conversation"
"Can I surrender the policy before the maturity date?","بہٕ ہٮ۪کا پالسی مقرر وقتہٕ برٛۄنٛہہ ترٲوِتھ ژھنِتھ ؟","conversation"
"What will be the surrender value?","واپس کرنہٕ وِزِ کیٛاہ آسہِ اتھ قٲمتھ؟","conversation"
"Yes, the policyholder can surrender the policy after completion of three years before maturity.","آ پالسی کرن وول ہیٚکہِ یہِ پالسی مٗكمل گژھنہٕ برون٘ہہ ترٛےٚ ؤری پوٗرٕ گژھنس پیٹھ ترٲوِتھ ۔","conversation"
"You have to pay the premiums duly for at least 3 consecutive years.","تۄہہ پٮ۪نَوٕ پرٛیٖمیم باقٲیدگی سان کم از کم مٗسلسل ترٛٮ۪ن ؤرین تام بَرُن۔","conversation"
"The details of the process can be accessed from our Ready reckoned, kindly look into it.","امہِ عملہِ ہٕنٛدِ تفصیٖلات ہیكِیو تۄہہِ سانہِ تیار تقیلہٕ پٮ۪ٹھٕہ وٗچھِتھ ، مہربٲنی کٔرِتھ وٕچھِو اتھ منز ۔","conversation"
"The information have really helped me a lot.","امہِ زانٛکٲری سٕتہِ مِیوٗل مے٘ سیٹھاہ مدتھ ۔","conversation"
"Thank you so much!","شُکرِیہ۔","conversation"
"If you wish, I can assign one of our agents to contact you who can describe you in details.","اگر تو٘ہہِ ییٚژھِو، بہٕ ہٮ۪کن پنٗن اكھ كارندٕ توہہِ سٕتہِ رٲبطہٕ كرنہٕ باپت مٗتعن كرِتھ یٗس توہہِ تفصیلس منز ونہِ ۔","conversation"
"Could you please provide me your phone number?","توہہِ ہیٚکوٕ مےٚ پنُن فون نمبر دِتھ۔","conversation"
"That will be great!","تہٕ روزِ واریاہ جان!","conversation"
"Please note down my phone number.","مہربٲنی کٔرِتھ لیٖکھِو میٛون فون نمبر۔","conversation"
"Hello, I am looking to explore North-Eastern cuisine.","ہیلو ، بہٕ چھُس شمال مشرقی کھٮ۪ن ژھاران۔","conversation"
"My friend, Cyril told me you are the right person to talk to when it comes to food and restaurant recommendations.","میٲنۍ دوس، سیرلن وون مےٚ زِ تُہۍ چھِو کھٮ۪ن تہٕ ریسٹورنٹن ہِنٛد مشورٕ دِنہٕ باپت کتھ کرنہٕ خٲطرٕصحیح شخص ۔","conversation"
"Yes, I have been in this place for quite some time, so I can help you with food recommendations.","آ، بہٕ چھُس یتھ جایہِ واریٛاہ کالہٕ پٮ۪ٹھہٕ، تمہِ کِنہِ ہیٚکہٕ بہٕ توہہِ كھینس مٗتعلق مشورٕ دِتھ ۔","conversation"
"Khar, an Assamese delicacy, is a good place to start.","کھار، اكہِ مزٕ دارآسامہِ ضِیافتہٕ پیٹھہٕ شروع كرٗن چھٗ اصل ۔","conversation"
"Oh, I see. Is it vegetarian?","اوہ، اچھا ۔ یہِ چھا سبزی؟","conversation"
"What is it made of?","یہِ کمیُک چھُ بنیومُت؟","conversation"
"It is made of a mix of red rice, beaten pulses and raw papaya so it is completely vegetarian.","یہِ چھُ وزُلہِ توٚمُلہٕ، دٔجمٕژِ دالہِ تہٕ نیلہِ پاپییا كہِ رلہٕ سٕتہِ بنٲوِتھ لہاذا چھٗ یہِ پوُرٕ پطٲٹھہِ ویشنوِ ۔","conversation"
"A lot of Assamese spices also go into its making.","واریٛاہ آسامی مسالہٕ تہِ چھِ امہِ کِس بننَس مَنٛز لگان۔","conversation"
"Ok, I'll be sure to try that out","ٹھیٖک، بہٕ ازماو سُہ ضروٗر","conversation"
"What about bamboo rice?","بٲنس توٚملَس متعلق کیٛاہ خیال چھُ؟","conversation"
"I have heard that it is an Assamese special.","مےٚ چھُ بوٗزمُت زِ یہِ چھُ آسامٕچہِ خصوصِیت ۔","conversation"
"I can't quite remember the name; it starts with P; I think.","مےٚ چھُنہٕ پوٗرٕ پٲٹھہِ ناو یاد؛ مےٚ چھُ باسان یہِ چھُ پی سۭتہِ شروع گژھان۔","conversation"
"The dish you're talking about is called Pitha or Khola Pitha.","یتھ ضِیافتس متعلق ژٕ کتھ چھُکھ کران تتھ چھِ پیٹھا یا کھولا پیٹھا وَنان۔","conversation"
"Lightly flavored rice is filled in hollow bamboo stems to make it.","یہِ بناونہٕ خٲطرٕ چھُ ہلکہٕ خوشبوُ دار تو٘مٗل کھۄکھرین بٲنٛسہٕ نلن مَنٛز برنہٕ یِوان۔","conversation"
"Oh, so this dish is vegetarian, too?","اوہ،گو٘ یہِ ضِیافت تہِ چھِ ویشنو ؟","conversation"
"Yes, and it can have a sweet or a savoury flavor depending upon preference.","آ، تہٕ اتھ ہیكہِ یژھنہٕ حِسابہٕ موٚدُر یا نُنہٕ دار مزٕ ٲسِتھ۔","conversation"
"Most people prefer the sweet version, and it's normally eaten with curd and molasses.","زیادٕ تر لوٗکھ چھِ امہِ کِس موٚدرِس قٕسمس ترجیہہ دِوان، تہٕ یہِ چھُ عام طور زامُتِس دۄدس تہٕ گورس سۭتہِ کھٮ۪نہٕ یِوان۔","conversation"
"Ok, could you give me a few non-vegetarian recommendations?","ٹھیٖکچھٗ ، کیٛا ژٕ دِکھا مےٚ کینٛہہ غٲر ویشنوِ راے؟","conversation"
"I prefer non-vegetarian food, that's why.","تہِ کیٛازِ، بہٕ چھُس غٲر وشنٕوِ كھینس ترجیح دِوان ۔","conversation"
"In that case, smoked pork from Nagaland will satiate your taste buds.","تتھ صورتس منز کرِ ناگالینڑُک بوٚزمُت سور چٲنہِ مزٕكہِ تماہ پوُرٕ۔","conversation"
"It's crispy outside, soft and juicy inside, and the smoky flavor in it is very rich.","یہِ چھُ نٮ۪برٕ تروٚش، تہٕ انٛدرٕ نرم تہٕ رس دار، تہٕ اتھ چھُ واریٛاہ اصٕل دہِیوٗل مزٕ ۔","conversation"
"Oh, that sounds very tasty, but I don't eat pork.","اوہ، یہِ چھُ واریٛاہ مزٕ دار باسان، مگر بہٕ چھُس نہٕ سورٕ ماز کھٮ۪وان۔","conversation"
"I'll tell about this dish to my friend Cyril, though.","توتہِ ونہٕ بہٕ اتھ ضِیافتس متعلق پننِس دوست ، سیرلَس۔","conversation"
"Hmm.. then what about Thukpa?","ہہم۔۔۔ تیٚلہِ کیٛا چھُ تھٗكپاہس متعلق خیال ؟","conversation"
"It's a noodle based dish from Arunachal Pradesh and the ingredients in it vary from lentils to any kind of meat.","یہِ چھُ اروناچل پردیشٕچہِ نوڈلن پٮ۪ٹھ مبنی ضِیافت تہٕ امِكہِ جٗز چھِ دالہِ پیٹھہٕ کُنہِ تہِ قسمُک ماز آسان ۔","conversation"
"If you prefer fish, then Tenga fish dish from Assam will be to your liking.","اگر تو٘ہہِ گاڈن ترجیح دِوان چھِو ، تیلہِ كرِ توہہِ آسٲمہِ ٹینگا گاڈ خو٘ش ۔","conversation"
"I am fond of noodles, so Thukpa is the first on my list of North-Eastern dishes to try out.","مےٚ چھِ نوڈِیوٗل خو٘ش كران ، تہٕ لہاذا چھٗ تھٗكپا ا شمال مشرکی کھٮ۪نہٕ مَنٛز میٲنِس فہرِستس منز سرس ۔","conversation"
"I will try out Tenga as well.","بہٕ آزماو ٹینگا تہِ۔","conversation"
"Are North-Eastern dishes generally spicy?","کیٛا شمال مشرقی ضِیافتہٕ چھا عام طور مسالہٕ دار آسان؟","conversation"
"No, they're not spicy at all.","نہ، تِم چھنہٕ بلکُل تہِ مسالہٕ دار آسان۔","conversation"
"In fact, they are refreshing and aromatic.","درحقیقت چھِ تِم تازٕ دم تہٕ خۄشبو دار آسان۔","conversation"
"Hello, is it TATA Capital?","ہیلو! یہِ چھا ٹاٹا کیپٹل ؟","conversation"
"Yes it is TATA Capital.","آ، یہِ چھٗ ٹاٹا كیپٹِل ۔","conversation"
"How may I help you?","بہٕ کِتھہ کٔنہِ ہٮ۪کہٕ تُہٗند مددتھ کٔرِتھ؟","conversation"
"I want to avail some personal laon.","بہٕ چھُس کینٛہہ ذٲتی قرض نِیوٗن یژھان۔","conversation"
"Can you please check with my credit score and let me know how much can I get?","تو٘ہہِ ہیكِوا مہربٲنی کٔرِتھ میون کڑیڈٹ سکور سرٕ کٔرِتھ تہٕ مےٚ ؤنِتھ زِ مےٚ کوٗتاہ ہٮ۪کہِ میلِتھ؟","conversation"
"Yes sure please wait a minute.","آ پو٘ز چھٗ مہربٲنی كرِتھ اكِس مِنٹس انتطار","conversation"
"You can avail a loan of maximum 8 lakhs as per your credit score.","توہہِ ہٮ۪کِو پننِہِ کڑیڈٹ سکورٕ حسابہٕ زِیٛادٕ کھۄتہٕ زِیٛادٕ 8 لچھ تام قرضہٕ ہیتھ ۔","conversation"
"What is the rate of interest currently on personal loans?","وٕنکٮ۪س کیٛاہ چھُ ذٲتی قضن ہٗند شرح سوٗد؟","conversation"
"And may I know the procedure of applying for one?","تہٕ کیٛاہ بہٕ ہٮ۪کا درخاست دِنُک طٔریٖقہٕ زٲنِتھ؟","conversation"
"Personal loan interest rates can typically vary anywhere between 10.50% and 24%.","ذٲتی قرضٗك شرح سوٗد ہٮ۪کہِ عموٗمَن %10.50 تہٕ %24 درمیان كینہہ ٲسِتھ ۔","conversation"
"It is usually based on how you fulfill the personal loan eligibility requirements of the financial institution.","یہِ چھُ عموٗمَن یَتھ کَتھِ پٮ۪ٹھ مبنی زِ تو٘ہِ کِتھہٕ پٲٹھہِ کٔرِو مالیٲتی اِدارچہِ ذٲتی قرضہٕ باپت اہلِیتچہِ ضرورِیات پوٗرٕ ۔","conversation"
"There are quite a few documents that you need to submit for the process to start.","عمل شروٗع کرنہٕ خٲطرٕ چھِ تۄہہِ کینٛہہ دستاویزات جمع کرنٕچ ضروٗرت۔","conversation"
"The documents required to establish your credentials like Voter Card, Aadhaar Card and PAN Card.","پنںنہِ تصدیق كرنہٕ باپت چھِ توہہِ ووٹر کارڈ، آدھار کارڈ تہٕ پین کارڈ ہی دستاویز ضرورت ۔","conversation"
"Proof of identity and proof of residence.","شناخت تہٕ روزَن جایہِ ہُنٛد ثبوٗت۔","conversation"
"Income documents like salary slip for the last three months and IT returns statement.","آمدٕنی ہِنٛدِ دستاویز مِشالے پٔتمین ترٛین رٮ۪تَن ہندِ تنخواہ پرچہِ تہٕ آیی ٹی ریٹرن سٹیٹمنٹ۔","conversation"
"Do I need to visit the branch personally?","کیٛاہ مےٚ چھےٚ پانہٕ شاخس پیٹھ یِنٕچ ضروٗرت؟","conversation"
"Or can I apply online?","یا بہٕ ہٮ۪کا آن لایِن درخواست کٔرِتھ؟","conversation"
"Application can be done online.","درخاست ہٮ۪کو آن لایِن دِتھ۔","conversation"
"But for document submission and verification you have to visit the branch.","مگر دستاویز جمع کرنہٕ تہٕ تصدیٖق کرنہٕ خٲطرٕ پٮ۪وٚو تۄہہِ برانچس پیٹھ یُن۔","conversation"
"I'm a regular customer at your firm, you can check with that.","بہٕ چھُس تُہنٛدِ كاربٲرِ ادارٗك لگاتار خریدار ، توہہِ ہیكِو یہِ سرٕ كرِتھ ۔","conversation"
"Can I just send my documents to your office?","بہٕ ہٮ۪کا پنٕنہِ دستاویز تُہُنٛد دفتر سوٗزِتھ؟","conversation"
"Sir, it won't take much time, sending the documents might get mixed with the other applications.","جناب، اَتھ لگہِ نہٕ زِیٛادٕ وقت، دستاویز سوزنہٕ سٕتہِ ہٮ۪کَن یِم باقٮ۪ن درخواستن سٕتہِ رَلہٕ گژھِتھ ۔","conversation"
"What are the lower and upper limits on a personal loan, usually?","عموٗمَن، کیٛاہ چھِ ذٲتی قرضٗك بونِم تہٕ ہیرِم حدوٗد؟","conversation"
"We provide Personal Loans from a minimum of 75,000 to a maximum of 35,00,000/- depending on your eligibility.","أسہِ چھِ تُہنٛدِ اہلیت کہِ لحاظٕہ کم از کم 75,000 پٮ۪ٹھٕ زِیٛادٕ کھۄتہٕ زِیٛادٕ -/35,00,000 تام ذٲتی قرضہٕ فراہم کران۔","conversation"
"Ok then, thank you for the information.","تیٚلہِ چھُ ٹھیٖک، معلوٗماتو خٲطرٕ تُہُنٛد شُکریہ ۔","conversation"
"I'll visit the branch soon.","بہٕ یِمہٕ جلدٕیہ برانچس منز ۔","conversation"
"Please get in touch in case of any other assistance.","مہربٲنی کٔرِتھ کُنہِ تہِ بییہِ مدتہٕ خٲطرٕ کٔرزیو رٲبطہٕ۔","conversation"
"Kamala, when are you coming back to work?","بی، ژٕ کر یِکھ کامہِ پٮ۪ٹھ واپس؟","conversation"
"Have you even seen the calendar?","ژے چھُتہٕ زانٛہہ کیلنڈر تہِ وُچھمُت؟","conversation"
"It's been almost a month.","لگ بَگ ہیوٚتُن رٮ۪تھ گژھُن۔","conversation"
"I thought you said you were taking a leave for 10 days.","مےٚ باسیو ژے وونُتھ، ژے چھے دَہَن دۄہَن چھٗٹی ہینہِ ۔","conversation"
"I'm sorry ma'am.","مےٚ کٔرِو معاف محترمہ۔","conversation"
"I wasn't able to inform you.","مےٚ ہیو٘ك نہٕ تۄہہِ اطلاع دِتھ۔","conversation"
"Where even are you?","ژٕٕ تام کَتہِ چھَکھ؟","conversation"
"Are you still at your paternal house?","کیٛاہ ژٕ چھَکھٕ وُنہِ تہِ مالنہِ؟","conversation"
"No ma'am, I came home three days back.","نَہ محترمہ ، بہٕ آیَس ترٛےٚ دۄہ برٛونٛہہ گھرٕ ۔","conversation"
"Three days back?","ترٛےٚ دۄہ برٛونٛہہ؟","conversation"
"Why aren't you coming to work then?","ژٕ کیٛازِ چھَکھ نہٕ تیٚلہِ کامہِ یِوان؟","conversation"
"My hand is a bit swollen.","مےٚ چھُ اَتھس تھوڑا ورَم۔","conversation"
"I'm finding it difficult to work.","مےٚ چھِٗ کٲم كرنس مٗشكِل گژھان ۔","conversation"
"Swollen? Did you see a doctor?","ورم؟ کیٛاہ ژٕ گٕیكھہٕ ڈاکٹرَس؟","conversation"
"The doctor advised to take rest for a few days.","ڈاکٹرَن دِیوٗت کینٛہَن دۄہَن آرام كرنٗك مشورٕ ۔","conversation"
"He surely didn't mean a month?","تٔمۍ سُنٛد مطلب اوس نہٕ رٮ۪تھ؟","conversation"
"You haven't fractured your hand, have you?","ژے چھوٗیہِ نہٕ اَتھٕ پھُٹمُت، چھٗیہِ ؟","conversation"
"No ma'am, that's not the case.","نَہ محترمہ، تہِ چھُنہٕ۔","conversation"
"What is the case?","ماملہٕ کیٛاہ چھُ؟","conversation"
"I don't know, ma'am.","مےٚ چھَنہٕ پتہ، محترما","conversation"
"My hand is swollen, it hurts.","مےٚ چھُ اَتھس ورم، اَتھ چھُ لگان۔","conversation"
"If you had ever done your work properly, it wouldn't have.","اگر ژے زانٛہہ پنٕنۍ کٲم اصل پٲٹھۍ کٔرمٕژ آسہِ ہیَتھ ، یہِ گژھِ ہی نہٕ ۔","conversation"
"You never fold the clothes.","ژٕ چھَکھ نہٕ زانٛہہ پلوَن تَہہ کران۔","conversation"
"The utensils are never quite clean.","بانہٕ چھِنہٕ زانٛہہ اصل پٲٹھہِ صاف آسان۔","conversation"
"You don't even have to wash the clothes because of the washing machine!","واشنگ مشین آسنہٕ کِنہِ چھِی نہٕ ژے پلو تہِ چھَلنٕہِ پیوان ۔","conversation"
"This isn't done at all.","یہِ چھُنہٕ زان٘ہہ سپدان ۔","conversation"
"I do as much as I can, ma'am.","بہٕ یوٗتاہ بہٕ ہٮ۪کہٕ تیوُت چھس كران ، محترمہ۔","conversation"
"Don't talk back to me.","مےٚ سۭتہِ مَہ کر اورٕٕٕ کَتھ ۔","conversation"
"Stay back at home, relax.","بیہہ گَرِ، کر آرام","conversation"
"You don't need to come work for me anymore.","ژے چھیہ نہٕ وونہِ میانہِ خٲطرٕ کامہِ یِنٕچ ضروٗرت۔","conversation"
"I'm firing you.","بہٕ چھےٚ سَتھ ژٕ کٔڑِتھ ژھنان۔","conversation"
"Wow! this is so swanky.","زبردست! یہِ چھِ واریٛاہ دلکش۔","conversation"
"When did you get it?","یہِ کَر أنِتھ ژے؟","conversation"
"Can I drive, please?","مہرنٲنی كرِتھ، بہٕ ہٮ۪کا چلٲوِتھ؟","conversation"
"Are you sure you can?","ژے چُھیہِ یٔقیٖن زِ ژٕ ہٮ۪ککھ چلٲوِتھ؟","conversation"
"I don't want any harm to this beauty.","بہٕ چھُس نہٕ یژھان ییٚتھ خوبصوٗرتی کانٛہہ نۄقصان واتناوُن۔","conversation"
"Why not!?","کیٛازِ نہٕ!","conversation"
"I can try.","بہٕ ہٮ۪کہٕ کوٗشش کٔرِتھ۔","conversation"
"Do you not have insurance?","کیٛاہ ژے چُھی نَہ انشورنس؟","conversation"
"Haha..sorry I am kidding.","ہا ہا۔۔ معٲفی، بہٕ چھُسٕیہ ٹھٹھہٕ کران۔","conversation"
"You should have seen your face right now.","ژٕ گوٚژھکھ وٕنکٮ۪س پنُن بُتھ وُچھُن۔","conversation"
"What the hell?","یہِ كیاہ بكواس چھٗ؟","conversation"
"Jokes on my car are not allowed!","میانہِ گاڑِ منز چھَنہٕ مذاق کرنٕٗك اجازت !","conversation"
"You can joke on my life all you want.","ژٕ ہٮ۪ککھ میانہِ زندگی پٮ۪ٹھ کانٛہہ تہِ مذاق کٔرِتھ۔","conversation"
"Anyway, here you go.","بہرحال، كر شروع ۔","conversation"
"Let's take it for a spin.","چلو اتھِ منز چكراہ ۔","conversation"
"Have you named her yet?","کیٛاہ ژے تھوٚوتھٕ اَتھ وٕنہِ ناو؟","conversation"
"You have gotta name your car.","ژے پزی پننہِ كارِ ناو تھاوُن۔","conversation"
"Haha yeah!","ہا ہا ۔۔آ !","conversation"
"I am going to call her Athena.","بہٕ وَنہٕ اَتھ ایتھینا۔","conversation"
"You and your Greek names, man!","ژٕ تہٕ بیٚیہِ چٲنۍ یوٗنٲنی ناو، یارا!","conversation"
"Oh! the sound of the engine.","اوہ! انجنٕچ آواز۔","conversation"
"So cool!","بہتٔریٖن!","conversation"
"And it's smooth.","تہٕ یہِ چھِ سو٘تٕر۔","conversation"
"This must-have cost you a bomb.","یہِ آسہِ ژے واریٛاہ دٔرٕٛو٘ج پیمٕژ۔","conversation"
"It would have if my father wasn't rich.","آسہا اگر نہٕ میون مول امیٖر آسہا۔","conversation"
"It's a gift, man!","یہِ چھِ اکھ ڈٲلہِ، یارا!","conversation"
"On my salary, I can't even afford an iphone; forget a Ferrari.","پننِس تنخواہَس ہٮ۪کہٕ نہٕ بہٕ اکھ آیی فون تہِ أنِتھ، فیراری ہٕنٛز چھَنہٕ کتھٕیہ ۔","conversation"
"So, how do you like it?","اچھا، ژے کۭٲژاہ پسنٛد آیی یہِ؟","conversation"
"Isn't she better than Rahul's?","ژے یہِ چھَنَہ راہول نہِ کھۄتہٕ بہتر؟","conversation"
"Obviously!","سیودٗیہ۔۔۔","conversation"
"It's a ferrari.","یہِ چھِ فیراری۔","conversation"
"You should get that 'Dad's gift' written at the back.","ژے پزی 'مٲلہِ سٕنٛز ڈٲلہِ 'رٹٕنہِ ۔","conversation"
"Haha! This is not Gurgaon.","ہا ہا! یہِ چھُنہٕ گڑگاؤں۔","conversation"
"I'd die of embarassment every time I take her out.","ییلہِ بہٕ یہِ كڈٕ ، بہٕ چھٗس پریتھ ساتہٕ شرمندٕ گژھان ۔","conversation"
"How are people so confident about these things?","لوٗکن کِتھہٕ کٔنہِ چھِ یِمَن چیٖزَن مُتعلِق یوٗتاہ اعتماد؟","conversation"
"Because they have rich dads.","تِکیٛازِ تِمَن چھِ امیٖر مٲلہِ۔","conversation"
"Haha! it gives them the extra push.","ہا ہا! اَمہِ سۭتہِ چھُ تِمَن زِیٛادے پہَن دَکہٕ لگان ۔","conversation"
"Yeah, I guess.","آ، مےٚ باسان۔","conversation"
"Let's stop for a bite, shall we?","چلو کینٛہہ کھٮ۪نہٕ خٲطرٕ رُک٘و، رُکوٕا؟","conversation"
"Look at people gawking.","ؤچھ لوٗکھ چھِ ؤچھان۔","conversation"
"Hey Rahul, I recently watched The Kashmir Files.","ہے بی، مےٚ وٕچھِ حالٕیہ دَ کشمیٖر فایلز۔","conversation"
"What stunning performances by every single cast member!","پرٮ۪تھ أکہِ اداکارن کٲژاہ اصٕل کٲم چھےٚ کٔرمٕژ۔","conversation"
"I was particularly awestruck by the performance of Bhasha Sumbli!","بہٕ گوس بھاشا سُمبلی ہٕنٛز کٲم وٕچھِتھ خاصكرِتھ روٹہٕ ۔","conversation"
"Yes; her character was very challenging to portray.","آ؛ تٔمۍ سُنٛ کردار ادا کُر اوس سخ۔","conversation"
"Sumbli did absolute justice to the character of Sharda Pandit.","سُمبلی کوٚر شاردا پٔنٛڈت سٕنٛدِس کردارس سۭتہِ پوٗرٕ انصاف۔","conversation"
"Did you know that Sumbli herself belongs to the Kashmiri Pandit community?","ژےٚ چھیٚیہِ پے زِ سُمبلی چھےٚ پانہٕ تہِ کٲشٕر پنڈِت برادری سٕتہِ تعلٗق تھوان ؟","conversation"
"Yes, I recently came to know of it.","آ، مےٚ بوٗز یہِ حال ٛحالٕیہ ۔","conversation"
"I am especially amazed by how well she did in her debut!","بےٚ چھُس زیٛادٕ ہٲران زِ تمہِ کِژھ کٲم چھےٚ گۄڑنِچی فِلمہِ منٛز کٔرمٕژ۔","conversation"
"Oh no, The Kashmir Files is not Sumbli's debut!","نہ نہ، دَ کشمیٖر فایلز چھےٚ نہٕ سُمبلی ہٕنٛز گۄڑنِچ فِلِم!","conversation"
"She had earlier played a minor role in the 2020 movie Chhapaak.","تٔمۍ چھُ گۄڑٕ تہِ 2020 چہِ فلمہِ چھپاکس منٛز اکھ لۄکُٹ کِردار ادا کوٚرمُت۔","conversation"
"Is that so, what was her role?","اچھا، تس کٗس کِردار اوس؟","conversation"
"She played the sister of Basheer Khan, the man who throws acid on Malti's face.","تٔمہِ كو٘ر بٔشیٖر خاننہِ بیٚنہِ ہُنٛد کردار ادا ، سہُ نفر یُس مالتی بٕتھِس تیزاب چھكان چھٗ ۔","conversation"
"I see, I had thought that this was her first role.","اچھا، اچھا، مےٚ دوٚپ تس چھُ یۄہے گۄڑنیُک کردار۔","conversation"
"I read that Sumbli also broke down while shooting the climax.","مےٚ بوٗز سُمبلی ہیوٚت کلایمیکس شوٚٹ کران کران ودُن تہِ۔","conversation"
"Yes, the scene is too brutal and the fact that it is based on real incidents makes it even hard to watch, let alone enact.","آ، سہُ سیٖن اوس واریاہ کرٛوٗٹھ تہٕ یہِ پزر زِ سہُ چھُ پزٮ۪ن واقعاتن پٮ۪ٹھ مبنی چھُ یہِ وٕچھُن زیٛادٕ سخ بناوان، کردار ادا کرنٕچ چھَنہٕ کتھٕے۔","conversation"
"Did you know that Anupam Kher also belongs to the Kashmiri Pandit clan?","ژےٚ چھیٚیہِ پے زِ انُپم کھیر سٗند تعلٗق تہِ چھٗ كٲشرِس پنڈِت خاندانس سٕتہِ ؟","conversation"
"Yes, from his mother's side.","آ، ماجہِ ہٕنٛدِ طرفہٕ۔","conversation"
"And his character, Pushkar Nath Pandit, is named after his father.","تہٕ تس سٕنٛدِس کِردار، پُشکر ناتھ پٔنٛڈِت سُنٛد ناو چھُ تس سٕنٛدس مٲلس پیٹھ تھاونہٕ آمُت۔","conversation"
"He is such a natural actor, his acting look so effortless!","سہُ چھُ تیوٗتھ قودرتی اداکار، تٔمہِ سٕنٛز اداکٲری چھےٚاصلی باسان ۔","conversation"
"Yes, you should also see him in Dhokha, A Wednesday and Karma.","آ، ژےٚ پزی سہُ دھوکا، اےٚ وٮ۪ڈنٕزڈے تہٕ کرماہس منٛز وٕچھُن۔","conversation"
"The veteran ensemble cast delivers such convincing performances!","تجرُبہٕ کار اداکارن ہٕٗند رلہٕ مِلہٕ کاسٹ چھٗ امہِ قٕسمٕچ تسلا بخش اداکٲری ہاوان۔","conversation"
"It was so good to see Puneet Issar as DGP Hari Narayan.","ڈی جی پی ہری ناراین سٕنٛدس کردارس منٛز پُنیٖت ایسار وٕچھُن چھُ خۄش گژھان۔","conversation"
"Didn't he play Duryodhana in B.R. Chopra's Mahabharat?","تٔمۍ اوس نا بی آر چوپرا نِس مہابارتس منٛز دُریودھن سُنٛد کردار ادا کوٚرمُت؟","conversation"
"Yes he did, then there was also Mithun Chakraborty as IAS officer Brahma Dutt.","آ، تٔمۍ اوس کوٚرمُت، تہٕ بیٚیہِ اوس متھن چکرورتی تہِ بطور آیی اے اٮ۪س افسر بھرم دت سٕنٛدس کردارس منٛز۔","conversation"
"Even the newer talents like Amaan Iqbal and Darshan Kumar are so promising.","تہٕ امان اقبال تہٕ درشن کُمار ہِوِ نٔوِ ہُنر منٛد اداکار تہِ چھِ سٮ۪ٹھاہ وومید افضا ۔","conversation"
"Veteran actors remind me of Mrinal Kulkarni as Laxmi Dutt.","تجرُبہٕ کار اداکارن چھِ مےٚ لکشمی دت سٕنٛدس کردارس منٛز مرٛنال کُلکرنی یاد پاوان۔","conversation"
"I used to love her in Son Pari.","مےٚ ٲس سۄ سون پٔری منٛز خۄش کران۔","conversation"
"Pallavi Joshi's performance is really polished as well.","پلوی جوشی ہٕنٛز اداکٲری تہِ چھے٘ شاندار۔","conversation"
"Everyone who has seen the movie hates Professor Radhika Menon, all because of her superb acting.","یہِ فِلِم وٗچھن وول پریتھ كان٘ہہ چھٗ پروفٮ۪سر رادھِکا مٮ۪ننس نفرت كران ، صرف تس سٕنٛزِ شاندار اداکٲری ہٕنٛدِ وجہِ کِنہِ ۔","conversation"
"Indeed! It is not easy to portray negative roles but does Joshi deliver!","بے شك ،منفی کِردار ادا کرٕنہِ چھُنہٕ سہل آسان مگر جوشی چھےٚ اصٕل پٲٹھہِ نِبھاوان۔","conversation"
"Her screen time was very limited yet her portrayal leaves a strong impact.","تس سُنٛد سکریٖن ٹایم اوس سٮ۪ٹھاہ کم توتہِ چھِ تس سٕنٛز اداکٲری واریاہ اثر ترٛاوان۔","conversation"
"Every single actor absolutely aced their parts!","پرٛٮ۪تھ أکہِ اداکارن چھُ پنٗن کردار اصٕل پٲٹھہِ ادا كورمٗت ۔","conversation"
"Good day, gentleman, and welcome to the Artist's Galleria!","آداب جناب، تہٕ آرٹِسٹس گیلِریا ہس منٛز چھُ تُہُنٛد خٲرمقدم۔","conversation"
"Thank you, nice to meet you!","شُکریا، تۄہہِ سۭتہِ میٖلِتھ گٔیہِ مےٚ خٗشی ۔","conversation"
"Would you like some assistance?","تۄہہِ چھا کُنہِ قٕسمٕکہِ مدتُک ضروٗرتھ؟","conversation"
"Yes, I do.","آ، مےٚ چھٗ۔","conversation"
"Sir, we can say that there are various types of art.","جِناب، أسہِ ہٮ۪کو ؤنِتھ زِ فنس چھِ واریاہ قٕسٕم ۔","conversation"
"What are the different forms of art?","فنس کم کم قٕسٕم چھِ آسان؟","conversation"
"There are seven different types of art.","فنس چھِ ستھ قٕسٕم آسان۔","conversation"
"Painting, Sculpture, Literature, Architecture, Film, Music, and Theater are among them.","مصوری، مجسمہٕ سٲزی، ادب، فنہِ تعٲمیرٖ، فلم، موٗسیٖقی تہٕ تھیٹر چھِ یمن منٛز شٲمِل","conversation"
"Oh that's wonderful!","اچھا یہِ گوٚو جان!","conversation"
"When we think of art, the first thing that comes to mind is painting.","ییٚلہِ أسہِ فنس متعلِق چھِ سونٛچان چھِ گۄڑنیُک چیٖز یُس دٮ۪ماغس منٛز یِوان چھُ سہُ چھُ مصوری۔","conversation"
"What are the most important characteristics of painting?","مصوری ہٕنٛدِ اہم خصوٗصیات کیٛاہ چھِ؟","conversation"
"Painting is a method of expressing your artistic vision with the primary medium of paint.","مصوری چھےٚ تُہُنٛد فنکارانہٕ نۄقتہٕ نظر رنٛگہٕ کہِ بُنیٲدی ذریع سۭتہِ ظٲہِر کرنُک اکھ طٔریٖقہٕ۔","conversation"
"Paint can be applied in a variety of ways, including brushing, smearing, dabbing, and splashing.","رنٛگ ہٮ۪کو واریاہو طٔریٖقو کٔرِتھ یمن منٛز بٖٗرشِہ سٕتہِ، داگوٗن ، چھِكہٕ دِنہِ تہٕ چھِركاو شٲمِل چھِ۔","conversation"
"What are the different painting styles?","مصوری ہٕنٛدۍ الگ الگ طریقہٕ کم چھِ؟","conversation"
"There are many painting styles, including modernist, expressionist, classical, surreal, cubist, Chinese style, abstract, impressionist, and many more.","مصوری چھِ واریاہ انٛداز، یمن منٛزجدیدیت، اظہٲریت ،كلاسیكی، غٲر حقیقی ،نقٲشی ، چینی ،ابہٲمی ، تعاشٗرٲتی تہٕ بیٚیہِ واریاہ شٲمِل چھِ ۔","conversation"
"Okay. What about the second one - Sculpture?","اچھا، دوٚیمِس ، مجسمہٕ سٲزی متعلِق ؤنِو کٮ۪نٛہہ۔ ؟","conversation"
"Sculpture is an ancient type of visual art that dates back to the prehistoric era.","مجسمہ سازی چھُ اکھ قدیم قٕسمٗك بصری فن یُس قبل تواریخی دورٗك چھٗ ۔","conversation"
"A sculpture is a three-dimensional visual image created with traditional materials like clay, stone, ceramics, metals, or wood.","اکھ مجسمہٕ چھُ اکھ ترٛےٚ جہتی بصری تصویر آسان یُس رٮ۪وٲیتی مواد یتھ کٔنہِ زن میٔژ، کنہِ، سیرامکس، دھاتہٕ یا لٔکرِ سۭتہِ بناونہٕ اوان چھُ۔","conversation"
"Who were some of the most well-known ancient sculptors?","قدیم زمانٕكہِ مانٛنہٕ ینہٕ وٲلہِ مٗجسمہٕ ساز کُم ٲسہِ ؟","conversation"
"Michelangelo and Myron are two well-known classical sculptors.","مایکٕل اینٛجیلو تہٕ مایرن ٲسہِ زٕ مٲنِمٕتہِ مجسمہٕ ساز۔","conversation"
"Literature is the third one, right?","ادب چھُ ترٛیٚیم اکھ، چھُ نا؟","conversation"
"Sir, yes.Every creative form has a story to tell.","آ جَناب، پرٛٮ۪تھ کُنہِ بناونہٕ آمتِس چیٖزس چھےٚ ونٛنہٕ خٲطرٕ اکھ دٔلیٖل آسان۔","conversation"
"Literature, on the other hand, is a sort of language art that can be read or spoken.","ادب، چھےٚ بیٚیہِ طرفہٕ، اکہِ قٕسمٕچ زبانہِ ہٗند فن یٗس پٔرِتھ یا بوٗلِتھ ہٮ۪کو۔","conversation"
"Exactly! Architecture is a different type of art; it is the art of building structures. Am I correct?","بالکل! فنہِ تعمیٖر چھُ اکھ الگ قٕسمُک فن؛ یہِ چھُ ڈانٛچہٕ بناونُک فن۔ بہٕ چھُسہٕ ٹھیٖک ونان؟","conversation"
"Certainly, sir! The Great Pyramids, Rome's Coliseum, the Taj Mahal, Hagia Sophia, and Stonehenge are examples of ancient architectural marvels.","بِلكٗل جناب! عظیم اہرام، رومُک کولیزیم، تاج محل، ہاگیا صوفیہ، تہٕ اسٹون ہینج چھِ قدیم فن تعمیرٕكہِ حٲرتھ ۔","conversation"
"The other two are cinema and music.","باقٕے زٕ چھِ سیٚنِما تہٕ موٗسیٖقی ۔","conversation"
"Cinema is the most recent of the seven art forms, having been created barely over a century ago.","سیٚنِما چھُ فنہٕ کٮ۪و ستو قٕسمو منٛزٕ ساروٕیہ نوٚو، یُس محظ اکھ صٔدی برونٛہہ بناونہٕ آو۔","conversation"
"Movies are a two-dimensional projection of a three-dimensional world, an art form that involves both our hearing and visual senses.","فلمہٕ چھےٚ ترُ جہتی دُنیاہٕچ دُ جہتی شکٕل اکھ فنُک سہُ قٕسٕم یتھ منٛز سٲنہِ بوزنٕکہِ تہٕ وٗچھنٕكہِ حٮ۪س مٗبتلا چھِ گژھان ۔","conversation"
"Then we can say that music is the skill of arranging audible sounds and vibrations to create a musical composition employing melody, harmony, rhythm, and timbre.","تیٚلہِ ہٮ۪کو أسۍ ؤنِتھ زِ موٗسیٖقی چھُ اکھ سہُ ہُنر یتھ منٛز قٲبلہِ سماعت آوازن تہٕ تھرتھرن ترتیب دنہٕ یوان چھِ، یمن منٛز ترنٗم ، ہم آہنٛگی، لے تہٕ تال استعمال کرنہٕ یوان چھِ۔","conversation"
"Okay. So what about the final one?","ادسا، تہٕ ٲخری أکِس متعلِق کیٛا چھِِوٕ ونان؟","conversation"
"Theater is a type of art in which the artist incorporates both visual and dramatic elements.","تھیٹر چھُ فنُک سہُ قٕسٕم یتھ منٛز اکھ اداکار بصری تہٕ ڈرٛامٲیی عنٲصر شٲمِل چھِ کران۔","conversation"
"Since the 6th century BC, when the Ancient Greeks invented theatre, it has been a component of civilization.","شیٚیمہِ صدی قبل مسیح پٮ۪ٹھٕ، ییٚلہِ پرٛانٮ۪و یونانیو تھیٹر ایجاد کوٚر، چھُ یہِ تٔہذیٖبُک اکھ جٗز روٗدمُت۔","conversation"
"Sir, please take a look at our gallery and provide your important comments in the comment box.","جناب، مہربٲنی کٔرِتھ دِیِو تُہہِ سانہِ گیلری نظراہ تہٕ كریو پنٕنہِ تعاصٗرات كمینٹ بكسس منز فراہم ۔","conversation"
"Sure, thank you!","ضروٗر، شُکرِیہ!","conversation"
"Hi, Naman! This is Rahul.","آداب، نمن! بہٕ چھُس راہُل۔","conversation"
"How have you been doing?","ژٕ اوسکھا وارے؟","conversation"
"Hi, Rahul! I'm so glad you called.","آداب، راہُل! بہٕ چھُس خۄش ژےٚ کوٚرُتھ فون۔","conversation"
"I have been busy lately.","بہٕ اوسُس تنہٕ آوُر۔","conversation"
"I am researching the famous museums in India for my project.","بہٕ چھُس پنٛنہِ پرٛوجکٹ خٲطرٕ ہندوستان کٮ۪ن مٔشہوٗر عجٲیب گرن پٮ۪ٹھ تحقیٖق کران۔","conversation"
"Wow... That sounds great!","بہترین ۔۔۔ یہِ چھُ سٮ۪ٹھاہ جان باسان!","conversation"
"How is your project going?","چون پرٛوجکٹ کیُوتھ چھُ چلان؟","conversation"
"Well, I know there are so many museums in India.","ٹھیٖک چھُ، مےٚ چھےٚ پیہ ہندوستانس منٛز چھِ واریاہ عجٲیب گھر ۔","conversation"
"But, I would like to include only the most famous ones.","مگر، بہٕ کرٕ اتھ منٛز صِرف مشہوُرٕیہ یٲتہِ شٲمِل ۔","conversation"
"Are you still working for the tourist company?","ژٕ چھُکھٕ وٕنہِ تہِ ٹوٗرِسٹ کمپٔنی خٲطرٕ کٲم کران؟","conversation"
"Yes, I am still working in Yatra travel and tours.","آہنوٗ، بہٕ ہا چھُس وٕنہِ تہِ یاترا ٹرٛیول اینٛڈ ٹوٗرزس منٛز کٲم کران۔","conversation"
"Great! Could you please help me out here?","گوٚو جان! ژےٚ ہٮ۪ککھٕ مےٚ مدتھ کٔرِتھ؟","conversation"
"Yeah! I think you can include the three most famous museums in India.","آ! مےٚ چھُ باسان ژٕ ہٮ۪ککھ اتھ منٛز ہندوستانٕکہِ ترٛےٚ سارِوٕیہ کھۄتہٕ مشہوٗر میوٗزیم شٲمِل کٔرِتھ ۔","conversation"
"They are the National Museum Delhi, Indian Museum Kolkata, and Government Museum Chennai.","تم چھِ نیشنل میوٗزیم دہلی، اِنٛڈین میوٗزیم کولکاتا، تہٕ گورمنٛٹ میوٗزیم چنیی ۔","conversation"
"Great! That's good to know.","جان گوٚو! یہِ بوٗزِتھ گوس بہٕ خۄش۔","conversation"
"Why are they so important?","یم کیٛازِ چھِ ییٖتیٛاہ اہم ؟","conversation"
"National Museum has diverse articles from the magnificent ancient era.","قومی عجٲیب گرس منٛز چھِ عظیم پرٛانہِ زمانٕكہِ وارِیاہ چیٖز موٗجوٗد۔","conversation"
"It was constructed in 1949 on the corner of Janpath in the lively city of Delhi.","یہِ اوس 1949 ہس منٛز دِلہِ ہٕنٛدس زنٛدٕ دِل شہرس منٛز جنپتھ کِس کوٗنس پٮ۪ٹھ بناونہٕ آمُت۔","conversation"
"What do they display?","تِم کمِچ نُمٲیِش چھِ کران؟","conversation"
"It houses a variety of collections that include jewelry, paintings, armors, decorative arts, and manuscripts.","اتھ منٛز چھِ مٗختلِف مجموٗعہٕ یمن منٛز زیور، مٗصوِری ، زر بختر ، آرٲیشی فنوٗن تہٕ تحریری مسودٕ شٲمِل چھِ ۔","conversation"
"Wow... What about the Indian museum?","اوہو۔۔۔ ہندوستٲنۍ میوٗزیمس متعلِق کیٛاہ چھُ چون ونُن؟","conversation"
"It possesses six sections containing five galleries of creative and scientific work of art that are archaeology, geology, economic beauty, and art.","اتھ منٛز چھِ شےٚ حصہٕ یمن منٛز فنہٕ چٮ۪ن تخلیٖقی تہٕ ساینسی کامٮ۪ن ہٕنٛزٕ پانٛژ گیلرِی چھےٚ یم آثارِ قٔدیٖمہ، ارضیات، اقتِصٲدی خوٗبصوٗرتی تہٕ فن چھِ ۔","conversation"
"Great! Is it one of the oldest museums in the world?","سیٹھاہ جان! یہِ چھُ دُنیا کٮ۪و پرٛانٮ۪و میوٗزیمو منٛزٕ اکھ ۔","conversation"
"Yes, It was established in 1814 by the Asiatic Society of Bengal in Kolkata.","آ، یہِ آو 1814 ہس منٛز ایشیاٹِک سوسایٹی آف بنگال دٕسہِ کولکاتاہس منٛز قٲیِم کرنہٕ آمٗت ۔","conversation"
"That's interesting. Why is the Government museum so famous?","یہِ چھُ دِلچسپ۔ سركٲرِ عجٲیب گھر كیازِ چھٗ یوُت مشہوُر ؟","conversation"
"The Government Museum exhibits different varieties of geology, zoology, anthropology, and botany.","سركٲرِ عجٲیب گھر چھٗ ارضیات، حیوانیات، بشریات تہٕ نباتات کٮ۪ن الگ الگ قٕسمن ہٕنٛز نُمٲیِش کران۔","conversation"
"Established during the British Epoch in 1851, the museum is an ideal place for people who are inclined toward history and art.","1851ہس منٛز برطانوی عہدس دوران قٲیِم کرنہٕ آمُت یہِ عجیبہِ گھر چھُ تِمن لوٗکن خٲطرٕ اکھ بہتریٖن جاے یمن تٲریٖخس تہٕ فنس کُن رجحان چھٗ ۔","conversation"
"Do you have questions?","ژےٚ چھُیہِ کانٛہہ سوال؟","conversation"
"No, thank you very much for sharing this.","نہ، یہِ زانکٲری دِنہٕ خٲطرٕ شُکرِیا۔","conversation"
"I'll make a note of them.","بہٕ تھاوٕ یہِ لیٖکھِتھ۔","conversation"
"You are welcome!","خٲر مخدم ۔","conversation"
"Thank you for visiting the Literary Aid Association.","لِٹریری ایڈ اٮ۪سوسِییشن ینہٕ خٲطرٕ تُہُنٛد شُکریہ۔","conversation"
"What can I do to assist you?","تُہٕنٛز مدتھ کرنہٕ خٲطرٕ کیٛاہ ہٮ۪کہٕ بہٕ کٔرِتھ؟","conversation"
"Thank you very much!","شُکرِیہ!","conversation"
"I'd like to ask you a few questions about literary art in India.","بہٕ چھُس ہندوستان کِس ادبی فنس متعلق کٮ۪نٛہہ سوال پرٛژھٗن یژھان ۔","conversation"
"Okay, that's alright. I will try to help you with my knowledge and understanding.","ٹھیكھ چھٗ ، تہِ گوٚو جان۔ بہٕ کرٕ پنٛنہِ سمجہٕ تہٕ عٔلمہٕ زانكٲری سٕتہِ تُہٕٗند مدتھ کرنٕچ کوُشِش ۔","conversation"
"What is the definition of literary art?","ادبی فنٕچ وضاحت کیٛاہ چھےٚ؟","conversation"
"Literary arts are works of literature that are beautiful in style, theme, characters, or storyline. Lyric poems, dramas, short tales, and novels are all examples.","ادبی فنوٗن چھےٚ ادبچہِ تِمہٕ کامہِ یمہٕ اسلوٗبن، موضوُعن ، کِردارن تہٕ دٔلیٖلن ہٕنٛدِ لحاظٕہٕ خوٗبصوٗرت آسان چھِ ۔ گٮ۪ونہٕ ینہٕ واجنہِ نظمہٕ، ڈرٛامہ، ژھۄچہٕ دٔلیٖلہٕ تہٕ ناولہٕ سارے چھےٚ امہِ چہِ مثالہٕ۔","conversation"
"What is the importance of literary arts?","ادبی فنوٗنن ہٕنٛز اہمیت کیٛاہ چھےٚ؟","conversation"
"It allows us to exchange knowledge about anything in ways that aren't possible to express verbally.","یہِ چھُ اسہِ کُنہِ تہِ چیٖزس متعلق زانکٲری ظریٖقو بٲگرٛاونُک اِجازت دِوان یِہٗند زبٲنہِ اظہار مٗمكِن چھٗنہٕ ۔","conversation"
"We find a method to express our feelings, ideas, experiences, and whatever else comes to mind by writing.","اسہِ چھُ پنٕنہِ جذبات، خیالات، تجرُبہٕ، تہٕ بیٚیہِ یہِ کٮ۪نٛہہ تہِ سٲنِس دٮ۪ماغس منٛز یِوان چھُ، تہِ باونُک اکھ طٔریٖقہٕ میٛلان۔","conversation"
"Okay. Which is the earliest literature of India?","اچھا۔ ہندوستانُک سارِوٕیہ کھۄتہٕ پرٛون ادب کُس چھُ؟","conversation"
"The Vedas are India's oldest known works of literature.","وید چھِ ہندوستانٕچ سارِویہ کھۄتہٕ پرٛٲنہِ ادبی کٲم۔","conversation"
"They were written in Sanskrit and passed down from generation to generation orally.","یم ٲسہِ سنٛسکرٛت پٲٹھہِ لیٖکھِنہٕ آمٕتہِ تہٕ یم گیہ اكہِ پیرِ پیٹھہٕ بییِس پیرِ تام زبٲنی مٗنتقل ۔","conversation"
"Which are the genres of Literary art in India?","ہندوستانس منٛز کم صنفہٕ چھےٚ ادبی فنس منٛز؟","conversation"
"Prose, Drama, and Poetry are the three major genres.","نثر، ڈرٛامہ تہٕ شٲعری چھےٚ ترٛےٚ بجہِ صنفہٕ۔","conversation"
"Prose is a type of literature that follows a predictable pattern of conversation and syntax.","نثر چھُ ادبُک اکھ قٕسٕم یُس پیشگی قیٲصی گٗفگوُ تہٕ لفضہٕ ترتیبس پیٹھ پكان چھٗ ۔","conversation"
"A metrical story might be fiction or nonfiction, and it can cover a wide range of topics.","اكھ بہرِ ہندِ شعرٕكہِ وزنٕچہِ دٲستان ہیكہِ فرضی یا غٲر فرضی ٲسِتھ ، تہٕ ہیكہِ موضوعن ہندِس وصیح دٲیرس احاتہٕ كرِتھ ۔","conversation"
"Poetry, on the other hand, is a literary work that employs rhyme, rhythm, and other techniques to communicate a powerful feeling or concept.","بیٚیہِ طرفہٕ چھےٚ شٲیری اکھ ادبی کٲم یۄسہٕ اكہِ زبردست احساس یا تصور كہِ واتناویرٕ باپت شٲعری، لے تہٕ باقٕے تکنیٖکہٕ استعمال کران چھےٚ","conversation"
"What was India's first literary language?","ہندوستانٕچ گۄڈنِچ ادبی زبان کۄسہٕ ٲس؟","conversation"
"Sanskrit is the world's oldest language.","سنسکرٛت چھےٚ دُنیاہٕچ سارِوٕیہ کھۄتہٕ پرٛٲنہِ زبان؟","conversation"
"Could you please expand on this?","تُہہِ ہیٚکوٕٕ اتھ پٮ۪ٹھ وضاحت کٔرِتھ؟","conversation"
"Sure! Since the Shruti Parampara, Sanskrit literature has been passed down to us by oral tradition.","ضروٗر! تہِ كیازِ شرٛوٗتی پرمپرا پٮ۪ٹھٕیہ چھےٚ سنسکرٛت سینہٕ بہٕ سینہٕ اسہِ تام واتناونہٕ آمٕژ ۔","conversation"
"The maximum number of works is limited to poetry.","زیٛادٕ تر کٲم چھےٚ شٲعری تامٕیہ محدوٗد۔","conversation"
"A continuous flow of Sanskrit works in poetry can be traced back to the Rigveda, the oldest document in world literature.","شٲعری منٛز سنسکرٛت چٮ۪ن کامن ہُنٛد اکھ پکوُن بہاو چھُ رِگ ویدس منٛز لبنہٕ یوان، یُس دُنیٲیی ادبُک سارِویہ کھۄتہٕ پرٛون دستاویز چھُ ۔","conversation"
"That's fantastic!","یہِ گو٘ بہترین !","conversation"
"Sir, thank you for your excellent explanations.","جِناب، یمن بہترین تفصیٖلاتن خٲطرٕ شُکرِیہ ۔","conversation"
"You are welcome at any time!","تُہُنٛد چھُکُنہِ تہِ وِزِ خٲرمخدم !","conversation"
"Have a wonderful day!","تُہُنٛد دۄہ روٗزِن اصٕل!","conversation"
"Hello, I am calling to enquire about the visiting hours at the Qutub Minar.","ہیلو بہٕ چھُس قطب مینار گژھنٗك وقت زاننہٕ باپت فون كران ۔","conversation"
"Yes, the monument is open on all days and you can visit any time between 7:00 am and 5:00 pm.","آ، یادگار چھُ پرٮ۪تھ دۄہ ییٚلہٕ آسان تہٕ تُہہِ ہیٚکِو صبحٲے 7:00 بجہِ پٮ۪ٹھ شامَس 5:00 بجہِ تام کُنہِ تہِ وِز یِتھ۔","conversation"
"What is the entry fee for adults?","بالغن خٲطرٕ کیٛا چھُ دٲخلہٕ فیس؟","conversation"
"There is no different entry fee for adults.","بالغن خٲطرٕ چھُنہٕ کانٛہہ بدل دٲخلہٕ فیس۔","conversation"
"It depends on whether you are an Indian or a foreigner.","یہِ چھُ اتھ پٮ۪ٹھ دارمدار زِ تُہہِ چھِوا ہندوستٲنہِ كِنہٕ نٮ۪برِم۔","conversation"
"For Indians it is 35 rupees and for foreigners it's 550 rupees.","ہندوستانین خٲطرٕ چھُ یہِ 35 رۄپیہِ تہٕ نٮ۪برِمین خٲطرٕ چھُ یہِ 550 رۄپیہِ۔","conversation"
"I see. I am a student at Jadavpur University.","اَچھا، بہٕ چھُس جادوپور یونیورسٹی ہُنٛد طالبہِ علِم۔","conversation"
"Is there a student discount that I can avail?","اتہِ چھا کانٛہہ طالب علِم ریایت یمیُک بہٕ فٲیِدٕ ہیٚکہٕ تُلِتھ؟","conversation"
"I am planning on bringing four of my friends as well.","بہٕ چھُس سونٛچان زِ بہٕ انَکھ پنٕنہِ ژور دوست تہِ سۭتہِ ۔","conversation"
"There is no student discount as such.","تتہِ چھنہٕ طالب علِمَن باپت كان٘ہہ یژھ ریایت ۔","conversation"
"But you can get a discount if you purchase the tickets online or scan a QR code for payment.","مگر تۄہہِ ہیٚکہِ رِیایت مِلِتھ اگر تُہہِ ٹکیٹہٕ آن لایِن ہیٚیِو یا پونٛسہٕ برنہٕ خٲطرٕ کیٚو آر کوڈ سکین کٔرِو۔","conversation"
"Ok, here is my number.","ٹھیٖک چھُ، یہِ چھُ میون نمبر۔","conversation"
"Could you please send me a link to the website on WhatsApp?","تُہہِ ہیٚکوا مےٚ وٹس ایپس پٮ۪ٹھ وٮ۪ب سایٹہِ ہِنٛز لنک سوٗزِتھ ۔","conversation"
"Sure, I can do that.","ضروُر ، بہٕ ہیٚکہٕ یہِ کٔرِتھ ۔","conversation"
"You can book the tickets well in advance this way.","یتھ کٔنہِ ہیكِو توہہِ سیٹھاہ پیشگی ٹكٹہٕ بٗك كرِتھ ۔","conversation"
"Ok, which hours are the least busy?","ٹھیٖک چھٗ كمن گٲن٘ٹن دوران چھٗ كم آوریر آسان ؟","conversation"
"My friends and I need to visit the Qutub Minar to shoot a documentary.","مےٚ تہٕ میانٮ۪ن دوستن چھٗ اکہ دستاویزی فلمہِ ہِنٛز عقسبندی خٲطرٕ قطب مینار گژھُن۔","conversation"
"So, it would be ideal if we could avoid the crowd.","لہاذا ، روزِ اسہِ ہجوُم نِش دوُر روزٗن بہتر ۔","conversation"
"The monument is busy most of the time but especially from November to March because that is the best time for visiting it.","یادگارس پیٹھ زیادٕ ٿقتس رشٕیہ آسان مگر خصوصن نومبر پٮ۪ٹھہٕ مارچس تام تِکیازِ یہِ چھُ امیُک دورٕ کرنُک سارِوٕیہ کھۄتہٕ اصٕل وقت۔","conversation"
"The crowds have deteriorated a little due to covid so if you come early morning you should be able to shoot in peace.","کوویڈ کہِ وجہہ سۭتہِ چھٗ رش ہنا كم گومٗت اگر تُہہِ صبحس سُلی یِیو تُہہِ ہیٚکِو سکون سان عقس بندی كرِتھ ۔","conversation"
"Ok, early morning, I will keep that in mind.","ٹھیٖک، صبحس سُلی ، بہٕ تھوٕ یہِ ذہنَس مَنٛز۔","conversation"
"Can we go to the top of the tower?","أسہِ ہیٚکوا مینار کِس تین٘تٲلِس پیٹھ كھسِتھ ؟","conversation"
"It would be amazing if we could include the view from the top of the Minar in our documentary.","یہ آسہِ حٲرت اَنٛگیز اگر أسۍ پننہِ دستاویزی فلمہِ مَنٛز مینار کہِ تھزرٕ پٮ۪ٹھ ہیٚکو نظارٕ شٲمِل کٔرِتھ ہیٚکو ۔","conversation"
"It was possible earlier, but it is now banned because of an accident that occurred some time ago.","یہِ اوسبرون٘ہہ ممکن مگر اتھ پٮ۪ٹھ چھِ کینٛہہ وقت برونٛہہ حٲدثہٕ گژھنٕکہِ وجہہ كِنہِ وۄنہِ پابندی لگاونہٕ آمٕژ ۔","conversation"
"I'm sure you'll get many beautiful shots of the monument from the outside.","مےٚ چھُ یقین زِ تۄہہِ مِلَن نٮ۪بٕر کٕنۍ یادگارٕکہِ واریٛاہ خوبصورت منظر ۔","conversation"
"Oh, that's disappointing.","اوہ، یہِ چھُ مایوس کُن۔","conversation"
"But I guess we'll do with what we can get.","مگر مےٚ چھُ انداز أسہِ کرو یہِ کینٛہہ اسہِ میلہِ","conversation"
"It is ok to use a camera there, right?","تتہِ کیمرا استعمال کرُن چھا ٹھیٖک؟","conversation"
"Yes, of course, cameras are allowed.","آ، بالکُل، کیمرا ٗك چھٗ اجازَت۔","conversation"
"Good morning, how was your trip to Maharashtra?","صٗبحچہِ سلام ، چون مہاراشٹرٛاہُک چکر کیُتھ روٗد؟","conversation"
"Hello, it was amazing.","آداب ، سہُ روٗد واریاہ جان۔","conversation"
"I visited so many places and explored so much from local food to some well-known places.","بہٕ گوسواریاہن جاین تہٕ کوٚرُم واریاہ کٮ۪نٛہہ دٔریافت مقٲمی کھٮ۪ن چٮ۪نہٕ پٮ۪ٹھہٕ مشہوٗر جاین تام۔","conversation"
"You have to tell me everything, after all, you left me here and went alone for a week-long trip.","ژےٚ پیٚیی مےٚ وۄنہِ سورُے ونُن تہِ کیٛازِ ژےٚ ترٛووتھس بہٕ ییٚتی تہٕ گوکھ تور ہفتہٕ كہِ چكرٕ باپت کُنُے زوٚن۔","conversation"
"You too must take a trip to Maharashtra.","ژےٚ تہِ پزی مہاراشٹرٛا اکھ چکراہ کرُن۔","conversation"
"There are so many places you can visit, and especially when you are into historical places.","تتہِ ہیككھ واریاہن جاین گٔژھِتھ خاص کرتھ تٲریٖخی مقامات ۔","conversation"
"Yea, I heard a lot about the historical heritage of Maharashtra.","آ، مےٚ بوٗز مہاراشٹرٛا کِس تٲریٖخی ورثس متعلق واریاہ کٮ۪نٛہہ ۔","conversation"
"Did you visit Aurangabad?","ژٕ گوکھٕ اورنٛگاباد؟","conversation"
"Obviously, I couldn't take the chance of missing it this time.","آ، ییمہِ پھِرِ ہٮ۪کہٕ ہا نہٕ بہٕ تور گژھنُک موقع اتھٕ منٛزٕ ترٛاونٕچ غلظی کٔرتھ۔","conversation"
"I have already read so much about these places and last time I was out of time to visit Aurangabad.","مےٚ چھُ یمن جاین متعلق واریاہ کٮ۪نٛہہ پوٚرمُتت تہٕ پٔتمہِ پھِرِ آو نہٕ مےٚ تور گژھنُک وقتٕے۔","conversation"
"How many days did you spend there and what all did you see?","ژےٚ کٲتیٛاہ دۄہ دِتِتھ تتہِ تہٕ ژےٚ کیٛاہ کیٛاہ وٕچھُتھ؟","conversation"
"This time I was there for almost 10 days so I had quite sometime at my disposal.","ییمہِ پھِرِ اوسُس بہٕ تتہِ دہن دۄہن تہٕ امہِ کِنہِ اوس مےٚ سٮ۪ٹھاہ وقت ۔","conversation"
"I visited the famous Ajanta and Ellora caves.","بہٕ گوس مشہوٗر اجنتا تہٕ اٮ۪لورا گۄپھہٕ وٗچھِنہِ","conversation"
"Ajanta Caves, one of the oldest historical places in Aurangabad are known popularly for their cave paintings and Buddhist sculptures.","اجنتا گۄپھٕہ، اورنٛگ آباد کٮ۪و سار،وٕیہ کھۄتہٕ پرٛانٮ۪و تٲریٖخی مقامو منٛزٕ اکھ، چھےٚ گوفہٕ مٗصوِری تہٕ بودھ سنگترٲشی كِنہِ مانٛنہٕ یوان۔","conversation"
"It is surrounded by lush picturesque hills, these caves exhibit brilliant Indian architecture.","یِم چھےٚ سر سبٕر بالو سۭتہِ ؤلِتھ، یمہٕ گۄپھٕ چھےٚ بہتٔریٖن ہندوستٲنۍ فنہِ تعمیٖرُک مُظٲہِرٕ کران۔","conversation"
"Ellora Caves are considered to be one of the worlds largest rock-cut caves.","اٮ۪لورا گۄپھٕہ چھےٚ دُنیا چٮ۪و سارِوٕیہ کھۄتہٕ بجہٕ کنہِ ژٔٹِتھ بناونہٕ آمژو گۄپھو منٛزٕ ماننہٕ یوان","conversation"
"They are constructed between 600 and 1000 CE, the Ellora Caves consist of 100 Hindu, Jain, and Buddhist caves, out of which 34 are open to visitors.","یم چھےٚ 600 تہٕ 1000 عیسوی یس منٛز بناونہٕ آمژٕ، اٮ۪لورا گۄپھٕ چھےٚ ہتھ ہیٚنٛدِ، جین، تہٕ بودھ گۄپھٕن پیٹھ مٗشتمِل ، یمو منٛزٕ34 سٲلانٮ۪ن خٲطرٕ یلہٕ چھےٚ ۔","conversation"
"Did you saw Kailasanath Temple?","ژےٚ وُچھتھٕہٕ کیلاش ناتھ مندر؟","conversation"
"I heard it's the largest rock-cut monolithic temple.","مے٘ بوُز یہِ چھُ سارِوٕیہ کھۄتہٕ بوٚڑ اكسٕیہ کنہِ ژٔٹِتھ بناونہٕ آمُت منٛدر۔","conversation"
"Kailasanatha is a stunning cave temple, which is one of the 34 ancient caves of Ellora.","کیلاشناتھ چھُ اکھ حٲرتھ انگیز گۄپھٕہ منٛدر، یُس 34یو قدیم اٮ۪لورا گۄپھو منٛزٕ اکھ چھُ ۔","conversation"
"The 16th cave of the Ellora Caves, Kailasanatha is a monolithic structure built during the Rashtrakuta Dynasty and dedicated to Lord Shiva.","اٮ۪لورا گۄپھن ہٕنٛز شُرٲہِم گۄپھ، کیلاشناتھ چھُ اكی كٕنہِ منزٕ كوُرنہٕ آمٗتراشٹرٛاکُوٹ خاندان كِس دورس منٛز بناونہٕ آمُت بگھوان شِوس وقٕف ڈانٛچہٕ ۔","conversation"
"You mean it's Dravidian architecture?","چون مطلب چھا یہِ چھُ ڈرٛاوِڈ طرزِ تعمیٖر؟","conversation"
"It is completely in Dravida architecture.","یہِ چھُ پوٗرٕ پٲٹھہِ ڈرٛاوِڈین طرزِ تعمیٖر۔","conversation"
"Part of the famous Ajanta Caves, there are a total of 29 rock-cut Buddhist caves that ooze out calmness and serenity, which date back to the 2nd century BC and feature monasteries and chaitya grihas.","مہشوٗر اجنتا گۄپھن ہُنٛد حصہٕ، تتہِ چھےٚ کُل29 کنہِ ژٔٹِتھ بودھ گۄپھٕ یمو منٛزٕ سکوٗن تہٕ خاموشی چھِ ، یم دوٚیمہِ صٔدی قبٕل مٔسیٖح منٛز بناونہٕ آمٕژٕ چھےٚتہٕ یمن منز چھِ خانقاہ تہٕ چیتِیہ گھرٕ ۔","conversation"
"The walls of the caves are adorned with beautiful murals and impressive sculptures that tell about the life of Gautama Buddha.","گۄپھن ہٕنٛزٕ لبہٕ چھےٚ خوٗبصورت موُنہِ ژِتھرو٘ تہٕ مُتٲصِر كٗن سنگترٲشی سٕتہِ سجٲوِتھ یم گوتم بُدھ سٕنٛزِ زنٛدگی متعلق ونان چھِ ۔","conversation"
"True, Buddhist architecture is one of the most ancient achievements of the subcontinent.","پو٘ز چھٗ ، بودھ فنہِ تعمیٖر چھُ بر صغیٖر کٮ۪ن سارِوٕیہ کھۄتہٕ قدیم پراوتھہِ منز اكھ ۔","conversation"
"What about the Islamic architecture there?","اتہِ کِس اسلٲمی طرزِ تعمیٖرس متعلق کیٛاہ چھُ چون ونُن۔","conversation"
"You should definitely visit the Jama Masjid, which is one of the spiritually important Aurangabad monuments and is known popularly for its extraordinary architecture.","ژےٚ پزی ضرور جامع مسجد گژھُن، یۄسہٕ روحٲنیتہٕ لحاظہٕ اورنٛگ آباد کٮ۪و سارِوٕیہ کھۄتہٕ اہم یادگارو منٛزٕ اکھ چھےٚ، تہٕ پنٛنہِ غٲر موموُلی فنہِ تعمیٖرٕ خٲطرٕ مشہوٗر چھےٚ۔","conversation"
"This Islamic shrine features a total of 50 polygonal pillars, towering minarets, and awe-inspiring arches.","یہِ ا،سلٲمی استان چھُ پنٛژاہن پانٛژٕ کوٗنل ستوٗنن ، تھدٮ۪ن میٖنارن تہٕ مُتٲثر کُن محرابن ہُنٛد مظٲہرٕ کران۔","conversation"
"Did you see Aurangabad caves too, which are slightly different from Ajanta and Ellora?","ژےٚ وٕچھتھٕہٕ اورنٛگ آباد گۄپھٕہٕ تہِ، یمہٕ اجنتا تہٕ اٮ۪لورا نِشہِ الگٕے پہم چھےٚ؟","conversation"
"Yes, Excavated back in the 9th century CE, a conglomeration of five ancient Jain caves lie at the popular Ellora Caves and make for one of the most interesting Aurangabad monuments.","آ، نٔوِمہِ صٔدی منٛز کھنٛنہٕ آمٗت ، اکھ پانٛژن جین منٛدرن ہُنٛد مجموٗعہٕ چھُ اٮ۪لورا گۄپھن منٛز واقع تہٕ یم چھےٚ اورنگ آبادُک اکھ دلچسپ یادگار۔","conversation"
"Flaunting impressive carvings and paintings, these caves celebrate the beliefs and preachings of Jainism.","مُتٲثر کُن نقشہٕ نِگٲری تہٕ تصاویٖر یمہٕ گۄپھٕہ چھےٚ جینن ہندِ عٔقیٖدٕ تہٕ تٲلیم ہاوان ۔","conversation"
"I think you didn't miss Bibi ka Maqbara, which looks like a replica of the Taj Mahal.","مےٚ چھُ باسان ژےٚ آسٮ۪تھ نہٕ بی بی کا مقبرہ وٗچھنٕیہ ترٛوومُت، یُس تاج محلُک نقٕل ہیُو چھُ باسان۔","conversation"
"I couldn't miss it for the world.","بہٕ ہٮ۪کہٕ ہا نہٕ سہُ زمانس منٛز ترٲوِتھ ۔","conversation"
"Bibi-ka-Maqbara was built by the last Mughal ruler Aurangzeb in the loving memory of his beloved wife Dilras Banu Begum.","بی بی کا مقبرہ اوس ٲخری مۄغل پادشاہ اورنٛگ زیبن پنٛنہِ ٹاچھِ زنانہِ دِلرس بانو بیگمہِ ہندِس یادِس منٛز بنوومُت۔","conversation"
"It is considered to be the epitome of love and one of the prime historical places in Aurangabad.","یہِ چھُ محبتُک مظہر تہٕ اورنٛگ آباد کٮ۪و خاص تٲریٖخی مقامو منٛزٕ اکھ مانٛنہٕ یوان۔","conversation"
"Made of pure white marble and adorned with intricate carvings, this structure is also one of the largest Aurangabad monuments.","اصلی سنٛگہِ مر مر سۭتہِ بنٲوِتھ تہٕ زٲوِجہِ نقشہٕ نگٲری سۭتہِ سجٲوتھ ، چھُ یہِ ڈانٛچہٕ اورنٛگ آباد کٮ۪و بڑٮ۪و یادگارو٘ منٛزٕ اکھ ۔","conversation"
"Wow! you made me jealous.","آہا! ژےٚ كورٗتھ مے٘ رشك ۔","conversation"
"Next time I'll join you no matter what.","بیٚیہِ پھِرِ یِمے بہٕ كٗنہِ تہِ صوُرتس منز ژےٚ سۭتہِ ۔","conversation"
"Hey, Sufi.","ہو، سوفی۔","conversation"
"Are you busy right now?","کیٛا ژےٚ چھُیا وُکینَس آوٕریر؟","conversation"
"Hey Kirat.","ہے کِرت۔","conversation"
"Not really.","نہ کِہِنۍ نہٕ۔","conversation"
"Tell me.","وَن مےٚ","conversation"
"I was helping my dadu arrange some of his paperwork.","بہٕ أسٕس پننِس دادُوَس کینٛہہ کاغذ شیرتھ تھاونس مَنز مدد کران۔","conversation"
"And I found a scheme he has invested in but doesn't remember the particulars of.","تہٕ مےٚ لٔب اکھ سکیم یتھ مَنٛز تٔمۍ پونسہِ چھِ لٲگمٕتۍ مگر تمیُک تفصیل چھُس نہٕ یاد۔","conversation"
"Can you please help me with it?","کیٛا ژٕ ہیٚککھا مےٚ اتھ مَنٛز مدد کٔرِتھ؟","conversation"
"You have worked with an NGO which helped senior citizens with such things.","ژےٚ چھتھ أکِس NGO وَس مَنٛز کٲم کٔرمٕژ یُس بُزرگن یِتھین کامین مَنٛز مدد چھِ کران۔","conversation"
"Yeah, yeah.","آ۔ آ۔","conversation"
"Tell me what do you see?","مےٚ وَن ژےٚ کیٛا وُچھُتھ؟","conversation"
"So the paper reads: PM Vyaya Vandana Yojana.","کاغذس چھُ لیکِتھ: پی ایم ویایا وندنا یوجنا۔","conversation"
"What is it about?","یہِ کتھ متعلق چھُ؟","conversation"
"What are the benefits?","اتھ کیٛا فٲیدٕ چھِ؟","conversation"
"How does this work?","یہِ کِتھ کٔنۍ چھِ کٲم کران؟","conversation"
"Oh, he has invested in that?","اوہ، تٔمۍ چھا اتھ منز پونٛسہٕ لٲگۍمٕتۍ؟","conversation"
"It's a good welfare scheme by the governmnet.","یہِ چھِ حکومت طرفہٕ اکھ رٕژ ولفیر سکیم۔","conversation"
"This scheme comes under the Finance Ministry.","یہِ سکیم چھِ وزارت خزانہ ہَس تحت ۔","conversation"
"It is created to protect the senior citizens from a financial impact of the market.","یہِ چھِ بزرگ شہرین بازار کہِ مٲلی اثرات نِش بچاونہٕ باپت بناونہٕ آمٕژ۔","conversation"
"I don't get it?","مےٚ توٚگ نہ بوزُن ؟","conversation"
"How does it protect them from a dynamic market investment?","یہِ کِتھ کٔنۍ بچایہِ تِمَن بازار کہِ بدلن وولِ پونٛسہٕ لاگنہٕ نِش؟","conversation"
"Let me explain.","بہٕ تارَے فکرِِ۔","conversation"
"So, if there is a future fall in the interest income from investment then this scheme provides an alternative from such unpredictable investments.","تہٕ، اگر لٲگمٕتۍ پونٛسن ہِندِ سود چہِ کمایہِ مَنٛز برونٛہہ کُن کمی ییہِ تیٚلہِ چھِ یہِ سکیم یژھِ غیر متوقع پونٛسہٕ لاگنُک مُتبادلہٕ فراہم کران۔","conversation"
"Under this scheme, senior citizens get an assured return of 8 percent on their investment.","اتھ سکیمِ تحت چھُ بٕزرگ شہرِین تہنٛدِس پونٛسہٕ لاگنَس پیٹھ یقینن 8 فی صد فٲیدٕ مِلان۔","conversation"
"And if there is a differential return then that's borne by the government.","اگر اتھ فٲیدَس مَنٛز کمی پیشی ییہِ تہٕ سُہ چھِ تیلہِ حکوٗمت پوٗرٕ کران۔","conversation"
"What's a differential return?","کمی پیشی ہُند مطلب کیاہ چھُ؟","conversation"
"This scheme is in collaboration with LIC.","یہِ سکیٖم چھِ LIC یَس سۭتۍ اشتراک کٔرتھ۔","conversation"
"So, LIC will give an assured 8 percent on your investment.","تہٕ، LIC دِیہِ تہنٛدِس پونٛسہٕ لاگنَس پیٹھ یقینن 8 فی صد۔","conversation"
"If there is a difference, as in if there are any losses, then the government will bear it.","اگر کانٛہہ فرق چھِ، یتھ کٔنۍ زَن اگر کینٛہہ نقصان گژھہِ تہٕ سُہ کرِ حکومَت برداشت۔","conversation"
"Your investment will still be 8 percent.","تہنٛد پونٛسہٕ لاگُن روزِ توتہِ 8 فی صد۔","conversation"
"Oh, alright.","اچھا، ٹھیٖک۔","conversation"
"I get it now.","مےٚ آو وۄنۍ یہِ سمج۔","conversation"
"And what about the payouts?","تہٕ ادایگی متعلق کیاہ؟","conversation"
"The payouts are monthly for 10 years.","ادایگی چھےٚ دہَن ؤرۍ یَن خٲطرٕ ماہوار ۔","conversation"
"How much has dadu invested?","دادُوَن کٲتیاہ پونٛسہِ چھِ لٲگمٕتۍ؟","conversation"
"It shows initially 7.5 lakhs and later 15.","یہِ چھُ ہاوان گۄڈنیتھ 7.5 لچھ تہٕ پتہٕ 15۔","conversation"
"Yeah, so it was open for subscription only for one year and the capping of investment was later increased per family.","آ، تمہِ موٗجوٗب اوس یہِ صرف اکہ وری باپت سبسکرپشن ییٚلہ زن پتہٕ پریتھ خاندان باپت پونٛسہ لاگنک حد آو ہُراونہٕ۔","conversation"
"This really helps.","یہِ چھُ پزی مدد کران۔","conversation"
"He has no recollection of doing it.","تٔمِس چھُنہٕ یہِ کرُن یاد۔","conversation"
"I will go to their office and find out more.","بہٕ گژھہٕ تہنٛد دفتر تہٕ کرٕ مزید زانکٲری حٲصل۔","conversation"
"Anytime man.","کُنہِ تہِ وِز۔","conversation"
"Let me know if you need any more information.","مےٚ ؤنۍ زِ اگر ژےٚ مزید زانکٲری آسی ضروٗرت۔","conversation"
"Take care.","پنُن خیال تھو۔","conversation"
"Good morning class.","گُڈ مارننگ ، بچو!۔","conversation"
"Everyone, please take your seats.","بہِو پننہ پننہ جایہ۔","conversation"
"Today we will be talking about voters.","از کرو ٲس ووٹرَن متعلق کتھ۔","conversation"
"We all know that a person who casts his/her vote in an election is called a voter.","اسہِ سارنی چھُ پتہ یُس نفر اِلیکشنس مَنٛز پنُن ووٹ تراوِ، تٔمِس چھِ ووٹر وَنان۔","conversation"
"Now, can anyone tell me about what makes a voter eligible to vote?","وۄنۍ، کیٛا کانٛہہ ہیٚکیاہ کانہہ مےٚ ؤنِتھ أکِس ووٹرَس کیُتھ کیاہ چھُ ووٹ تراون لازمی؟","conversation"
"The person should be eighteen years of age or above.","کانہہ نفر گژھہِ اردہ وُہُر وٲنٛسہِ آسُن یا تمہِ کھۄتہٕ زیٛادٕ۔","conversation"
"Exactly. The Citizenship Act allows all citizens to vote regardless of any discrimination based on caste, religion, gender etc.","بلکُل۔ سٹیزن شپ ایکٹ چھُ تمام شہرِیَن ووٹ تراونُک اِجازَت دِوان ذات، مذہب، جنس بیترِ کِس بُنیادَس پیٹھ کانٛہہ فرق کرنہٕ ورٲے ۔","conversation"
"But they should be 18 years of age or above.","مگر تِم گژھن 18 وُہر وٲنٛسہِ یا تمہِ کھۄتہٕ زیٛادٕ آسٕنۍ۔","conversation"
"Also, the voters are only eligible if they are citizens of India.","بییٚہِ، ووٹر چھِ صرف ووٹ تراونَس قٲبِل ییٚلہِ تِم ہندوستانٕکۍ شہری آسَن۔","conversation"
"One needs to have Indian citizenship if one wants to vote in an Indian election.","یُس اکھا ہندوستٲنی الیکشنَس مَنٛز ووٹ چھُ یژھان تراوُن تٔمِس گژھہِ ہندوستانی شہریت آسٕنۍ۔","conversation"
"What other eligiblity criteria do you know?","اہلیت باپت کیاہ چھُ بیٚیہ معیار؟","conversation"
"Their name should be on the electoral roll.","تہنٛد ناو گژھہِ ووٹر لسٹس پیٹھ آسُن۔","conversation"
"Correct. The names of all the people who are eligible to vote will be present in the electoral roll.","ٹھیٖکھ۔ ووٹ تراونٕچ اہلیت والین تمام لوکن ہُنٛد ناو گژھِ ووٹر لسٹس پیٹھ موجود آسُن۔","conversation"
"You should add your name to the roll to be able to vote.","ووٹ تراونہٕ خٲطرٕ پزِ تۄہہ پنُن ناو لسٹس مَنٛز شٲمِل کرناوُن۔","conversation"
"You should be an ordinary resident of the part/polling area of the constituency where you want to be enrolled.","تُہۍ گژھو امہِ حصکۍ/پولنگ حلقٕکۍ عام روزَن وٲلۍ آسٕنۍیتین تُہۍ پنُن ناو چھِو یژھان شامل کرٕنۍ۔","conversation"
"Ma'am, I heard that if you enroll at a particular place, you can only vote at that place?","میم! مےٚ چھُ بوٗزمُت زِ اگر تُہۍ کُنہِ جایہِ ناوزد گٔژھِو، تُہۍ ہیٚکِو صِرف تٔتھۍ جایہِ ووٹ ترٲوِتھ۔","conversation"
"Yes, enrollment is possible only at one place.","آ، شمولہ باپت چھِ صرف أکۍسٕے جایہِ پیٹھ مُمکِن۔","conversation"
"So, if you enroll as a voter at your constituency, wherever you are, you need to come to your constituency to cast a vote.","لہاذا، اگر تُہۍ پننِس حلقس مَنٛز شامل گٔژھِو، یتہِ تُہۍ چھِو، تۄہہِ چھُو ووٹ تراونہٕ باپت پننِس حلقس مَنٛز یُن۔","conversation"
"You won't be an eligible voter at any other booths.","تُہۍ آسِو نہٕ باقٕے بوتھَن پیٹھ ووٹ تراونَس اہل۔","conversation"
"Do differently-abled people have special privileges to caste vote?","خاص زمرٕ کین لوکَن چھا ووٹ تراونہٕ باپت خصوصی مراعات؟","conversation"
"They are registered as voters with disablities.","خصوٗصی زمرٕ ووٹرن تحت چھُ تہنٛد اندراج۔","conversation"
"As for privilege, they don't have to stand in queues while in the polling booth.","مراعات مطٲبِق چھُنہٕ تِمَن پبلنٛگ بوتھس پیٹھ لٲنہِ مَنٛز کھڑا روزُن۔","conversation"
"But, a person with unsound mind will be exempted from voting.","مگر، دمٲغی طور ناخیز نفر ییہِ ووٹ تراونہٕ نِشہ دوٗر تھونہٕ۔","conversation"
"Oh, are there other people who are not eligible to vote?","اوہ، بییٚہِ چھاہ کینٛہہ لوکھ یِم نہٕ ووٹ تراونَس اہل چھِ؟","conversation"
"Yes. In India, according to the Representation of the People Act, 1951 of the Indian Constitution, all convicted prisoners are disqualified from voting.","آ، ہندوستانَس مَنٛز، ہندوستانی آئینٕک عوٲمی نمائندگی ایکٹ، 1951 ہَس مُطٲبق، سزا یافت قیدۍ چھِ نہٕ ووٹ تراونَس اہل۔","conversation"
"That includes prisoners on parole and detained prisoners.","اتھ مَنٛز چھِ پیرولَس پیٹھ تراونہ آمتۍقیدۍ تہٕ زیر حراست قیڈی شٲمِل۔","conversation"
"The same goes for people who hold another country's citizenship.","یِم لوکھ باقی ملکَن ہِنٛد شہری چھِ تِمَن پیٹھ تہ چھُ یہے قانون۔","conversation"
"India does not recognise multiple citizenships.","ہندوستان چھُنہٕ کثیر شہریتس تسلیم کران۔","conversation"
"So, if you posses another country's citizenship, you lose your Indian citizenship and your right to vote.","لہاذا، اگر تۄہہِ کُنہِ بییٚہِ ملکٕچ شہریت چھِ، تہٕ تُہۍ چھِو پنٕنۍ ہندوستٲنۍ شہریت تہٕ ووٹ تراونُک حق راوراوان۔","conversation"
"We didn't know that ma'am.","میم۔ اسہِ اوس نہ یہ پَے۔","conversation"
"You also need to have a valid Voter's ID, right ma'am?","تۄہہِ گژھہِ اکھ جایز ووٹر آیی ڈی تہِ آسُن۔ پوٚز چھا میم؟","conversation"
"Yes, yes. You need a valid Voter's ID.","آ، آ۔ تۄہہِ گژھِ جایز ووٹر ID آسُن ۔","conversation"
"Then only your name will be enrolled on the electoral roll.","ادَے ہیٚکہ تہنٛد ناو ووٹر لسٹس منز شامل سپدِتھ۔","conversation"
"You can have the Voter's ID by registering online, or at a service centre with appropriate documents.","تُہۍ ہیٚکِو ووٹر آیی ڈی آن لایِن، یا سروِس سینٹرس پیٹھ مُنٲسِب دستاویز دِتھ حٲصِل کٔرِتھ۔","conversation"
"This will be all for today.","یہِ گوٚو از خٲطرٕ کٲفی۔","conversation"
"Talk with your families about their experiences as voters for the next day.","پننین گرکین بٲژن تہندین ووٹر ببنکس تجربس متعلق پرژھُن پگاہ باپت۔","conversation"
"Yes ma'am, thank you.","آ۔ شکریہ میم!","conversation"
"Hello, I'm here to issue a PAN Card.","دوٚپمو، بہ چھُس آمُت PAN کارڈ جٲری کرنہِ۔","conversation"
"Is it for yourself?","تۄہہِ چھُوٕ یہِ پانَس کیُتھ؟","conversation"
"For me and my daughter actually.","در اصل، میانیہ کورِ کیُتھ۔","conversation"
"But, my daughter has British citizenship.","مگر، میانہِ کورِ چھِ برطانوی سٹیزنشِپ۔","conversation"
"Oh, that is alright.","اوہ! ٹھیٖک چھُ۔","conversation"
"Can you list the documents we shall need to produce?","کیٛاہ تُہۍ ہیکوٕ مےٚ ڈاکمنٹَن ہُند لسٹ دِتھ، یِم اَسہِ ضرورت پیٛن امہ باپت؟","conversation"
"Let's start with your PAN Card.","گۄڈٕ کرو أس تُہنٛدِ پین کارڈ سۭتۍ شروٗع۔","conversation"
"I assume you're Indian?","مےٚ چھُ باسان تُہۍ چھِو ہندوستٲنۍ؟","conversation"
"Yes, that is correct.","اَہَن ہٕز، یہِ چھُ صحیح۔","conversation"
"For you, ma'am, we'll be needing three documents.","محترمہ، تۄہہِ پٮیٛن اَسہِ ترٛےٚ ڈاکمینٹ ضرورت۔","conversation"
"A proof of identity, a proof of address and a proof of your date of birth.","شناختُک ثبوت، پتہ ہُک ثبوت تہٕ تُہندِ زاہ دُہُک ثبوت۔","conversation"
"Which documents will be taken as proof of each?","کم ہِوۍ ڈاکمینٹ یِن یِمَن سارنٕے ہُنٛد ثبوت ماننہ؟","conversation"
"For identity, you can produce a copy of your Aadhar Card, or your voter ID or your passport.","شناخت باپت ہیکِو تُہۍ پننہِ آدھا کارڈ یا ووٹر آیی ڈی یا پاسپورٹٕچ کاپی پیش کٔرِتھ۔","conversation"
"You can also go for a copy of your ration card, and a few other documents that are listed on a form I'll give you.","تُہۍ ہیکِو پننہِ راشَن کارڈٕچ کاپی تہِ دِتھ، تہٕ باقی کینٛہہ ڈاکمنیٹَن ہُنٛد لسٹ دِمو بہٕ تۄہہِ، یِم فارمَس پیٹھ دِتھ چھِ ۔","conversation"
"Whatever it is, it must have your picture.","یہِ تہِ آسہِ، تَتھ پیٹھ گژھِ تُہنٛد فوٹو آسُن۔","conversation"
"Have I made that clear?","توٚروٕ فکرِ؟","conversation"
"Yes, sir, you did.","اہَن حض جناب۔","conversation"
"For proof of address, any bill that's not more than three months old will do.","پتہ ہُک ثبوت باپت ہیکِو تُہۍ دِتھ کانٛہہ تہِ بِل یۄسٕہ ترٛیو ہفتَو کھۄتہٕ پرٲنۍ آسہِ نہٕ۔","conversation"
"By bill I mean landline bill, or an electricity bill, or water bill.","بِلہِ ہُنٛد مطلب چھُ لینڈ لایِن بِل،یا پاور بِل، یا آبٕچ بِل","conversation"
"They're listed in the form.","یِم چھِ فارمَس منٛز دِتھ۔","conversation"
"Or, you can produce a copy of your post office passbook, or passport.","یا تُہۍ ہیکِو پنُن پوسٹ آفس پاس بُک، یا پاسپورٹ پیش کٔرِتھ۔","conversation"
"Again, whatever it is, it should have your address.","بیٚیہِ یہِ تہِ آسہِ، اَتھ پیٹھ گوٚژھ پتہ آسُن۔","conversation"
"You get the picture.","تۄہہِ آوا سمٕجھ۔","conversation"
"I do, and what about the date of birth?","مےٚ آو، تہٕ زاہ دۄہ تٲریخَس مُتعلِق کیٛاہ؟","conversation"
"A birth certificate or a passport will do.","زاہ دۄہٕچ سرٹیفکیٹ یا پاسپورٹ چَلہِ۔","conversation"
"Now, for your daughter, she will have to produce two documents.","وۄنۍ، تُہنٛذِ کورِ خٲطرٕ، تٔمِس چھِ زٕ ڈاکمینٹ پیش کرٕنۍ۔","conversation"
"A proof of identity and a proof of address.","شناخت ثبوت تہٕ پتہ ہُک ثبوت۔","conversation"
"A passport will be enough for both.","دۄشوٕنی باپت چَلہِ پاسپورٹ۔","conversation"
"That is a relief.","یہِ چھِ اکھ راحت۔","conversation"
"Here is the list.","یکیٛاہ چھُ لسٹہٕ۔","conversation"
"You'll find all the documents listed.","اَتھ منٛز میلہِ تۄہہِ سارنٕے ڈاکمینٹَن ہُنٛد لسٹ۔","conversation"
"How long will it take to deliver the card?","کارڈٕچ فرٲہمی منٛز کوٗتاہ وقت لگہِ؟","conversation"
"At least 15 to 20 working days.","کم از کم 15 پٮ۪ٹھ 20 کامہِ ہِنٛدۍ دۄہ۔","conversation"
"May I come in, sir?","جناب، بہٕ ہیٚکا ینٛدر أژِتھ۔","conversation"
"Yes, please come in.","آ، مہربٲنی أژِو۔","conversation"
"Please take your seat.","مہربٲنی کٔرِتھ بِہِو۔","conversation"
"Tell me, how can I help you?","مےٚ ؤنِو، بہٕ کِتھ کٔنۍ ہیٚکہٕ تۄہہِ مدد کٔرِتھ۔","conversation"
"Sir, I have come from Hope NGO.","جناب، بہٕ چھُس ہوپ این جی او پیٹھہٕ آمٗت ۔","conversation"
"We are running a few schools for the underpreviledged.","أسۍ چھِ سفید پوشن خٲطرٕ کینٛہہ سکوٗل چلاوان ۔","conversation"
"We have 3 schools in the slum areas.","اسہِ چھِ گندٕ علاقَن مَنٛز 3 سکوٗل۔","conversation"
"That's really impressive!","یہِ چھُ پٔز پٲٹھہِ مُتٲثر کُن۔","conversation"
"I must say, it is really a great initiative.","بہٕ ونہٕ ، یہِ چھُ پٔزِ پٲٹھہِ اکھ واریٚاہ اصٕل قدم۔","conversation"
"So, what can I help you with?","لہاذا، بہٕ کیٛا مدد ہیٚکہو تۄہہِ کٔرِتھ۔","conversation"
"Sir, I want some information about your office.","جناب، مےٚ گژھہِ تہنٛدِس دفترَس متعلق کینٛہہ زانٛکٲری۔","conversation"
"As you know our students are from labour family.","یتھ کٔنہِ زَن تۄہہِ پتہ چھِ سٲنہِ طالب علِم چھِ مزوُر گھرن ہندِ ۔","conversation"
"I want to know if there is any work opportunity for our 10th grade students.","بہٕ چھُس یژھان زانُن زِ سانٮ۪ن 10 ہِمہ جمٲژ ہندین طالب علمَن خٲطرٕ چھا کانٛہہ کامہِ ہُنٛد موقعہٕ۔","conversation"
"Yes, tell me what do you want to know?","آ، مےٚ وَن ژٕ کیٛا چھُکھ زانُن یژھان ۔","conversation"
"That's really a good thought.","یہِ چھِ پٔزۍ پٲٹھہِ اکھ اصٕل خیال ۔","conversation"
"But, will they work while studying?","مگر، تِم کرنا پرنَس دوران کٲم؟","conversation"
"No sir, they will not.","نہ جناب، تِم کَرَن نہٕ۔","conversation"
"They will complete their 10th-grade exam next month.","تِم كرن تِہٗنٛد 10ہِمہ ہُنٛد امتِحان بییٚہِ رٮ۪تہٕ مٗكمل ۔","conversation"
"So, after the exam, we want them to be engaged somewhere so that they can start earning.","لہازا،أسہِ چھِ یژھان امتِحان پتہٕ تِم کُنہِ جایہِ آوِرِ تھاوٕنہِ تاکہِ تِم کرن اوزكہٕ زینُن شروع۔","conversation"
"They will also learn about discipline, team work, etc.","تِم ہیٚچھِن نظم نسخس تہٕ رلِتھ كٲم كرنس بیترِ مٗتعلق تہِ ۔","conversation"
"Oh, okay! That can be done.","او، اچھا! سۄ ہیٚکو کٔرِتھ۔","conversation"
"That will be good for them as well.","سۄ روزِ تہنٛدِ خٲطرٕ تہِ ٹھیٖک۔","conversation"
"They will be able to learn different things.","تِم گژھن مٗختلِف چیز ہیچھنس اہل ۔","conversation"
"Yes, sir, we don't want them to go back to the slum environment.","آ، جناب، اسۍ چھِنہِ یژھان زِ تِم گژھنگندٕ بستی ہندِس ماحولَس مَنٛز واپس۔","conversation"
"If they start working in some office, they will be introduced to the work culture.","اگر تِم کُنہِ دفترس مَنٛز کٲم کَرٕنہِ شروع کرن، تِم گژھن کٲم کرنہٕ کِس ماحولس سۭتہِ متعٲرف ۔","conversation"
"Yes, that will be a boost up for them.","آ، امہِ سۭتۍ بڑِ تِمَن ہیٚمَت۔","conversation"
"I will check if I can engage a few of them in my packaging unit.","بہٕ وُچھِ اگر بہٕ تِمو مَنٛز کینٛہہ پننہِ پیكیجِنگ اِكٲیی منز آورتھ ہیككھ۔","conversation"
"Thank you so much for your assurance.","تہنٛزِ یقیٖن دہٲنی خٲطرٕ سیٹھاہ شکریہ۔","conversation"
"I will bring a few of them once the exam is over.","امتِحان مۄکلنہٕ پتہٕ اَنکھ بہٕ تِمو مَنٛز کینٛہہ۔","conversation"
"Thank you once again for your helping mind.","بییٚہِ اکہِ لٹہِ چھُس بہٕ تہنٛدِ امدٲدی سونٛچُک شکُر گزار۔","conversation"
"This litti is reminding me of idli.","یہِ لِٹی چھِ مےٚ اِڈلی یاد یاوناوان۔","conversation"
"The two are largely different but the shape is reminding me of it.","دۄشوٕے چھِ واریٛاہ مُختٔلِف مگر شکٕل چھِ مےٚ امیِچ یاد پاوناوان ۔","conversation"
"Yeah, it is a Bihari staple.","آ، یہِ چھُ خاص بہارِِِ پٲداوار ۔","conversation"
"The side dish is called Chokha.","اتھ سٕتہِ ضِیافتس چھِ چوکھا ونان۔","conversation"
"Litti are mainly made of wheat while the Chokha is made of brinjals and tomatoes.","لیٹی چھِ زیادٕتر كٕنكس بناونہٕ یوان ییلہِ زن چوکھا وانٛگنو تہٕ ٹماٹرو سۭتہ، بناونہٕ یوان چھٗ ۔","conversation"
"What oil do they use in this?","تِم کُس تیٖل چھِ اَتھ منٛز استعمال کران؟","conversation"
"It seems different from Kerala cuisine.","یہِ چھُ کیرالہ کِہِ ضِیافت نِش مُختٔلِف باسان۔","conversation"
"Mustard oil is used in the Chokha typically.","عام طور چھِ چوکھاہَس منٛزتیٖلہٕ گۄگُل تیٖل استعمال کران۔","conversation"
"Mustard oil is used in all dishes of Bihari cuisine.","تیٖلہٕ گۄگُل تیٖل چھٗ سارنٕیہ بِہارِ ضیافتن منز استعمال سپدان ۔","conversation"
"What is the dish in front of you?","تۄہہِ برٛونٛہہ کَنہِ كو٘سہٕ ضِیافت چھِ ؟","conversation"
"It's called puttu and we normally eat it with black chickpeas.","اَتھ چھِ پٗٹوُ ونان تہٕ أسہِ چھِ یہِ عام طور کرٛہنِس چنَس سۭتہِ کھٮ۪وان۔","conversation"
"There are various kinds of it, but the one I ordered is made of rice powder.","امیِکہِ چھِ واریٛاہ قسٕم، مگر یُس اکھ مےٚ آرڈر کوٚر یہِ چھُ توملہٕ آٹہِ سۭتہِ بنٲوِتھ ۔","conversation"
"Oh, is the black chickpea side dish spicy?","اوہ ، کیٛاہ کرٛہُن چنچہِ سٕتہِ ض،یافت چھا مسالہٕ دار ؟","conversation"
"I haven't heard of puttu before.","مےٚ چھُنہٕ برٛونٛہہ پٗٹوُہس مٗتعلق بوُزمٗت ۔","conversation"
"Is that coconut sprinkled on top of it?","کیٛاہ ہُہ چھا اَتھ پٮ۪ٹھٕ کھوُپرٕ ترٲوِتھ؟","conversation"
"Yes, coconut is commonly used in a lot of dishes in Kerala.","آ، کھوٗپرٕ چھُ عام طور کیرالہ ہس منٛز واریٛاہَن ضِیافتن منز استعمال سپدان ۔","conversation"
"Spice is also abundant in them so most dishes have a high spice content.","تِمَن منٛز چھُ مسالہٕ تہٕ واریٛاہ آسان، اسلیے چھُ زیادٕتر ضِیافتن منٛز مسالہٕ ژو٘رٗیہ آسان۔","conversation"
"Is litti your favorite dish?","کیٛاہ لِٹی چھا تُہنٛز پسنٛدیٖدٕ ضِیافت ؟","conversation"
"Litti is one of my favorites.","لِٹی چھِِ میانٮ۪و پسنٛدیٖدٕض،یافتو٘ منٛز اکھ ۔","conversation"
"My favourite Bihari dish is the Sattu ka Paratha.","میون پسنٛدیٖدٕ بہارِ ضیافت چھِ ستوُ کا پرانٹھا ۔","conversation"
"It looks like an Indian taco.","یہِ چھُ ہندوستٲنہِ ٹیکو ہیوٗ باسان۔","conversation"
"I've never heard of that, but is it very healthy?","مےٚ چھُنہٕ زانٛہہ امیُک بوٗزمُت، مگر کیٛاہ یہِ چھےٚ واریٛاہ ہٮ۪لدی؟","conversation"
"Oh yes! It is a very healthy dish.","آ! یہِ چھُ واریٛاہ صحت افضا کھٮ۪ن۔","conversation"
"It is made of chickpea flour and other herbs.","یہِ چھُ چنہٕ آٹہِ تہٕ باقٮ۪و جڑی بوٗٹیو سۭتہِ بناونہٕ یِوان۔","conversation"
"It also has a very tangy flavour, which is why it is my favorite.","اَتھ چھُ واریٛاہ ژو٘ك مَزٕ تہِ آسان، اَمی مۄکھٕ چھُ مےٚ یہِ پسنٛد ۔","conversation"
"What about you, which is your favorite dish in Kerala cuisine?","ژٕ وَن پانَس مُتعلِق، ژَے٘ كیاہ چھٗیہ چھیہ كیرل چو٘ ضِیافتو٘ منزٕ پسند ۔","conversation"
"Appam and stew is my favorite.","اپم تہٕ شوربہٕ چھُ مےٚ پسنٛد ۔","conversation"
"It is made with fermented rice flour and it's essentially a pancake with crispy edges.","یہِ چھُ خمیر كھٲرِتھ توملہٕ آٹہِ سۭتہِ بناونہٕ یِوان تہٕ یہِ چھُ ضروُری طور ترٛوشو دٔنٛدرِیو پراٹھہٕ آسان ۔","conversation"
"Oh, that sounds tasty.","اوہ ، یہِ چھُ مَزٕدار باسان ۔","conversation"
"We should do this more often.","اَسہِ پَزِ یہِ اکثر کرُن۔","conversation"
"Excuse me, is a gluten-free diet available here?","جِناب یپٲرِ، کیٛاہ ییٚتہِ چھا گلوٗٹین ورٲیی غذا میلان ؟","conversation"
"I'm diabetic and my friend is allergic to gluten.","بہٕ چھُس شُگر مٔریٖض تہٕ میٲنِس دوستَس چھُ گلوٗٹینَس سۭتہِ ایلرجی۔","conversation"
"Of course, what are you interested in having?","بلکُل، توہہِ كیاہ كھینس منزچھِ دِلچسپی ؟","conversation"
"I was hoping that you could recommend some of your dishes.","بہٕ اوسُس وۄمید کران زِ تو٘ہہِ كرِیو پنین كین٘ژن ضِیافتن ہنز سٗفٲرِش ۔","conversation"
"I have heard that this restaurant has very healthy food.","مےٚ چھُ بوٗزمُت زِ یَتھ رٮ۪سٹورنٹَس منٛز چھُ صحت افضا كھین میلان ۔","conversation"
"For customers looking for a gluten-free diet, we offer rice, corn, flax seed, and millet alternatives.","یِم خریدار گلوٗٹین رو٘س كھین ژھاران چھِ تٕمن خٲطرٕ چھِ اسہِ بَتہٕ، مكٲیہ ، ألشہِ بیول تہٕ باجرِ ہٗند متبادل پیش کران۔","conversation"
"We have a range of salads and smoothies as well.","اَسہِ چھِ سلاد تہٕ مزٕ دار چیز تہِ ۔","conversation"
"We have a diabetic-friendly menu too.","اَسہِ چھُ شُگر مٔریٖضن خٲطرٕ تھِ اكھ موضوں مینو۔","conversation"
"I was looking for a local food menu that was gluten-free.","بہٕ اوسُس مقٲمی كھینٗك فہرِست ژھاران یٗس گلوٗٹین رو٘س آسہِ۔","conversation"
"Something like mushroom brown rice or chicken quinoa biryani.","كینژھاہ تِیوٗتھ یِتھ کٔنہِ زن ہیڈر دار كاژٗر بتہٕ یا یا چکن یبٗٹھ، ہٗند بیول تر٘ٲوِتھ بریٲنہِ ۔","conversation"
"Yes, these options are available here.","آ، یِم ژٲر چھِ ییٚتہِ دٔستیاب۔","conversation"
"We also have a few gluten-free soup dishes that you may want to take a look at.","ییٚتہِ چھِ کینٛہہ گلوٗٹین روس شوربہٕ ضِیافتہٕ تہِ ،یِم تو٘ہہِ وٗچھِنہِ یژھِو ۔","conversation"
"What do you wish to have from the diabetic-friendly menu?","توہہِ كہاہ چھِو ڈیابیٹِیز پرحیز والہِ فہرِستہٕ منزٕ كھِیو٘ن ہژھان ؟","conversation"
"I'll have one Sabudane ki khichdi and the mushroom brown rice that I mentioned earlier.","مے٘ گژھِ اکھ سوبوُدانہٕ كھیژٕر تہٕ ہیڈر زگ بتہٕ یہِ مے٘ گوڈٕیہ وو٘ن ۔","conversation"
"What are the options you have for soup?","شوربہٕ منز كیاہ ژورٗو توہہِ ؟","conversation"
"We have a gluten-free french onion soup.","ییٚتہِ چھُ گلوٗٹین روس فرانسیسی گنٛڑٕ شوربہٕ ۔","conversation"
"We also make a savory split pea lentil soup.","بیٚیہِ چھِ أس ییٚتہِ لذیذ مٹر دانہٕ دالہِ شوربہٕ تہِ بناوان۔","conversation"
"Then we have the Pho Bo and a West African peanut butter soup.","بییہِ چھُ اَسہِ ییٚتہِ فو بو تہٕ مغربی افریقی جَلہٕ گوزٕ تھنہِ شوربہٕ ۔","conversation"
"The French onion soup sounds interesting so we'll have two of that.","فرانسیسی گنٛڑٕ شوربہٕ چھٗ دِلچسپ باسان لہذا اَسہِ أنِو یِم زٕ۔","conversation"
"I normally skip the desserts because it's hard to find desserts that are diabetes friendly.","بہٕ چھُس نہٕ عام طور پٲٹھہِ مِیوٗٹھ کھٮ۪وٚان تِکیٛازِ ڈایبٹیز موٲفِق مٹھایہِ ژھانٛڑٕنہِ چھِ مٗشکِل ۔","conversation"
"Oh, don't worry, we have options of diabetic-friendly desserts too.","اوہ، پریشان مَہ گژھِو، اَسہِ چھُ شُگر فری مٹھایَن ہنز ژٲر تہِ ۔","conversation"
"You could try the low-carb peanut butter cookies or the chocolate keto fat bombs.","توہہِ ہٮ۪کِو کم کارب مونگہٕ فلہِ تھنہِ ژوچہِ وٕرِ یا چاکلیٹ کیٹو فیٹ بم آزمٲوِتھ ۔","conversation"
"We also make a good protein cheesecake.","أس چھِ اکھ اصل پروٹین ژامنہِ کیک تہِ بناوان۔","conversation"
"I haven't had a cheesecake in so long because of my diabetes.","واریٛاہ کال ووت مےٚشُگر کہِ وجہ كِنہِ چیزکیک کھٮ۪نَسٕیہ ۔","conversation"
"I'll have the protein cheesecake and a low-carb peanut butter cookie for her.","بہٕ كھیمہٕ پروٹین چیزکیک تہٕ تمِسندِ باپت کم کارب پینٹ بٹر ۔","conversation"
"This restaurant is amazing.","یہِ رٮ۪سٹورنٹ چھُ واریٛاہ اصل۔","conversation"
"Thank you for the compliment.","تعٲریٖف کرنہٕ خٲطرٕ شُکریہ۔","conversation"
"I hope you take the time to leave us a review on Google.","بہٕ چھُس وۄمید کران زِ تو٘ہہِ کٔڑِو گوگلس پٮ۪ٹھ تعاصٗرات لیٚکھنہٕ خٲطرٕ وخ ۔","conversation"
"Please let me know if you need anything at all.","مہربٲنی کٔرِتھ ؤنَزیو مےٚ اگر تۄہہِ کینٛہہ تہِ ضروٗرت آسیو۔","conversation"
"I'll make sure to leave a good review.","بہٕ بناوٕ اكھ رٗت جٲیزٕ لیكھٖٗن یقینی ۔","conversation"
"Yes, have a seat please.","آ، ؤلِو توو تشریف ۔","conversation"
"What can I do for you?","بہٕ کیٛاہ ہٮ۪کہٕ تُہنٛدِ خٲطرٕ کٔرِتھ؟","conversation"
"My name is Anand Yadav.","مےٚ چھُ ناو آنند یادو۔","conversation"
"I'd like to take some money out of my savings account.","بہٕ چھُس پننہِ بچت خاتہٕ مز کینٛہہ پونسٕہ کَڑُن یژھان۔","conversation"
"I'm not sure what the withdrawal procedures are.","مےٚ چھُنہٕ کڑنُک پوٗرٕ طٔریٖقہٕ پتہ۔","conversation"
"Could you please assist me?","توہِہ ہیكوٕٕٕٕٕٕٕٕٕٕٕٕ مے٘ معاوِنت كرِتھ ؟","conversation"
"Sure thing, sir.","ضروُر جناب.","conversation"
"First and foremost, you must complete the withdrawal form.","ساروٕے برٛونٛہہ چھُو تۄہہِ کڑنُک فارم مُکمل کرُن۔","conversation"
"Please enter your account number, name, mobile number, and address in the fields below.","مہربٲنی کٔرِتھ لیٚکھِو دِژمژن جاین اندر پنُن خاتہٕ نمبَر، ناو، موبایِل نمبَر، تہٕ پتاہ ۔","conversation"
"Okay. Do I have to sign here?","ٹھیٖک چھُ، مےٚ چھا ییٚتیتھ دستخط کرُن؟","conversation"
"Ofcourse. Please do so.","بالکُل۔ مہربٲنی کٔرِتھ کٔرِو۔","conversation"
"How much money do you want to withdraw?","توہہِ کۭتیاہ پونٛسہٕ چھِو کَڑٕنہِ یژھان؟","conversation"
"I require a withdrawal of Rs.100,000/-.","مےٚ چھِ /-100,000 رۄپیہِ کَڑنٕچ ضروٗرت۔","conversation"
"Please fill out the form with the amount in words and figures, Sir.","مہربٲنی کٔرِتھ بٔرِو فارمس منز رقم ہیندسن تہٕ لفضن منز ، جناب۔","conversation"
"Please remember to sign your name at the bottom of the withdrawal form.","مہربٲنی کٔرِتھ تھٲیزیو کیاد ڑنکِس فارمَس بوٚنہٕ کَنہِ پننہِ ناوُک دستخط کرُن یاد ۔","conversation"
"Fine. I'll remember that.","ٹھیٖک چھُ، بہٕ تھاوٕ تہِ یاد۔","conversation"
"Which of the following is the withdrawal counter?","یِمو منٛز کُس چھُ وِڈراول کاونٹر؟","conversation"
"Sir, please proceed to Counter No. 2.","جناب، مہربٲنی کٔرِتھ گژھِو کاونٹر نمبَر 2ہس كٗن ۔","conversation"
"The employee at the counter will confirm the customer's account number and name.","کاونٹرَس پٮ۪ٹھ مُلٲزِم کرِ خریدار سُنٛد خاتہٕ نمبَر تہٕ ناوچہِ تصدیق ۔","conversation"
"And you will receive the funds.","تہٕ تۄہہِ میلوٕٕٕٕٕٕٕٕٕٕٕٕٕٕٕٕ رقم ۔","conversation"
"Thank you!","تُہُنٛد شُکریہ!","conversation"
"Can I do anything else for you?","کیٛاہ بہٕ ہٮ۪کا تۄہہِ خٲطرٕ بیٚیہِ کینٛہہ کٔرِتھ؟","conversation"
"I require one more assistance.","مےٚ چھِٗ بیٚیہِ اکھ مددتھ ضروٗرت۔","conversation"
"How can I know the account balance after the withdrawal?","بہٕ کِتھٕہ کٔنہِ ہٮ۪کہٕ پونٛسہٕ کڑنہٕ پتہٕ خاتس منز بقایا وٗچھِتھ؟","conversation"
"Sir, please ask the counter staff to enter the balance amount in the passbook.","جناب، مہربٲنی کٔرِتھ ؤنِو کاونٛٹر عملس بقایا رقم م پاس بُکَس منٛز درج كرٗن ۔","conversation"
"Alright! Thank you very much.","ٹھیٖک چھُ! تُہُنٛد سٮ۪ٹھاہ شُکریہ۔","conversation"
"Welcome sir!","تٗہٗند خوش آمدید جناب!","conversation"
"Thanks for being the valuable customer.","شُکریا مو٘لٗل گر٘اك آسنہٕ باپتھ ۔","conversation"
"Visit again.","بیٚیہِ یٖزیو۔","conversation"
"Are you into sports films?","ژٕ چھُکھٕا كھیل چین فِلمن منز ؟","conversation"
"You know the ones in which they tell the story of real sports players.","ژےٚ چھیٚیہِ تِمہٕ پیہ, یِمن منٛز اصلی کھِلاڑٮ۪ن ہٕنٛزٕ دٔلیٖلہٕ چھےٚ ونٛنہٕ یوان۔","conversation"
"It is so inspiring.","یہِ چھِ تِیوٗت ترغیب دِوان ۔","conversation"
"I started liking them after I watched Mary Kom.","مےٚ ہٮ۪ژن میری کوم وٕچھنہٕ پتہٕ تمہٕ خۄش کرنہِ۔","conversation"
"It felt so good watching that.","مے٘ كو٘ر یہِ وٗچھٗن خو٘ش ۔","conversation"
"Oh I love those movies.","آ مےٚ چھےٚ یمہِ فِلمہٕ خۄش کران۔","conversation"
"My favourite is Bhaag Milkha bhaag.","میٲنہِ پسندیدٕ چھِ بھاگ مِلکھا بھاگ۔","conversation"
"It's a 2013 movie about the athlete Milkha Singh.","یہٕ چھےٚ 2013 ہٕچ فِلِم یۄسہٕ کھلٲڑِ مِلکھا سِنٛگھس پٮ۪ٹھ چھےٚ۔","conversation"
"Do you know how awesome that person is?","ژےٚ چھیٚیہِ پے سہُ کوتاہ اصٕل اِنسان چھٗ؟","conversation"
"He's also known as The Flying Sikh!","تٔمِس چھِ فلاینٛگ سِکھ تہِ ونان ۔","conversation"
"Oh I love that guy!","آ مےٚ چھُ سہُ خۄش کران۔","conversation"
"He is the only athlete to win gold at 400 metres at the Asian Games and the Commonwealth Games.","سہُ چھُوٲحد کھِلٲڑِ ییٚمہِ ایشین گیمن تہٕ کامن وٮ۪لتھ گیمن منٛز ژۄن ہتن میٖٹرن ہٗند گولڈ زیٛوّن۔","conversation"
"How cool is that?","یہِ کوتاہ جان گوٚو؟","conversation"
"He also won gold medals in the 1958 and1962 Asian Games.","تٔمۍ زیٖنۍ 1958 تہٕ 1962 چٮ۪ن ایشین گیمزن منٛز تہِ گولڈ مٮ۪ڈل۔","conversation"
"I aspire to be like him one day.","بہِ چھُس یژھان اکہِ دۄہ تٔمِسٕیہ ہیُو بنُن۔","conversation"
"He has got a Padma Shri.","تٔمِس چھُ پدم شری تہِ میلیٛومُت","conversation"
"I wish to get one after I become an awesome athlete like him.","مےٚ تہِ گوٚژھ اکھ میلُن ییٚلہِ بہٕ تٔمِس ہیُو اصٕل کھِلٲڑِ بنہٕ۔","conversation"
"And that race where he finished fourth?","تہٕ سۄ دور یتھ منٛز تٔمہِ ژوُرِم جایہ پرٲو؟","conversation"
"The 400-metres final at the 1960 Olympic Games?","1960 کٮ۪ن آلمپِك کھیلن منٛز 400 میٖٹر فاینل؟","conversation"
"I think that is what he is best remembered for.","میٲنہِ کِنہِ چھُ سہُ امی خٲطرٕ زیٛادٕ زانٛنہٕ یِوان۔","conversation"
"I once had to write a project report on him.","مےٚ اوس اکہِ پھِرِ تس مُتعلِق اکھ پرٛوجکٹ رِپورٹ لیکھُن۔","conversation"
"I read up a lot about him.","مےٚ پوٚر تس متعلِق واریاہ۔","conversation"
"That time he finished fourth, he set an Indian National Record that was not broken for like 40 years!","تٔمہِ وِزِ آو سہٗ ژوُرِٕس نمبرس پیٹھ فورتھ فِنِش کوٚر، تٔمہِ بنوو اكھ ہندوستٲنہِ قومی رِکارڈ یُس نہٕ پتہٕ لگ بگ ژتجِہن ؤرِین تام پھٕٹراونہٕ آو۔","conversation"
"I heard a lot about him while growing up.","مےٚ چھُ بڑان بڑان تس متعلِق واریاہ بوٗزمُت۔","conversation"
"My dad was a die-hard fan.","میون مول اوس تٔمۍ سُنٛد زبردس مداع۔","conversation"
"I also read his autobiography.","مےٚ چھےٚ تٔمہِ سٕنٛز سوانح حیات تہِ پٔرمٕژ۔","conversation"
"It was after reading that I thought I'll watch the movie.","سۄ پرنہٕ پتیہ کوٚر مےٚ یہِ فِلِم وٕچھنُک فٲصلہٕ۔","conversation"
"It was so worth it.","یہِ ٲس وٕٗچھِنہِ لایق۔","conversation"
"The movie won many awards too.","اتھ فِلمہِ آیہِ واریاہ ینعام تہِ دِنہٕ۔","conversation"
"Farhan Akhtar has done a great job.","فرہان اخترن چھےٚ اتھ منٛز اصٕل کٲم کٔرمٕژ ۔","conversation"
"It would be cool if you become a great athlete like Milkha Singh.","یہِ گژھِ جان اگر ژٕ تہِ مِلکھا سِنٛگٕنۍ پٲٹھہِ اکھ بوٚڑ کھِلٲڑِ بنکھ ۔","conversation"
"Hello, is this the Jaipur City Palace?","ہے ۔ یہِ چھا جے پور سٹی محل؟","conversation"
"Yes, how may I help you?","آ، بہٕ کِتھ کٔنۍ ہیٚکہٕ تۄہہِ مدد کٔرِتھ؟","conversation"
"I'm calling from the brand Vera.","بہٕ چھُس ویرا برانڈ پیٛٹھ فون کران۔","conversation"
"We're an international luxury brand based in Chennai.","أسۍ چھِ چنایس مَنٛز قایم اکھ بین الاقوٲمی لکجری برانڈ۔","conversation"
"I'm calling for a request to access the palace for a photoshoot.","بہٕ چھُس محلَس مَنٛز فوٹو شوٹ باپت رسٲیی ہند گذٲرشہ باپت فون کران۔","conversation"
"We're releasing a new product.","أسۍ چھِ اکھ نوٚو پرٛوڑَکٹہٕ جٲری کران۔","conversation"
"Okay, that can be arranged for.","ٹھیٖک چھُ، تمیُک بنٛدو بست ییہِ کرنہٕ۔","conversation"
"Can I have your name, please?","کیٛا بہٕ ہیٛکا چوٗن ناو زٲنِتھ؟","conversation"
"It's Ananth. Would you require some identification?","بہٕ چھُس اننت۔ کیٛا تۄہہِ چھا کینٛہہ شناخت ضرورت؟","conversation"
"We'll be needing quite a few documents.","اسہِ آسہِ کینٛہہ کاغذن ہُند ضروٗرت۔","conversation"
"One, a valid proof that the company exists.","اکھ، پکہٕ ثبوٗت زِ کمپنی چھِ موجود۔","conversation"
"Two, a list of the entire crew involved, along with their identification.","دویِم، اتھ مَنٛز شٲمِل پوٗرٕ اہلِہ کارَن ہُنٛد لسٹ، تہُند شناخت ہیٛتھ۔","conversation"
"And identity proof of the person in charge.","تہٕ کرتا درتا نفرٕ سُنٛد شناختی ثبوٗت۔","conversation"
"Would it be okay if the documents are mailed to you?","کیٛا یہِ روزا ٹھیٖک اگر تۄہہِ کاغذ میل کروو؟","conversation"
"Yes, but we'll need to see identity proof on the day of the shoot.","آ، مگر شوٹنگ دۄہ پیہِ اسہِ شناختی ثبوت وچھنُک ضروٗرت۔","conversation"
"Sure, I understand.","ضروٗر، بہٕ چھُس سمجان۔","conversation"
"What are the charges and fees?","چارٕج تہٕ فیس کوٗتاہ چھُ؟","conversation"
"Fees for Indian nationals or residents would be Rs. 200 or 300 based on the package.","ہندوستٲنۍ شہرِین تہٕ روزَن والین ہندِ باپت چھُ فیس 200 یا 300 رۄپیہِ پیکیج مُطٲبِق۔","conversation"
"The Museum package includes all the palace Courts and galleries and the camera without a tripod.","میوزیم پیکیجس مَنٛز چھِ تمام آنٛگُن تہٕ گیلریہٕ تہٕ ٹری پاڑ ورٲے کیمرا شٲمِل۔","conversation"
"The Composite package includes that along with Jaigarh and the Royal Centotaphs.","کمپوزٹ پیکیجس مَنٛز چھِ اتھ سۭتۍ جے گڑھ تہٕ رائل سینٹوٹافس تہِ شٲمِل۔","conversation"
"Foreigners will be charged Rs. 700 for the Composite package.","نیٚبرِمین ییہِ کمپوزٹ پیکیج خٲطرٕ 700 رۄپیہِ چارٕج کرنہٕ۔","conversation"
"Can we access the palace at night?","کیٛا أسۍ ہیٚکوا محلَس مَنٛز روتلہ اندر أژِٹھ؟","conversation"
"You can, that is another package.","تُہۍ ہیٚکِو، سُہ چھُ بیٚاکھ پیکیج۔","conversation"
"That will cost you Rs. 500 for Indians and Rs. 1000 for foreigners.","تمہِ مۄکھٕ پیہِ تًہہِ 500 رۄپیہِ ہندوستانین ہندِ باپت تہٕ 1000رۄپیٖہِ نیبرِمین باپت۔","conversation"
"There are also special tickets available that gives you exclusive access.","یتہِ چھِ خاص ٹکٹہٕ تہِ دٔستِیاب یِم تۄہہِ خاص رسٲیی چھِ دِوان۔","conversation"
"You can check our websites for more details.","مزید تَفصیلو باپت ہیٚکِو تُہۍ سٲنۍ ویب سایٹ چیک کٔرِتھ۔","conversation"
"Would it be okay if someone drops in this week and makes the booking?","کیٛا یہِ روزیا ٹھیک اگر کانٛہہ یمہِ ہفتہٕ ییہِ تہٕ تھیہِ رٔٹِتھ؟","conversation"
"Yes, that will be alright.","آ، یہِ روزِ ٹھیٖک۔","conversation"
"Thank you for calling.","فون کرنہٕ باپت شکریہ۔","conversation"
"Hi Bishnu, what are you doing these days?","ہٮ۪لو بِشنو، ژٕ کیٛاہ ازكل كران ؟","conversation"
"Have you been to any bike rides recently?","کیٛاہ ژ گوکھٕ حالٕے کُنہِ بایِک سوارِ كرنہِ ؟","conversation"
"I have seen some pictures of you.","مےٚ ؤچھہِ چٲنہِ کینٛہہ فوٹۄٗ۔","conversation"
"No, it was from a different ride a long time ago.","نَہ، تِم ٲسہِ ورایٛاہ برٛونٛہہ بییہِ رایڈٕكہِ ۔","conversation"
"I had a really busy week, so couldn't take out time for a ride.","بہٕ اوسُس ییٚمہِ ہفتہٕ واریٛاہ آوُر ، اَمی مۄکھٕہ ہٮ۪وٚکُم نہٕ رایڑِ خٲطرٕ وخ کٔڑِتھ ۔","conversation"
"But I am going this weekend.","مگر بہٕ گژھِ ییٚمہِ ہفتہٕ كِس ٲخرس پیٹھ ۔","conversation"
"What about you; are you doing your music practice?","ژٕ وَن؛ ژٕ چھُکھٕہ پنٕنہِ مویقی ہٗند رِیاض كران ؟","conversation"
"Yeah, I am doing it whenever I get a little free time.","اۭں، بہٕ چھُس کران ییٚلہِ تہِ مےٚ رَژھ کَھنٛڈ وكھ یلہٕ آسہِ ۔","conversation"
"My days are also very hectic, you know.","ژَے چھےٚ پیہ بہٕ تہِ چھُس دوہس واریٛاہ آوُر آسان۔","conversation"
"I can't even manage to do Riyaz every day.","بہٕ چھُس نہٕ پرٛٮ۪تھ دۄہ رِیاض خٲطرٕ تہِ وخ كڈِتھ ہٮ۪کان ۔","conversation"
"Anyway, are you really free this weekend?","چلو ویسے چھٗكھہٕ ژٕ پٔزِی ییٚمہِ ہفتہٕ كِس ٲخرس پیٹھ یلٕیہ ؟","conversation"
"How are you going to manage time to go for a ride?","ژٕ کِتھہٕ کٔنہِ کڑَکھ رایڑِ خٲطرٕ ٹایِم؟","conversation"
"I actually did overtime for a few days and completed my target.","درعصل کوٚر مےٚ کینٛہَن دۄہَن اوٚوَر ٹایِم تہٕ کوٚرُم پنُن نِشانہٕ پوٗرٕ۔","conversation"
"So I am free this weekend.","لہاذا چھٗس بہٕ ہفتہٕ كِس ٲخرس منز یلہٕ ۔","conversation"
"I badly need some refreshing time.","مےٚ چھُ تازٕ گژھنہٕ خٲطرٕ كین٘ہہ وخ سیٹھاہ ضروُرت ۔","conversation"
"Only by following your hobby, you can do it, right?","یہِ ہٮ۪کَو أس صرف پننہِ شوقہٕ سۭتہِ کٔرِتھ، چھُنَا ٹھیكھ ؟","conversation"
"Yeah, you are right.","آ، ژٕ چھُکھ صحیح۔","conversation"
"I need some time for myself too.","مےٚ تہِ چھُ پانَس خٲطرٕ کینٛہہ وخ ضروٗرت۔","conversation"
"I am also thinking of taking part in a singing competition this Friday.","بہٕ تہِ چھُس سونٛچان ییٚمہِ جمعہ دۄہ نِمہِ بہِ گیون مٗقابلس منز حِصہٕ ۔","conversation"
"I hope it will help me get in touch with my favorite activity again.","مےٚ چھِ وۄمید زِ اَمہِ سۭتہِ میلہِ مےٚ پننہِ پسنٛدیٖدٕ كامہِ سۭتہِ دُوبارٕ رٲبطہٕ کرنَس منٛز مدتھ ۔","conversation"
"How do you manage your time to follow your hobby amidst such a busy schedule?","یوتاہ آوُر آسنہٕ باوٚوجوٗد کِتھہٕ پٲٹھہِ چھُکھ ژٕ پنٕنہِ شوقہٕ باپت وخ كڈان ؟","conversation"
"I try to do Riyaz everyday morning before starting my work.","بہٕ چھُس پرٛٮ۪تھ دۄہ صُبحیہ پننٕنہِ کٲم شروٗع کرنہٕ برٛونٛہہ رِیاض کرنٕچ کوٗشِش کران۔","conversation"
"And I try not to keep my work pending.","تہٕ بہٕ چھُس کوُشِش کران زِ میٲنہِ کٲم گژھ نہٕ الطواہس منز روزٕنۍ۔","conversation"
"So that I can get some time to do the things I like.","تاکہِ مےٚ ہٮ۪کہِ پننٮ۪ن پسنٛدیٖدٕ کامٮ۪ن خٲطرٕ کینٛہہ وقت میلِتھ ۔","conversation"
"That way, I can spend my weekends listening to music and practicing as well.","اِتھہٕ کٔنہِ ہٮ۪کہٕ بہٕ پنٕنہِ ہفتٕكہِ پتِم دوہ موسیقی بوزنس تہٕ یمہِكِس ریاضس منز صرف كرِتھ ۔","conversation"
"I also try to do exactly the same.","بہٕ تہِ کَرٕ یٖی کرنٕچ کوُشِش۔","conversation"
"But these past few weeks have been very hectic.","مگر یِمَن تٔتِمٮ۪ن کینٛہَن ہفتَن روُز سیٹھاہ دوٕ دو٘ ۔","conversation"
"Still, I have managed for this weekend.","توتہِ، کوٚر مےٚ ییٚمہِ ہفتٗك ٲخر ترتیب دِنٕچہِ كوُشِش ۔","conversation"
"What kind of singing competition are you taking part in?","ژٕے٘ کَمہِ قسٕمٕہ كِس گیون مٗقابلس منز چھٗیہ حِصہٕ نِیوٗن ؟","conversation"
"It's kind of an Inter-office singing competition.","یہِ چھُ اَکہِ قٕسمُک بین دفتری گیون مٗقابلہٕ ۔","conversation"
"I am going to represent my office in this competition.","بہٕ چھُس اَتھ مُقابلَس منٛز پننہِ دفترٕچ نُمٲیندٕگی کران۔","conversation"
"I am really excited about it.","بہٕ چھُس اَتھ خٲطرِ سٮ۪ٹھاہ خۄش۔","conversation"
"That is great, you must take part in it.","یہِ گوٚو واریٛاہ اصل، ژَے پزِی اَتھ منٛز حِصہٕ نِیوٚن۔","conversation"
"I wish you the best of luck.","بہٕ چھٗس ژے٘ كامیٲبی ہٗند دٗعا كران ۔","conversation"
"Thank you so much.","چون سٮ۪ٹھاہ شُکریا۔","conversation"
"You too have a safe trip.","ژَے تہِ روُزِنیہی محفوٗض۔ سفر ۔","conversation"
"Thank you, Lelina.","شُکریا، لیلینا۔","conversation"
"What is the harm?","کیٛا نۄقصان چھُ؟","general"
"I still needed to train hard.","مےٚ ٲس وُنہِ تہِ سَخٕت طربیت ضروٗرَت۔","general"
"There is a medico-legal aspect.","اتین چھُ اکھ طبی-قوٗنونی پہلو۔","general"
"They are yet to register an FIR.","تمن چھُ وٕنہِ اٮ۪ف آیی آر درٕج کرنیہ ۔","general"
"We should define individual risk.","اَسہِ پَزِ انفرٲدِی خطرٕ وٮ۪ژھناوُن۔","general"
"Suleman's parents were quite tall.","سلیمانٕنہِ مول موج ٲسہِ واریٛاہ تھٔد ۔","general"
"It is also the savior of the future.","یہِ چھُ مُستَقبٕلُک بچاوَن وول تہِ۔","general"
"It can be played indoors or outdoors.","یہِ ہیٚکو اندٕ کٔنہِ یا نٮ۪برٕ کٔنہِ گِنٛدِتھ ۔","general"
"Women's rights are indeed human rights.","زنٮ۪ن ہٕنٛدِ حقوٗق چھِ پٔزۍ پٲٹھہِ اِنسٲنی حقوٗق۔","general"
"The initial response has been very good.","گۄڑنیُک ردِ عمل روٗد سٮ۪ٹھاہ اصٕل۔","general"
"This can be positive as well as negative.","یہِ ہیٚکہِ مٗصبت تہِ أسِتھ تہٕ منفی تہِ۔","general"
"I didn't achieve it before he died in 2014.","مےٚ اوس نہٕ یہِ 2014 ہَس مَنٛز تہنٛدِ مرنہٕ برونٛہہ حٲصِل کوٚرمُت۔","general"
"The Sheth and his clerks gathered around me.","شیٹھ تہٕ تٔہنٛدِ کٕلٲرٕک گیہ مےٚ أنٛدِ اندِ جَمع۔","general"
"After him, came Xerxes II for a short while.","تٔمِس پتہٕ، آو کینٛہہ کالَہٕ خٲطرٕ زٔریٚکسیز II۔","general"
"Boys are equally vulnerable to sexual abuse.","لڑکہٕ تہٕ چھِ برابر جِنسی استحصالٗك شِكار سپدان ۔","general"
"Classic adaptations are less than transparent.","کلاسِک پانناویر چھٗ شِفافیت کھۄتہٕ کم آسان ۔","general"
"India is a land of great variety and contrast.","ہندوستان چھِ اکھ عظیم رنگارنگ تہٕ وكھرٕ سرزمیٖن۔","general"
"Besides, earliness has been induced in soybean.","اَمہِ عَلاوٕ چھِ مٗٹھِس منز جلدی تیار گژھٗن شٲمِل كرتنہٕ آمٗت ۔","general"
"Send Rama with the sage, and send Lakshmana too.","رام سوزُن ریشِس سٕتہِ ، تہٕ لکشمن تہِ سوزُن","general"
"The brothers were deeply attached to each other.","بایَن ٲس پانہٕ ونہِ اِنتِہٲیی مایہ ۔","general"
"This will increase stress on natural ecosystems.","امہِ سۭتۍ ہُرِ قۄدرٔتی ماحولیٲتی نِظامس پٮ۪ٹھ دباو۔","general"
"The live telecast of proceedings started in 1994.","کاروٲیی ہُنٛد سیٚدِ سیوٚد ٹیٚلی کاسٹ گوٚو 1994 منٛز شروٗع۔","general"
"The last date for applying online was 31.01.2020.","آن لاین اپلے کرنٕٗك ٲخری تٲریٖخ اوس 31.01.2020۔","general"
"The idea of using a net was borrowed from tennis.","نیٹ استعمال کرنُک خیال اوس ٹینِس پٮ۪ٹھ نِنہٕ آمُت ۔","general"
"Asansol has hot and dry summers and mild winters.","آسنسولس مَنٛز چھُ گرٕم تہٕ خۄشِک رٮ۪تہٕ کول تہٕ معموٗلی ونٛدٕ آسان۔","general"
"Then it increases gradually up to the stratopause.","امہِ پتہٕ چھُ یہِ لوٚت لوٚت سٹرٛیٹوپازس تام ہُران ۔","general"
"Munnar is carpeted by thick forests and tea estates.","منار چھُ گھٔنیو٘ جنگلو تہٕ چایہِ باغو سۭتہِ برِتھ ۔","general"
"In 1951, ""The Lady with a Lamp"" starred Anna Neagle.","1951 ہَس مَنٛز کٔر اینا نیگلَن ""دی لیڈی ود اے لیمپ"" مَنٛز اداکٲری۔","general"
"By 5 May, India had received 5,769,442 items in aid.","5 مئی تام ٲسہِ ہندوستانَس اِمدادَس مَنٛز5,769,442 چیز مِلے مٕتۍمیلِمٕتہِ ۔ ۔","general"
"This one could come down to a battle of the forwards.","یہِ اكھ ہیكہِ فارورڈسن ہٗند جنگ بنِتھ ۔","general"
"Generally, three days are allotted for the discussion.","عام طور چھِ بحسہٕ ترٛےٚ دۄہ مٗشٛخص ۔","general"
"I felt he was there with me, watching over me tonight.","مےٚ اوس باسان سہُ اوس تَتہِ مےٚ سۭتۍ، مےٚ راتس نظر تھٲوِتھ۔","general"
"Day after day, new troops were coming in on both sides.","دۄہ پتہٕ دۄہ اوس دۄشوٕیو طرفو پٮ۪ٹھ نوٚو فوج یِوان۔","general"
"Then we have Artaxerxes II, the man who was thoughtful.","پتہٕ چھُ اسہِ نِش آرتارٔریٚکسیز II، سُہ نفر یُس سٔنٛجیٖدٕ اوس۔","general"
"Two small rivulets, Nunia and Gauri, flow past Asansol.","زٕ لۄکچہِ کۄلہٕ، نوُنیا تہٕ گوری، چھِ آسنسول کٕنہِ وَسان۔","general"
"37 species of reptiles and amphibians are also reported.","پتھٕرِ كھكھرِ پكن واجنین تہٕ زمینہِ تہِ آبس دونونی پیٹھ روزن واجِنین 37ہن زٲژن ہٗند پتاہ چھٗ دِنہٕ آمٗت ۔","general"
"Alaska saw protests in Anchorage, Fairbanks, and Haines.","الاسکا ہَن وُچھ اینکریج، فیئربینکس تہٕ ہینسس مَنٛز احتِجاج۔","general"
"The score was live and helped to dramatise the narrative.","سکور اوس بَراہ راست تہٕ أمہِ كو٘رتبصرٕس ڈرامٲئی شکل دِنَس مَنٛز مَدد۔","general"
"And yes, you are an Olympian, but what do you get for it?","تہٕ آ، تُہۍ چھِو اکھ اولمپیئن، مگر ژےٚ کیٛا مِلی امہِ سۭتۍ؟","general"
"It is the sale of goods and services through the Internet.","یہِ چھٗ انٹرنیٹ ذٔریعہٕ چیز تہٕ خٔدمات كنٕنہِ ۔","general"
"Ganga has been revered in Cambodia since the Khmer empire.","کمبوڈیا ہس منٛز چھُ خمیر پادشٲہی پٮ۪ٹھٕیہ گنٛگایہ ہنز تعطیٖم یِوان کرنہٕ۔","general"
"The use of chilli powder in this region is done cautiously.","اتھ علاقَس مَنٛز چھِ پِہِتھ مرژٕوانٛگن احتِیات سان ورتاونہٕ یوان ۔","general"
"Tourism has emerged as one of India's important industries.","سیاحت چھِ ہندوستانٕ چہِ اکہِ اَہَم صنعژ ہندِ پٲٹھہِ اٗبھریمٕژ ۔","general"
"Before coal mining, Jharia had forests inhabited by tribes.","کولہٕ کھان کنی برونٛہہ ٲسۍ جھریا ہَس مَنٛز وَن یِمَن مَنٛز قبایل روزان ٲسۍ۔","general"
"The Golden Temple in Amritsar and Hazur Sahib are examples.","امرتسرس مَنٛز چھِ سورن مندر تہٕ حضور صاحب امہِ چہِ مِثالہٕ۔","general"
"The Triathlon made its Olympic debut with the women's race.","ٹرائیتھلونَن چھُ زَنانَن ہِنٛز دورِ سۭتہِ پَننہِ اولمپِکٕچ شروعات کٔرمٕژ۔","general"
"Some ransomware are sent as email attachments in spam mails.","کٮ۪نٛہہ رینسم وییر چھِ سپیم میلس منٛز اٮ۪ٹیچمنٛٹٕ ۍ پٲٹھہِ سوزنہٕ یِوان۔","general"
"She had to learn Greek for the film and also dubbed herself.","تٔمِس پییہ فلمہِ خٲطرٕ یوٗنانہِ زبان ہیٚچھنہِ تہٕ پانے ڈٔبنگ كرٕنہِ ۔","general"
"In September 2012, they were convicted of contempt of court.","ستمبر 2012 ہَس مَنٛز آیہِ تِم توہین عدالتٕ باپت مٗجرِم قرار دِنہٕ ۔","general"
"Brahm is a leading god (deva) and heavenly king in Buddhism.","برھم چھُ بدھ متَس مَنٛز اکھ بوٚڑ دیوتا (دیو) تہٕ آسمٲنی بادشاہ۔","general"
"Siemens's definition was adopted as the ""international"" watt.","سیمن سٕنٛز وضاحت آیہ بطور ""بین الاقوٲمی"" واٹٕ پانناونہٕ ۔","general"
"The 2015 Commonwealth Karate Games were held in Delhi, India.","2015دولت مٗشترقہٕ کراٹے كھیل سپٕدِ دِلہِ، انڈیا ہَس مَنٛز منعقد ۔","general"
"Make this into powder with a dry grinder or in a stone pestle.","اتھ بنٲوِو خۄشِک گرٛٹس پٮ۪ٹھ یا کنہِ نیٛامہِ منٛزپھٮ۪کھ ۔","general"
"This sort of sublime forgiveness was not natural to my father.","امہِ قٕسمٕچ شاندار مٲفی ٲس نہٕ میٲنِس مٲلِس خٲطرٕفطرٔتی۔","general"
"There is no generic blueprint for how to make a health report.","صحتُک رپورٹ بناونہٕ خٲطرٕ چھُنہٕ کانٛہہ جینیٲتی خاکہٕ۔","general"
"Tourism is our business, but each tour is a traveler's memory.","سیاحت چھُ سون کارٕبار، مگر پرٮ۪تھ سفر چھُ أکِس مُسافر سٕنٛز یادگار۔","general"
"Having once said, 'I will do', you have no option but to do it.","اكہِ لٕٹہِ یہ ونِتھ،“ بہٕ كرٕ “، چھٖنہٕ توہہِ یہِ كرنہٕ ورٲیی چارٕیہ ۔","general"
"When Arjuna refuses to fight, Krishna has no patience with him.","ییٚلہِ ارجُنن لڑٲے کرنہٕ نِش نَکار کوٚر، کرٛشنَس روٗز نہِ تس سُنٛب ژٮ۪ڑ۔","general"
"The pleats or Kallis signify the Pancha Buddha or Pancha Ratna.","پلیٹس یا کیلس چھِ پنٛچ بدھ یا پنٛچ رتن ہٕچہِ نشاندہی کران۔","general"
"In 2017, ANZ acquired REALas property price predictor start-up.","2017 ہس منٛز کوٚر اے اٮ۪ن زڈن آر ای اے اٮ۪ل بطور جایدٲدی مو٘لٕچہِ پیشنگوٗیی سٹارٹ اپ حٲصِل ۔","general"
"The two epics found in Tamil are Cilapathikaram and Manimekalai.","سِلاپتھیكرم تہٕ منیمیکلائی چھِ زٕ مَثنٔوی یِم تامِلَس مَنٛز چھِ لَبنہٕ یِوان ۔","general"
"Each group of soils is typified by a pedon or their association.","میٚژِ ہٕنٛدِ پرٛٮ۪تھ گرُپٗك قٕسم چھٗ یہندِ تعلٗقہٕ یا فٲصلہٕ ذٔریعہِ تیہ کرنہٕ یِوان۔","general"
"Cholera reached the southern tips of the Ural Mountains in 1829.","کالرا ووت 1829 ہَس منز یورال پہاڑن ہندین جنوبی اندن تام۔","general"
"In 1997 Sanyo followed with the ""POSCAP"" polymer tantalum chips.","1997 منز آیہ سانیو پتہ ""POSCAP"" پالیمر ٹینٹلم چپس۔","general"
"Removing plant residues also reduces soil organic matter content.","کُلٮ۪ن ہُنٛد ژھۄٹھ تُلنہٕ سۭتہِ چھٗ میٚژِ ہٕنٛدٮ۪ن نامیٲتی معادن ہٕٗند میقدار تہِ چھۄنان۔","general"
"The prudent doctor vs. the prudent patient: who decides for whom?","دٲنِشمند ڈاکٹر بَہٕ مُقابلہٕ محتاط مریض: کُس چھُ کٔمِس خٲطرٕ فٲصلہٕ کران؟","general"
"To reduce the height, press the release button to move downwards.","تھٔزَر کم کرنہٕ خٲطرٕ، دَبٲیِو بۄن کُن وسنہٕ خٲطرٕ یَلہٕ ترٛاونُک بۄٹُن ۔","general"
"So I asked the cabman to drive to Muhammad Kasam Kamruddin's shop.","تہٕ مےٚ ووٚن ٹیكسی وٲلِس محمد قاسم کمر الدین سٕنٛدِس دُکانَس گٲڑِ چلاوٕنہِ ۔","general"
"Volleyball is a fast game played by two teams of six players each.","والی بال چھُ اکھ تیز کھیل یُس شٮ۪ن شٮ۪ن کھِلاڑٮ۪ن ہٕنٛدٮ۪ن دۄن ٹیٖمن درمیان گِنٛدنہٕ یوان چھُ ۔","general"
"The nearest Delhi Metro station is Arjan Garh, on the Yellow Line.","ساروٕیہ کھۄتہٕ نزدیٖک دِلی میٹرو سٹیشن چھُ ییٚلو لٲنہِ پٮ۪ٹھ ، ارجن گڑھ۔","general"
"India's import growth, though decelerating, outpaced export growth.","ہندوستانٕكِس درآمَدس منز وٗصعت چھٗ ، حتاکہِ سُست ٲسِتھ تہِ ، بَرآمَد كِس بڑنَس پتھ تراوان۔","general"
"The appraisal program under NSP was planned to cover onland basins.","این ایس پی یس تحت تشخیصی پروگرامُک منصوٗبہ آو زمہنہِ پیٹھ خلیجن شٲمِل کرنہٕ باپتھ بناونہٕ۔","general"
"Mass protests against Castillo's government began on 28 March 2022.","کاسٹیلو سنٛدِس حکومَتس خٕلاف گوٚو بٔڑِس پیمانَس پٮ۪ٹھ احتِجاج 28 مارچ 2022 شروع ۔","general"
"Unsaturated fats are those fats that are liquid at room temperature.","ٹھوس چَرٕب چھُ سُہ چَرٕب یُس كٗٹھہِ کِس درجہٕ حرارتَس پٮ۪ٹھ كٗملیومٗت آسان چھٗ ۔","general"
"Accordingly, the report lodged was sent to the officials in Gujarat.","یِتھیہ کٔنہِ آو درج کرنہٕ آمُت رِپورٹ گجراتَس مَنٛز اہلِکارَن سوزنہٕ۔","general"
"The iron beams lying in the Surya temple at Konark are still bigger.","کونارک کِس سوٗریہ منٛدرس منٛز چھےٚ امہِ کھۄتہٕ تہِ بجہِ شیٚشتٕر بیٖمہٕ۔","general"
"More crucially, a temporal sleight of hand and thus intention occurs.","زیٛادٕ اَہَم کھ چھِ وقتی طور اتھٕچ نرمی تہٕ تَوَے چھُ مَقصَد نیران۔","general"
"GPL is primarily designed for providing public license to a software.","جی پی ایل چھُ بنیٲدِی طور پٲٹھۍ أکِس سافٹ وِیَرس عوٲمی لائسن فراہم کرنہٕ خٲطرٕ ڈِیزائن آمُت کرنہٕ۔","general"
"More dreadful variants of this virus are expected in the coming days.","یِنہٕ والٮ۪ن دۄہَن مَنٛز چھِ امہِ وائرس کہِ زیٛادٕ خوفناک شکلہ ہٗند تَوقَع ۔","general"
"Many splintered Sikh communities formed during the Mughal Empire era.","مغل سلطنت کِس دورَس مَنٛز بنییہِ واریٛاہ تقسیٖم شُدٕ سکھ برادٔریہٕ۔","general"
"Salinization and alkalization are problems in semiarid and arid areas.","سیلِنایزیشن تہٕ الکَلایزیشن چھےٚ نیٖم خۄشِک تہٕ خۄشِک علاقن منٛز مسٲیل۔","general"
"A higher financial allocation needs to be made for the AYUSH services.","آیوش خدماتن خٲطرٕ چھِ زیٛادٕ مٲلی رقم مختص کرنٕچ ضروٗرَت۔","general"
"Great was his compassion for the two dear ones at this parting moment.","اتھ گژھنہٕ كِس ژِہِس منٛز ٲس تس پنٛنٮ۪ن دۄشوٕنۍ ٹاٹھٮ۪ن خٲظرٕ واریاہ ہمدردی۔","general"
"Tomography shows two layers in the craton roots beneath North America.","ٹوموگرافی چھِ شمٲلی امریکہ ہِس تَلہٕ کریٹن مولَن مَنٛز زٕ تہہ ہاوان۔","general"
"In the month of May, no significant heat wave conditions were observed.","میی کِس رٮ۪تس مَنٛز آیہِ نہٕ گرم لہرِ ہِنٛز کانٛہہ خاص صورت حال وُچھنہٕ۔","general"
"Our country owes a deep debt of gratitude to our valiant ex-Servicemen.","سون مُلک چھُ سانٮ۪ن بہادُر سٲبِق فوجین کُن واریٛاہ شُکرگزار۔","general"
"And does 41-year-old Zlatan Ibrahimovic still have one big goal in him?","کیٛاہ 41 وُہُرس زلاٹن اِبراہِمووِچس چھا پانس منز کانٛہہ بوٚڑ مقصد تھاوان؟","general"
"Meanwhile, Lahiri has two European Tour wins and seven Asian Tour wins.","اتھ دوران چھِ لاہری ین زٕ یورَپی ٹور تہٕ سَتھ ایشین ٹور زیٖنمٕتہِ ۔","general"
"Gazette notification of 197 notified indigenous breeds was done by 2020.","197تھٕچہِ خودساختہٕ نسٕلن ہِنٛز گیزیٹ نوٹِفِكیشن آیہ 2020 ہَس تام کرنہٕ۔","general"
"Till His last moment, he served humanity both by example and by precept.","پننِس أخری وقتَس تام کٔر تٔمہِ دۄشوٕیو مثالہِ تہٕ اصوٗل سۭتہِ اِنسٲنِیتٕچ خدمت۔","general"
"Have you carefully read the help pages and thoroughly fixed the problem?","کیٛا توٚہہِ چھِوا غورٕ سان مدتٗکہِ وركھ پٔرِمٕتہِ تہٕ مسئلہٕ پوٗرٕ پٲٹھہِ حل كو٘رمٗت ؟","general"
"The judgement against Jean-Paul Akayesu established rape as a war crime.","جین پال اکائیسو ہس خٕلاف فٲصلن چھِ عَصمَت دٔری جنگی جُرم قرار دِژمٕژ۔","general"
"The Alai era saw the overthrow of the old nobility of early Mamluk rule.","الائی دورَن وُچھ ابتدٲئی مملوک حکومت کٮ۪ن پرانٮ۪ن اُمراہن ہُند تختہٕ پلٹان۔","general"
"All the Kauravas die; only the five Pandava brothers and Krishna survive.","سٲری کورَو موُدِ ؛ صرف بچییہِ پانٛژ پانٛڈَو تہٕ کرٛشن ۔","general"
"Thornthwaite and Mather model is widely used for computing water balance.","تھورنتھویٹ تہٕ میدرنموُنہٕ چھُ بٔڑس پیمانس پٮ۪ٹھ آبُک توازُن مینٛنہٕ خٲطرٕ استعمال سپدان۔","general"
"But it would be inaccurate to attribute this change merely to technology.","مگر یہِ بَدلاوَ صِرِف ٹیٚکنالجی سۭتۍ مٗنصلق كرٗن چھٗ غلط۔ ۔","general"
"The decision was hence left to the expert agencies of the Union of India.","امہِ کِنہِ آو یہِ فٲصلہٕ یوٗنیَن آف اِنٛڈیا چٮ۪ن مٲہِر اجنسِین پٮ۪ٹھ ترٛاونہٕ۔","general"
"It's great to be an Olympian, but there is stress and anxiety afterwards.","اولمپِین بنُن چھےٚ اکھ بٔڑ کتھ مگر پتہٕ چھُ اتھ منٛز دباو تہٕ اضطراب آسان۔","general"
"English language skills are the cornerstone of Nearshore and IT services.","انٛگریزۍ زبانہ ہٕنٛز مہارت چھےٚ نییرشور تہ IT کامین ہنز بنیاد۔","general"
"These are not only addictive but also have an adverse effect on the brain.","یِم چھِ نہٕ صِرف نشاور بلکہِ چھِ دٮ۪ماغَس پٮ۪ٹھ تہِ منفی اثر تراوان۔","general"
"A total of 41 participants from all over India participated in the course.","کورسَس مَنٛز نیٚو پوٗرٕ ہندوستانَس پیٹھہٕ کُل 41 شِراکت دارَو حصہٕ۔","general"
"The British monarch's portrait was replaced by the Lion Capital of Ashoka.","برطانوی بادشاہی ہنٛدِ تصویرٕ بدلہٕ اشوك سٗند شیر ببر مٗجسمہٕ لگاونہٕ ۔","general"
"Air guns come in both long gun (air rifle) and handgun (air pistol) forms.","ایئر گن چھِ دۄشوٕنی زیٖٹھ بندوق (ایئر رائفل) تہٕ ہینڈگن (ایئر پستول) شکلن مَنٛز یِوان۔","general"
"Body colour gets merged with the outer line, creating the effect of volume.","ڈانٛچُک رنٛگ چھُ نیٔبرِمس حٲشیس سۭتہِ رَلان، یٗس باڈو ہاوان چھٗ ۔","general"
"Countries may encourage inward direct investment to improve their finances.","مُلک ہیٛکَن پنٕنہِ مٲلِیات چہِ بہتری خٲطرٕ سیوٚدٕٗے أنٛدروٗنی سرمایہ كٲری حوصلہٕ اَفزٲیی کٔرِتھ ۔","general"
"There has been tremendous growth in the volume of debt securities in India.","ہنٛدوستانَس مَنٛز گوٚو قَرٕض کِس حِفاظَت کِس حجمَس مَنٛز زبردستہٕ اضافہٕ۔","general"
"Even in radiometrically corrected scene composites, some noise will remain.","یوٚتام زِ ریڈیو میٖٹرِک طور ٹھیٖک کرنہٕ آمتٮ۪ن سیٖن کمپوزِٹن منٛز تہِ چھُ کٮ۪نٛہہ شور أتی روزان۔","general"
"Media is the most potent tool that connects the Parliament with its people.","میٖڈیا چھُ سارِوٕے کھۄتہٕ طاقت ور آلہٕ یُس پارلِمنٛٹس امہِ کِس عوامس سۭتہِ جوڑان چھُ۔","general"
"He was previously acquitted of ordering war crimes and of joint conspiracy.","سہُ اوس گۄڑٕ جٔنٛگی جرٲیمن ہندِ حٗكمہٕ تہٕ مُشترکہٕ سٲزِشہٕ نِش بٔری کرنہٕ آمُت۔","general"
"Article 145 was amended and is governed by the Supreme Court Rules of 2013.","آرٹیکل 145 یَس مَنٛز آیہ تَرمیٖم کرنہٕ تہٕ یہِ چھُ سپریم کورٹ کِس 2013 كِس فٲصلس تحت چلان ۔","general"
"It was subordinated to the genus Panthera by Reginald Innes Pocock in 1929.","یہِ اوس 1929 ہَس مَنٛز ریجنالڈ انیس پوکاکَن پینتھیرا جینسَس ماتحت کوٚرمُت۔","general"
"The battle rages for eighteen days and ends with the defeat of the Kauravas.","یہِ جنٛگ چلیٛوو اردہن دۄہن تہٕ ووت كورون ہندِ ہارنہؓ سٕتہِ اند ۔","general"
"He is answered by Sanjaya, who relates what is happening on the battlefield.","تٔمِس دِیُوت سنجے یَن جواب، یُس وَنان چھُ زِ مٲدانہِ جنٛگَس مَنٛز کیا چھُ سپدان۔","general"
"Before 2014, 77 Passport Seva Kendras (PSK) were operational in the country.","2014 برٛۄنٛہہ ٲسہِ77 پاسپورٹ سیوا کینٛدرٕ (پی اٮ۪س کے) مٕلکس منٛزكٲم كران ۔","general"
"Then he takes Arjuna on a tour of philosophical ideas and ways of salvation.","پتہٕ چھُ سہُ نِوان ارجُنس أکِس فلسَفانہٕ نظرین تہٕ نجات کٮ۪ن طریٖقن ہٕنٛدس دورس پٮ۪ٹھ۔","general"
"The global pandemic has taken some shine off the experience of the Olympics.","عالمی ووباہن چھےٚ اولمپِکس کہِ تجرُبٕچ چمک رژھا کم کٔرمٕژ۔","general"
"This is because growth is affected by both genetic and environmental factors.","یہِ چھُ امہِ موٗجوٗب زِ بڈٗن چھٗ دۄشوٕی جینیٲتی تہٕ ماحولیٲتی عملو سۭتہِ مُتٲثر گژھان۔","general"
"Cochlear implants also benefit people who have more significant hearing loss.","كنس اندٕرِ نصب كرٗن چھِ تِمَن لوکَن تہِ فٲٮٔدٕ واتناوان یِمَ وارِیاہ گوب بوزان چھِ ۔","general"
"India's leading steel producer, SAIL, has a steel plant in Salem, Tamil Nadu.","ہندوستانُک نمایاں سِٹیل پروڈیوسر،SAIL لَس چھُ سیلم، تامِل ناڈو وَس منز اکھ سِٹیل کارخانہٕ۔","general"
"The literacy rate has risen from 39% in 1991 to 47% in 2001 to 63.8% in 2011.","شرح خواندگی چھے٘ 1991 تھس مَنٛز %39 پٮ۪ٹھ بٔڑِتھ 2001 کَس مَنٛز %47 گٲمٕژ یوٚسہٕ 2011 ہَس مَنٛز %63.8 گیہ۔","general"
"High-frequency data for Q2 indicates that economic activity remains resilient.","کیٚوُ 2 خٲطرٕ ہایہ -فریکینسی ڈیٹا چھُ نشاندہی کران زِ اقتِصٲدی سرگرمی چھِ برقرار۔","general"
"Here I found Abdul Gani Sheth expecting me, and he gave me a cordial greeting.","یتہِ وُچھ مےٚ عبدالغنی شیٹھ مےٚ پرٛاران، تہٕ تمہِ کوٚر مےٚ خوش آمدیٖد۔","general"
"On reaching Rajkot, I reported myself to the Medical officer the next morning.","راجکوٹ وٲتِتھ دِیوٗت مےٚ دوٚیمہِ دۄہ صُبحیہ میٚڈِکل افسرس پنٗن اطلاع۔","general"
"The receiving team must not allow the ball to become stuck within their court.","رٹن وٲلس ٹیٖمس چھُنہٕ بالہِ پنٛنس احاتس منٛز پھسنہٕ دیُون۔","general"
"The delineated units on a map will be given a specific symbol, colour and name.","نقشس پٮ۪ٹھ دِنہٕ آمتین وكھرٕ اِكٲیین یی اکھ خاص نِشٲنہٕ ، رَنٛگ تہٕ ناو دِنہٕ۔","general"
"The country has withstood the shocks from COVID-19 and the conflict in Ukraine.","مُلکن چھِ کووِڑ-19 نٕک دھکہٕ تہٕ یوکرینَس مَنٛز تَضادٕ برداشت کوٚرمُت۔","general"
"At this time, the chief officer of the army of Lahore was one Robert Montgomery.","امہِ وقتہٕ اوس لاہور کہِ فوجُک چیف افسر اکھ رابٲٹ مونٹگومری۔","general"
"This fact alone is sufficient to form an estimate of his capacity and character.","صرف یہِ حقیٖقَت چھِ امكِہِ صلٲحیَت تہٕ کردارُک انٛدازٕ لگاونہٕ خٲطرٕ کٲفی۔","general"
"Taking them with him, Nana marched to Bithoor and threatened to attack Cawnpore.","تِمَن پانَس سۭتہِ نِتھ کر ناناہَن بٹورَس کُن پیشقدمی تہٕ دِژٕن کانپورَس پٮ۪ٹھ حملہٕ کرنٕچ دھمکی۔","general"
"It degrades an area by two processes, namely frost heaving and frost shattering.","یہِ چھُ أکِس علاقس دۄیو عملو سۭتہِ نۄقصان واتناوان یمن كٹھكو٘ش سمٗن تہٕ كٹھكو٘ش پھٗٹٗن ونان چھِ ۔","general"
"However, the misuse and overuse of antimicrobials are accelerating this process.","وونہِ گو٘، اینٹی مایکروبیلن غلط تہٕ زیٛادٕ استعمال چھُ یہِ عَمَل تیز کران۔","general"
"Unlike the nagara temple, the Dravida temple is enclosed within a compound wall.","ناگرا مٔندِرس بر عقس، چھُ ڈراوِڑ مٔندِر آنٛگنٕ دٮ۪وارس منز باگ ۔","general"
"In addition, the Bajaj Group has also undertaken several educational activities.","امہِ مزید چھِ بجاج گرٗپَن واریٛاہ تعلیمی سرگرمیہٕ تہِ سر دست نیمٕژٕ ۔","general"
"During this time, the British came into conflict with Bengal's Mughal governors.","اتھ وقتس دوران ووٚتھ انٛگریزن بنٛگال کٮ۪ن مۄغل گورنرن سۭتۍ فسادٕ۔","general"
"In 2020, Finance Minister Nirmala Sitharaman introduced a bill to amend the Act.","2020 ہَس مَنٛز کٔر وزیرِ خزانہ نرملا سیتارمنَن ایکٹس مَنٛز تَرمیٖم کرنہٕ خٲطرٕ اکھ بِل پیش۔","general"
"Sulfites may cause reactions by both immunologic and non-immunologic mechanisms.","سلفائٹس چھِ امیونولوجک تہٕ غٲر امیونولوجک میکانزم طریقو ریکشنُک سبب بٔنِتھ ہیکان۔","general"
"According to some estimates, India has 10,600 MW of geothermal energy available.","کینٛہہ اندازَن مُطٲبِق چھُ ہندوستانَس مَنٛز 10,600 میگاواٹ جیوتھرمل توانٲئی دٔستِیاب۔","general"
"The remaining banks have reduced retail opening hours and pushed online banking.","باقٕیہ بینکو چھِ پرچوُن یلہٕ گژھنُک وقت کم کوٚرمُت تہٕ آن لائن بینکنگ برونٛہہ پکنٲومٕژ۔","general"
"It intervenes in the market to curb excessive volatility and anchor expectations.","یہِ چھُ ضرورَت کھۄتہٕ زیٛادٕ اتار چَڑھاو تہٕ احتِماد حٲصِل کَرنٕچ اُوومیٖد رُکاونہٕ خٲطرٕ بازارَس مَنٛز دَخٕل دِوان۔","general"
"The gearshift lever is mounted on the center console between the two front seats.","گیئر شفٹ لیور چھُ دۄن برٛونٛہمٮ۪ن سیٖٹن درمیان سینٹر کنسول پٮ۪ٹھ كھٲرِتھ ۔","general"
"It gives the person the right to enter a country and stay for a temporary period.","یہِ چھُ فردس أکِس مُلکَس مَنٛز دٲخل گژھنہٕ تہٕ کیٚنٛژھَس کالَس روزنُک حق دِوان۔","general"
"These refugees arrived in waves and did not come solely at the time of partition.","یم مُحٲجریٖن آیہِ چھۄکن منٛز تہٕ یم آیہِ نہٕ صِرِف تقسیم كہِ وقتہٕ ۔","general"
"The oldest one is the Finnish Islamic Association, which was established in 1925.","ساروٕیہ کھۄتہٕ پرووٚن چھِ فِنش اسلامِک ایسوسیشن یوسہٕ 1925 ہَس مَنٛز قٲئم كرنہٕ آیہ ۔","general"
"Meghalayan cuisine is unique and different from other Northeastern Indian states.","میگھالیائی کھٮ۪ن چھُ باقٕیہ شُمال مشرقی ہندوستانہِ ریاستو نِش خاص تہٕ مُختٔلِف۔","general"
"The most dynamic element of the urban area is the various modes of transportation.","شہری علاقُک ساروٕیہ کھۄتہٕ زیٛادٕ بدلن وٲلہِ عنصر چھِ نقل و حملٕک مُختٔلِف طٔریٖقہٕ۔","general"
"Attendance of patients in OPD and IPD of the Institute has continuously increased.","ادارٕ کِس او پی ڈی تہٕ آئی پی ڈی یَس مَنٛز چھُ مٔریٖضن ہِنٛز حٲضری منٛز لگاتار اِضافہٕ گوٚمُت۔","general"
"These calipers can be used to calculate the length, outside, and inside diameters.","یِم کیلِپر چھِ زیٚچھر، نٮ۪برٕم تہٕ أنٛدرٕم قُطَرُک حِساب کرنہٕ خٲطرٕ استعمال کرنہٕ یِوان ۔","general"
"It has entered into an agreement with BBLIL for a period ending on March 21, 1997.","أمہِ چھُ بی بی ایل آیۍ ایلس سۭتہِ 21 مارچ 1997 تھس تام ختم گژھن وٲلِس وقتس خٲطرٕ مُحادٕ کوٚرمُت۔","general"
"The Art Institute Dhaka has been an important center for visual art in the region.","آرٹ انسٹِٹیوٹ ڈھاکہ چھُ خٕطس مَنٛز بصری فنُک اکھ اَہَم مرکز روٗدمُت۔","general"
"Fresh fish are exported to France and dried and preserved fish to Spain and Italy.","تازٕ گاڈٕ چھِ فرانس تہٕ ہۄچھہِ تہٕ محفوظ كرنہٕ آمٕژٕ گاڈٕ چھِ سپین تہٕ اِٹلی بَرآمَد کرنہٕ یِوان ۔","general"
"We naturally accept this narrative convention of an exclusively male point of view.","أسۍ چھِ فطری طور خاص کٔرِتھ مردانہٕ نَظَریہِ ہُک یہِ قٕصہٕ مانٗن قَبوٗل کران۔","general"
"Later, an agreement was entered into with M/s. HLL with effect from March 22, 1997.","پتہٕ آو اٮ۪م اٮ۪س۔ اٮ۪چ اٮ۪ل اٮ۪ل ہس سۭتہِ اکھ محادٕ کرنہٕ یُس مارچ 22, 1997 پٮ۪ٹھٕ عملہِ منٛز آو۔","general"
"Multi-agent reinforcement learning studies the problems introduced in this setting.","وارِیاہو نٗمایندو دٕسہِ برژر سٕتہِ ہیچھٗن چھٗ اتھ پس منظرس منز مٗتعارٗف مٗشكِلاتن ہٗند مٗتعالہٕ كران ۔","general"
"In India, the Beighton Cup and the Aga Khan tournaments commenced within ten years.","ہندوستانس مَنٛز گیہ بیگٹن کپ تہٕ آغا خان ٹورنامنٹ دٔہَن ؤرِیَن اندر اندر شُروع۔","general"
"Bricks should be tested for hardness and durability before they are used in masonry.","چٗنایہِ مَنٛز استعمال کرنہٕ برونٛہہ گژھہِ سیٚرٮ۪ن دَڑیر تہٕ پایدٲری خٲطرٕ آزمٲیِش کرنہٕ ینہِ ۔","general"
"The partial observance is laid down for the householders with additional seven vows.","گھرٕ گراكن خٲطرٕ آیہِ ستھ مزید قسم ٲڈ پابندی تھاونہٕ۔","general"
"Cricket became a widely popular sport in the second half of the seventeenth century.","سدٲہِمہِ صٔدی ہٕنٛدِس دوٚیمس نٮ۪صفس منٛز بنیوو کرکٹ اکھ واریاہ مقبوٗل کھیل۔","general"
"The Government of Andhra Pradesh honoured Kumar with the NTR National Award in 1997.","آندھرا پردیش چہِ حکومتَن دِیُت 1997 تھس مَنٛز کُمارَس این ٹی آر نیشنل ایوارڈ۔","general"
"The cape was later renamed as Cape of Good Hope in honour of the outpost's presence.","پتہٕ سرحدی چوکہِ ہِنٛز موٗجوٗدگی کِس اعزازَس مَنٛز آو کیپَس کیپ آف گُڈ ہوپ ناو تھونہٕ۔","general"
"Details will be announced by my colleague, the Minister of Petroleum and Natural Gas.","تفصیلاتَن ہُنٛد اعلان کرِ میوٚن سٲتھی وزیرِ براے پیٹرولیم تہٕ قو٘درتی گیس ۔","general"
"The Buddha cites this illustration of fire and adds that the question is wrongly put.","مہاتٕما بٗدھَن دِیُوت نارٕ چہِ امہِ مثالہِ ہُنٛد حوالہٕ تہٕ مزیٖد ووٚنُن زِ سوال چھُ غلط طٔریقہٕ پرژھنہٕ آمُت۔","general"
"He wrote the book Mizo Nge Israel? (""Mizo or Israeli?"") (2004), exploring this issue.","تٔمہِ لیٚچھ یہِ مسلہٕ سرٕ كرنہٕ خٲطرٕ میزو نگے اسرائیل؟ کِتاب (""میزو یا اسرائیلی؟"") (2004)، ۔","general"
"Nastika Indian philosophies include Buddhism, Jainism, Charvaka, Ajivika, and others.","نستِکا ہندوستٲنہِ فلسفن منٛز چھُ بودھ مت، جین مت، چارواک، اجیویکا تہٕ باقٕے شٲمِل۔","general"
"A public-private partnership (PPP) approach is best suited for finding the resources.","وَسٲیِل ژارنہٕ خٲطرٕ چھُ پبلک-پرائیویٹ پارٹنرشپُک (پی پی پی) طٔریٖقہٕ بہترین۔","general"
"The seat of the court was the Chamber of Princes in the Parliament Building in Delhi.","عدالتٕچ نشست ٲس دِلہِ منٛز پارلِمان چہِ عٮ۪مارٕژ منٛز چیمبر آف پرٛنسِزس منز ۔","general"
"As of 1 January 2010, men are only allowed to wear suits from the waist to the knees.","1 جنوری 2010 پٮ۪ٹھ چھُ مردَن صِرف کَمَر پٮ۪ٹھ کوٚٹھٮ۪ن تام سوٹ لاگنُک اِجازَت۔","general"
"Kaba Gandhi married four times in succession, having lost his wife each time by death.","کبا گاندھی یَن کوٚر ژورِ لٹہِ اکہِ پتہٕ ہیاکھ خاندَر، پرٮ۪تھ لٹہِ رٲو تس مرنہٕ سۭتہِ آشینہِ ۔","general"
"Assamese cinema is cinema in the Assamese language, watched primarily in Assam, India.","آسامہِ سنیما چھُ آسامہِ زبانہِ مَنٛز سنیما، یُس بنیٲدی طور آسام، ہندوستانَس مَنٛز وچھنہٕ یِوان چھُ ۔","general"
"The winter edition of the Film Appreciation Course was launched on 23rd November 2020.","فلم ایٚپرِسیشن کورسٕکہِ وَنٛدٕ ایڈیشنُک آغاز اوس 23 نومبر 2020 ہَس مَنٛز گوٚومُت۔","general"
"Temperature and water vapor content in the troposphere decrease rapidly with altitude.","زمینہِ نزدیك ہوٲیی قٗرس منز چھٗ درجہٕ حرارت تہٕ آبی بٗخاراتن ہُنٛد مواد تھزرس سۭتہِ سۭتہِ كم گژھان ۔","general"
"The per-rectal examination is a quick method (an experienced person takes 12 minutes).","فی ملٲشی معائنہٕ چھُ اکھ فورِی طریقہٕ (اکھ تجربُہٕ کار نفر چھُ 12 منٹ نِوان)۔","general"
"BCI differs from neuromodulation in that it allows for bidirectional information flow.","بی سی آیۍ چھُ نیوروترمیم نِش مُختٔلِف تِکیازِ یہِ چھُ دۄیہِ طرفہٕ زانٛکٲری ہنزِ رَوٲنی ہُنٛد اِجازت دِوان۔","general"
"There also exists a unicameral Cocos (Keeling) Islands Shire Council with seven seats.","سَتن سیٖٹن سۭتۍ چھُ اکھ یک ایوانی کوکوس (کیلنگ) جٔزیرٕ شائر کونسل تہِ موٗجوٗد۔","general"
"For these reasons, virginity cannot be definitively determined by examining the hymen.","یمو٘ وجوُحاتو٘ كِنہِ ، یہكو نہٕ سیكہٕ پٲٹھہِ زل جایہ نیبرِ ٹِشوُ ہٗك مویعنہٕ كرِتھ سرٕ كرِتھ ۔","general"
"But Mangal Pandey's brave deed was done through devotion to a high and noble principle.","مگر منٛگل پانڈے سٕنٛز بہودٗری ہنز کٲم آیہِ اکہِ تھدِ تہٕ بڑِ اصوٗلہٕ کہِ عٔقیٖدٕ سۭتہِ کرنہٕ۔","general"
"For these reasons, research in recent years has emphasised the use of image composites.","یمو٘ وجوُحاتو٘ كِنہِ چھُ حالیہ ورِین منز تحقیقن اِمیج کمپوزِٹ کس استعمالس پٮ۪ٹھ زور دیُتمُت۔","general"
"Manas is situated along the foothills of Himalayas in the north eastern state of Assam.","مانس چھٗ شٖمال مشرقی ریاست آسامس منز ہِمالیٲیی بالٕ دامنس منز واقع ۔","general"
"But the civil services, the police and the army were the close preserve of the Muslims.","مگر سِوَل سَروِسٕز، پُلیس تہٕ آرمی ٲسہِ مسلمانن ہٕنٛدِ قریبی محٲفظ۔","general"
"This plays a major role in the game, as most possessions end when a team misses a shot.","یہِ چھُ کھیلہِ مِنٛز اکھ اَہَم کِردار ادا کران، تِکیازِ زیٛادٕ تر قبضہٕ چھُ تمہِ ساتہٕ مۄکلان ییٚلہِ اکھ ٹیم شاٹ اتھٕ کران چھُ ۔","general"
"They built Dak bungalows on the side of the road for the convenience of Dak travellers.","تِمَو بنٲو ڈاک مسافرن ہِنٛز سہولت خٲطرٕ سڑکہِ پٮ۪ٹھ ڈاک بنگلہٕ۔","general"
"It can also reach our system when we click on a malicious advertisement on the Internet.","ییٚلہِ أسہِ انٹرنیٹَس پٮ۪ٹھ کُنہِ بدخوا اِشتِہارَس پٮ۪ٹھ کِلِک کران چھِ یہِ ہیٚکہِ سٲنِس سسٹمَس تام تہِ وٲتِتھ۔","general"
"The course was organised in coordination with the National Film Archives of India, Pune.","امہِ کورسُک احتِمام اوس نیشنل فلم آرکائیوز آف انڈیا، پونے یَس سۭتہِ اشتعراق کٔرِتھ کرنہٕ آمٗت۔","general"
"The aim will be to reduce by half the current level of female illiteracy in three years.","مقصد آسہِ ترٛٮ۪ن ؤرِین منٛز زٮ۪نٮ۪ن ہِنٛزِ ناخواندگی ہٕنٛزموجوٗدٕ سطح کم کرٕنہِ ۔","general"
"During the season, heatwave/severe heatwave conditions were observed in March and April.","اتھ موسمَس دوران آیہِ مارٕچ تہٕ اٮ۪پرِلَس مَنٛز گرم لہر/شدیٖد گرم لہرن ہِنٛز صورتہِ حال وُچھنہٕ۔","general"
"During this phase, effective policy initiatives have started providing fruitful results.","اتھ مرحلس دوران، اثردار حیكمت عملی ہندِیو اقدامو چھِ نتیجہ خیز نتائج دِنہِ شروع کٔرمٕتہِ ۔","general"
"Modern film releases are dubbed into many languages, forming a pan-Indian film movement.","جدید فلمہ چھِ واریٛاہ زبانَن مَنٛز ڈب كرِتھ ریلیز یِوان کرنہٕ، یمہِ سۭتہ اکھ پین انڈین فلم تحریك چھِ بنان۔","general"
"In some cases, weapons first introduced in science fiction have now been made a reality.","کینٛہہ حالتَن مَنٛز چھِ سائنس فکشنَس مَنٛز گۄڈنیتھ متعارف کرناونہٕ آمٕتۍ ہتھیار وونۍ حقیٖقت بَناونہٕ آمٕتۍ۔","general"
"Non-Cambodian visitors must purchase an Angkor Pass to enter Angkor Archaeological Park.","غٲر کمبوڈین سٲلانین پَزِ انگکور آرکیالوجیکل پارکِہ مَنٛز دٲخل گژھنہٕ خٲطرٕ انگکور پاس مو٘لہِ ہیوٚن۔","general"
"Despite this unsettling global environment, the Indian economy continues to be resilient.","امہِ پریشان کُن عالمی ماحول باووٚجوٗد چھِ ہندوستانٕچ معاشِیَت لگاتار بڈنٕچہِ قووت تھوان ۔۔","general"
"However, he is a Soshyant who has come with a message from God to save mankind from evil.","تاہم، چھُ سہُ اکھ سُشانٛت یُس لوٗکن شیطانس نِش بچاونہٕ باپتھ خۄداے سُنٛد پیغام ہٮ۪تھ آمُت چھُ۔","general"
"National Film Awards are also given to the best films in the regional languages of India.","ہندوستان چٮ۪ن علاقٲئی زبانَن مَنٛز چھُ بہترین فلمَن نیشنل فلم ایوارڈ تہِ دِنہٕ یِوان۔","general"
"According to a 2010 report, only about 2.1% (or 1,350,000 ha) of Afghanistan is forested.","2010 کہِ اکہِ رپورٹہٕ مُطٲبق چھُ افغانستانُک صرف %2.1 (یا 1,350,000 ہیکٹر) وَنو٘ سۭتہِ ؤلِتھ ۔","general"
"Indus Valley Civilisation is known for its technological knowledge in a variety of fields.","وادِے سِنٛدھٕچ تہزیٖب چھےٚ وارِیاہن شعبن منٛز پنٛنٮ۪ن تکنیٖکی معلوٗماتن ہٕنٛدِ باپت زاننہٕ یوان ۔","general"
"Its alumni have been earning recognition regularly through their mastery over film-making.","امیٕکہِ برٗنہمہِ طالبہِ علِم چھِ فلم سٲزِی منز پننہِ مہارتہٕ ذٔریعہٕ لگاتار پہچان حٲصِل کران۔","general"
"In 2015, Foreign Exchange Earnings for India from the industry were 16.94 billion dollars.","2015 ہَس مَنٛز ٲس صنعت طرفہٕ ہندوستان خٲطرٕ غٲر مُلکی تبادلٕچ آمدنی 16.94 عرب ڈالر۔","general"
"Bangladesh has a literacy rate of 74.7% as of 2019: 77.4% for males and 71.9% for females.","بنٛگلہ دیشٕ چہِ شرح خانٛدگی چھِ 2019 ہس تام %74.7 : مردن خٲطرٕ77.4 فیٖصد تہٕ زنٮ۪ن خٲطرٕ 71.9 فیٖصد ۔","general"
"Sikhism encourages temperance and moderation in food, i.e., to neither starve nor overeat.","سکھِیت چھِ کھٮ۪نَس منٛز تحمُل تہٕ اعتدالٕچ حوصلہٕ افزٲیی کران، یعنی نہ فاقَے روزُن تہٕ نَہ زیادٕ کھیٚون۔","general"
"The word Yoga is derived from the Sanskrit root Yuj, meaning to join or to yoke or to unite.","لفٕظ یوگا چھُ سنسکرت موٗلہٕ لفٕظ یٗج پٮ۪ٹھہٕ درامُت، یمیُوک مطلب مِلناوٗن یا جوڈٗن چھٗ ۔","general"
"I felt that if they agreed to the proposal, others could be persuaded to take the same line.","مےٚ باسیٛوو اگر تم یہِ تجویٖز منظوٗر کرن، باقٕے تہِ ہٮ۪کن یٔہَے لٲن رٹنہٕ خٲطرٕ آمادٕ کرنہٕ یتھ۔","general"
"At about the same time, I heard of a well-known Hindu having been converted to Christianity.","لگ بگ امی وقتہٕ بوٗز مےٚ أکِس نامور ہیٚنٛدۍ سُنٛد یُس عیٖسٲے اوس بنیٛومُت۔","general"
"The text is a prose-style Upanishad, with a motley collection of different-sized paragraphs.","متن چھُ اکھ نثری طرزُک اُپنشِد، یتھ مَنٛز مختٔلِف میژن ہنٛدِین پیراگرافن پنز سوٚمبرَن چھِ ۔","general"
"The ICC consisted of three British and three Indians, led by T. Rangachari, a Madras lawyer.","آیۍ سی سی یَس مَنٛز ٲسۍ ترٛےٚ اَنٛگریز تہٕ ترٛےٚ ہندوستٲنۍ شٲمِل یَمن ہِنٛز قیادت مدراسُک ؤکیٖل ٹی رنگاچاری اوس کران۔","general"
"The water balance is useful for predicting some of the human impacts on the hydrologic cycle.","آبُک توازُن چھُ ٲبی ژكھرس پٮ۪ٹھ انسٲنی اثراتو منٛزٕ کینژن ہٕنٛزِ پیشن گوٗیی خٲطرٕ فٲیدٕ منٛد ۔","general"
"We are committed to providing a real wage of Rs. 100 a day as an entitlement under the NREGA.","نریگاہس تحت پرٛٮ۪تھ دوٛہ ہتھ روپیہِ مزوُرِ بطورِ حق ادا کرنٗك چُھ اَسہِ پۄختہٕ ارادٕ کوٚرمُت","general"
"It brought 1,482 urban and 58 multi-state cooperative banks under the supervision of the RBI.","امہِ سٕتہِ آیہ 1,482 شہری تہٕ 58 كشیر رِیاستی امداد باہمی بینک آر بی آئی چہِ نگرٲنی تل ۔","general"
"Or have you made a considered decision that the template is not, or is no longer, applicable?","یا کیا تۄہہِ چھُوا سونٛچِتھ فٲصلہٕ کوٚرمُت زِ سان٘چہِ چھُنہٕ، یا آسہِ نہ وونہِ لوگوُ كرٗن لایكھ ؟","general"
"The IR is further subdivided into sixty-seven divisions, each with a divisional headquarters.","آئی آر چھُ مزیٖد ستہٲٹھ ڈویجنَن مَنٛز تقسیٖم کرنہٕ آمُت، پرٮ۪تھ أکِس چھُ ڈویجَنل صَدرِمُقام۔","general"
"She rose to fame when she won the silver medal at the 2002 Asian Games in Busan, South Korea.","سو٘ گیہ تمہِ وِزِ مشہوٗر ییٚلہِ تٔمہِ بوسان ،جنوٗبی کوریاہس مَنٛز 2002 کٮ۪ن ایشیٲیی كھیلن مَنٛز رۄپہٕ سُنٛد تمغہ زیوٗن۔","general"
"FTII launched the first-ever Online Film Appreciation Course from 15th June to 11th July 2020.","ایف ٹی آیۍ آیۍ یَن کوٚر 15 جون پٮ۪ٹھ 11 جولائی 2020 ہَس تام گۄڈٕینُک آن لائن فلم ایٚپرِسیشن کورس شروع۔","general"
"Clad in an olive-green chiffon saree, Fatma looked every bit the begum I'd imagined her to be.","زٕیتوٗن- رنگٕچہِ شفان دھوتہِ لٲگِتھ ٲس فاطمہ یوٗرٕ پٲٹھۍ تٔمِس بیگمَہِ ہِش باسان یوٚسہٕ مےٚ تَصَوُر کٔر مٕژ ٲس ۔","general"
"On this occasion, a blood donation camp was also organized by the Society on 12th August 2022.","اتھ موقعس پٮ۪ٹھ آو سوسائٹی ہِنٛدۍ ذٔریعہِ 12 اگست 2022 خون عطیہِ دِنہٕ كہِ کیمپُک تہِ احتمام کرنہٕ۔","general"
"The area reported by various government agencies under wastelands varies from 38Mha to 175Mha.","بنجر زٔمیٖنن تحت الگ الگ سرکٲرۍ اجنسِین ہٕنٛدِ ذٔریع رپوٹ کرنہٕ آمتِس رقبس منٛز چھِ 38 اٮ۪م اٮ۪چ اے پٮ۪ٹھٕ 175 اٮ۪م اٮ۪چ اے ہس تام مُختٔلِف آسان۔","general"
"The Buddha says it is not right to state that an Arahant exists or does not exist after death.","بُدھ چھُ وَنان زِ ، یہِ بیان چھُنہٕ ٹھیٖک زِ ارہنت چھا مرنہٕ پتہٕ موٗجوٗد آسان كِنہٕ نہٕ ۔","general"
"Of these, some monuments also figure in the list of World Heritage Sites recognized by UNESCO.","یِمو مَنٛز چھِ کینٛہہ یادگارٕ یونیسکو دٔسہِ تسلیٖم شُدٕ عالمی ثقافتی ورثہٕ کِس لسٹس فہرِستس مَنٛز تہِ شٲمِل۔","general"
"Besides, there are several other offices at the focal point of international tourist interest.","امہِ علاوٕ چھُ بین الاقوٲمی سیاحن ہِنٛز دلچسپی ہندٮ۪ن مرکزن مَنٛز کینٛہہ باقی دفتر تہِ۔","general"
"Many comedy and drama programmes from the Radio 4 archives are broadcast on BBC Radio 4 Extra.","ریڈیو 4 آرکائیو پٮ۪ٹھ چھِ واریٛاہ مَزاحِیَہ تہٕ ڈرامہ پروگرام بی بی سی ریڈیو 4 ایکسٹرا پٮ۪ٹھہٕ نشر کرنہٕ یِوان ۔","general"
"The important forest products are bamboo canes, Maratha barks, chillar barks, and the bhirand.","اَہَم جنگلی مَصنوٗعات چھِ بانٛسوِ لورِ، مراٹھا دٮ۪ل، چلر دٮ۪ل، تہٕ بھیراند ۔","general"
"The government owns 90% of all mines and related industries and is seeking foreign investment.","حکومت چھےٚ سارۍنٕے کانن تہٕ اتھ سۭتۍ وابستہٕ صنعتن ہٕنٛز 90 فیصد مٲلِک تہٕ یہِ چھےٚ بیرونی سرمایہِ کٲری ژھاران۔","general"
"Exhaled respiratory particles can build up within enclosed spaces with inadequate ventilation.","شَہس سۭتۍ نیرن وٲلۍ ذرات چھِ بنٛد جاین منٛز کم ہواہ ڈلنہٕ کِنیۍ سمِتھ ہیکان۔","general"
"The soil reflectance data can be acquired in the laboratory or in the field and from air/space.","میٚژِ ہِنٛز عکٲسی ہُنٛد عاداد شٗمار ہیكو٘ تجرٗبہٕ گاہ باپت یا مٲدانَس مَنٛز تہٕ ہوا/خلا پٮ۪ٹھ حٲصِل کرِتھ ۔","general"
"If you don't do anything because a study said not to, that may not be good enough as a defense.","اگرتو٘ہہِ کِہیٖنہٕ چھِوٕ نہٕ کران تہِ کیٛازِ اكھ مُطالعہٕ چھُنہٕ ونان، یہِ ہیٚکہِ نہِ بطور دِفاع صٔحیٖح ٲسِتھ ۔","general"
"The racking Back method is useful when the full length of the wall cannot be built at one time.","ریکنگ بیک طٔریٖقہٕ چھُ تمہِ وِزِ کارآمد ییٚلہِ نہٕ دۄسِہِ ہُنٛد پوٗرٕ زیچھَر أکی وقتَہٕ بٔنِتھ ہیٚکہِ ۔","general"
"During the inquiry, attempts were made to compel him to reveal the names of other conspirators.","پٕرٛژھہٕ گٲر دوران آیہ سُہ مجبوٗر کرنہٕ باپتھ کوشٕش کرنہٕ زِ سُہ ونہِ باقی سٲزِش کرن والٮ۪ن ہٕنٛدِ ناو ۔","general"
"Soma Kerala Palace, Kochi, was shown in the movie as the KARMA Institute (school of Guruswamy).","سوما کیرالہ پیلس، کوچی، آو فلمہِ مَنٛز بطور کرما انسچوُٹ (گروسوامی یُک سکوٗل) ہاونہٕ ۔","general"
"Bristol Bears (rugby union) and Gloucestershire County Cricket Club are also based in the city.","برسٹل بیئرس (رگبی یونین) تہٕ گلوسٹرشائر کاؤنٹی کرکٹ کلب تہِ چھِ اتھ شہرَس مَنٛز۔","general"
"As per the report of the Sargent Committee, the Tourist Traffic Committee was appointed in 1948.","سارجنٹ کمیٹی ہِنٛدۍ رپورٹ مُطٲبق ٲس ٹورسٹ ٹریفک کمیٹی 1948 ہَس مَنٛز تعیِنات کرنہٕ آمٕژ۔","general"
"If death has occurred elsewhere, salvation can be achieved by immersing the ashes in the Ganges.","اگر موت بییہِ کُنہِ جٲے ییی، سوٗر گنگایہ مَنٛز ترٲوتھ ہیٚکو نجات حٲصِل کٔرِتھ۔","general"
"It suggests that members from these professions should be sought to serve in the secret service.","یہِ چھُ تجویز کران زِ یِمِن پیشن سۭتہِ تعلق تھوَن وٲلہ رٗكٗن گژھن خٗفیہ سروسن مَنٛز خدمات انجام دِنٕہٕ باپت اننہٕ یِنہِ ۔","general"
"Jihadi, mujahideen, and fedayeen are similar Arabic words that have entered the English lexicon.","جہٲدی، مجٲہدین تہٕ فدٲئین چھِ ہِوی عربی لفظ یِم انگریزی لغضِیاتس مَنٛز ژامٕتہِ چھِ ۔","general"
"He eyed me for a moment, and politely saying, 'I am very sorry, we are full up', bade me goodbye.","تمہِ وٗچھ مے٘ كٗن پیٖنٛتِس کھنٛڈس تہٕ ووٚنُن حلیمی سان :“ مے٘ چٗ سیٹھاہ افسوُس ، سون ساتھ اوس یُتُے“، پتہٕ كورٗن الوِدا ۔","general"
"More than 46 lakh BPL families in eighteen States and UTs have been issued biometric smart cards.","اردہن ریاستن تہٕ مركزی زیر انتظام علاقن ہندین 46 لچھہٕ کھۄتہٕ زیادٕ غریبی ہنزِ رٕكھہِ كھوتہٕ بو٘ن روزن والین كٗمبن آیہِ بائیو میٹرک سمارٹ کارڈ جٲری کرنہٕ۔","general"
"The game of cricket, as it is played today, has its origins in the south-eastern part of England.","کرکٹُک کھیل، یتھ کٔنہِ زَن از چھِ گنٛدٕنہٕ یوان ، اَمیِچ شروعات گییہ انگلِستان کِس جنوٗب مشرقی حصس مَنٛز۔","general"
"The votes in favor were from the benches of Popular Force, APRA, Broad Front, and Popular Action.","حقس منز ووٹ ٲسہِ پاپولر فورس، اے پی آر اے، براڈ فرنٹ تہٕ پاپولر ایکشن بینچن ہندِ ۔","general"
"The contingents were judged on the basis of their physical development, looks, and personalities.","چھو٘كھ آیہ تہنزِ جسمٲنی نشوونما، شکل و صورت تہٕ شخصِیَت کِس بنیادَس پٮ۪ٹھ پرٛزٕناونہٕ ۔","general"
"A plague broke out in this village, and I saw evident danger to the safety of the Ashram children.","یتھ گامَس مَنٛز پھٔلیو توووٗنہٕ، تہٕ مےٚ وُچھ زِ آشرم کٮ۪ن شُرٮ۪ن ہِنٛدٕس حفاظتس چھُ خطرٕ۔","general"
"It was superseded by the Marylebone Cricket Club (M.C.C.), with its headquarters at Lords, London.","یہِ گو٘ پتہٕ میلبارن كرِ٘كیٹ كلبہٕ دسہِ ختم ، یمِیوٗك صدر دفتر لارڈس لندنس منز اوس ۔","general"
"Dhinendra, who becomes angered by Chitti's victory, releases Pakshi's spirit from the synthesizer.","دھیندر، یٔمِس چٹی سٕنٛدۍ زیننہٕ سۭتۍ شرارتھ چھٗ کھسان چھِ سنتھیسائزر پٮ۪ٹھ پاکشی ہُنٛد روح یَلہٕ تراوان۔","general"
"Yasu then asks Valmiki to train Raj for five years to be as competent as Bantu and become the CEO.","یاسو چھُ پتہٕ والمیکیَس راجس پانٛژن وریَن تربِیَت دِنہٕ خٲطرٕ وَنان تاکہ سُہ بنہِ بنٹوُ سٕندِ ۍ پٲٹھۍ قٲبِل تہٕ بنہِ سی ای او۔","general"
"Indian Airlines focussed on domestic routes and Air India International on international services.","انڈین ایئر لاینہٕ چھِ گَریلو ہوٲیی وتَو تہٕ ایئر انڈیا انٹرنیشنل چھُ بین الاقوٲمی خدماتَن کُن توجہ کران۔","general"
"In Taiwan, polls and research have consistently shown strong support for the death penalty at 80%.","تایوانس منٛز، چھےٚ راے شُمٲری تہٕ تحقیٖق مسلسل %80 سزایے موتٕچ سٮ۪ٹھاہ ہٮ۪مایت ہاوان ۔","general"
"The Mourides have had one female marabout, Sokhna Magat Diop, who inherited her father's position.","موریڈسس نِش ٲس اکھ زنانہٕ مرابط ، سوکھنا مگت ڈیوپ، ییٚمِس پننِس مٲلہِ سٕنٛز جاے وراثتس منٛز میجہِ ۔","general"
"United States' dominance in sprinting was matched in the longer track races by the United Kingdom.","سپرٛنٛٹنٛگس منٛز ٲس ایمریكا كِس غلبس زیچھن ٹریک ریسن منٛز برطانیاہن برابری کٔرمٕژ۔","general"
"Goa has two World Heritage Sites: the Bom Jesus Basilica and the churches and convents of Old Goa.","گوا ہَس مَنٛز چھِ زٕ عالمی ثقافتی ورثٕچہِ جایہِ: بوم جیسس باسیلیکا تہٕ پرٛانہِ گوا ہٕکہِ گِرجا گَھر تہٕ عیسٲیی سکول ۔","general"
"He argues that the soundtrack was, in essence, a ritualistic celebration of traditional archetypes.","سُہ چھُ بحث کران زِ ساؤنڈ ٹریک ٲسہِ اَصلی، رِوایتی آثارِ قدیمُک اکھ رسمی جشن۔","general"
"The players should learn and practise the basic skills of dribbling, passing, tapping, and hitting.","کھِلاڑٮ۪ن پز، ڈرٛبلنٛگ، پاسِنٛگ، ٹیپِنٛگ، تہٕ ہِٹِنٛگ ہٕنٛزٕ بُنیٲدی ہونر ہیٚچھنہِ تہٕ تمن پٮ۪ٹھ عمل کرٕنہِ ۔","general"
"Investment in mining and natural gas extraction increased, as did investment in the banking sector.","بینکنگ سیکٹرس مَنٛز سرمایہ كٲری ہندِ پٲٹھی ہٗرییہ کان کٔنی تہٕ قو٘درتی گیس کڑنَس مَنٛز پ تہِ سرمایہ كٲری ۔","general"
"On their wedding day, however, Vaidehi does not show up and is revealed to have run away to Mumbai.","تاہم چھنہٕ ویدیہی پنٛنہِ خانٛدرٕکہِ دوہ کٮ۪نٛہہ یوان تہٕ ہاونہٕ یِوان زِ سۄ چھےٚ مٗمبیی ژٔجمٕژ۔","general"
"A blood test is generally performed for cardiac troponins twelve hours after the onset of the pain.","دود وۄتھنہٕ پتہٕ بَہہِ گنٹہِ چھُ عام طور کارڈِییک ٹرٛیپونِنز باپت خوٗنس ٹیسٹ کرنہٕ یوان۔","general"
"ATI entered the mobile computing sector by introducing 3D-graphics acceleration to laptops in 1996.","ATI گوٚو 1996 منز لیپ ٹاپَن مَنٛز 3D-گرافکس ایکسلریشن متعارف کٔرتھ موبائل کمپیوٹنگ شعبس منز داخل۔","general"
"Ashok Kumar scored the all-important winning goal to achieve India's lone triumph in the World cup.","اشوک کمارن کوٚر، ورلڈ کپس منٛز ہندوستانچٕ كٗنہِ فتح حاصل کرنہٕ خٲطرٕ ساروٕے اہم زینَن گول۔","general"
"The market-clearing price is determined by the requirement that supplies equal demand at that price.","مارکیٹ کلیئرنگ قۭمَتھ چھِ یِوان امہِ ضروٗرَت سۭتہِ طیہ کرنہٕ یٗس اتھ قۭمتَس پٮ۪ٹھ چھِ مساوی طلب فراہم کران چھٗ ۔","general"
"The Institute has crossed many milestones towards a new paradigm in the art and craft of filmmaking.","انسچوٹَن چھِ فلم سٲزی ہِنٛدِس فَنس تہٕ ہو٘نَرس مَنٛز واریٛاہ سنگ میل طے کٔرمٕتہِ ۔","general"
"Collagen as haemostat: When collagen interacts with platelets, it causes rapid coagulation of blood.","ہیموسٹیٹ کہ طرزٕ کولیجن: کولیجن ییٚلہِ پلیٹلیٹن سۭتۍ تعامُل چھُ کران، تیٚلہِ چھُ یہٕ خونس تیزی سان کرٛول بیہنُک وجہ بنان۔","general"
"To remove this delusion, one takes the vow of non-possession and realizes the perfection of the soul.","یہِ دھوکہٕ دوٗر کرنہٕ خٲطرٕ چھٗ فرد ترکہِ دُنیاہُک اِدرادٕ كران تہٕ روحُک کمال محسوس كران ۔","general"
"The scheduled banks are those included under the 2nd Schedule of the Reserve Bank of India Act, 1934.","شیڈولڈ بینک چھِ تِم یِم ریزرو بینک آف انڈیا ایکٹ 1934 کِس دویمِس شیڈولس تحت چھِ شٲمِل كرنہٕ آمٕتہِ چھِ ۔","general"
"On 12 November 2017, Delhi hosted its tenth queer pride parade from Barakhamba Road to Jantar Mantar.","12 نومبر 2017 کٔر دِلہِ كٕر باراکھمبا روڈ پٮ۪ٹھہٕ جنتر منترَ تام دہمہِ بے٘ ڈول غروٗر جلوُسٕچہِ میزبٲنی ۔","general"
"Hitopadesa is a book of worldly wisdom presented through the characters of birds, animals, and humans.","ہِت اُپدیش چھےٚجاناوارن، چارواین تہٕ آدمن ہٕنٛدٮ۪ن کِردارن ہٕنٛدِ ذٔریع پیش كرنٕ آمٕژ اکھ دُنیٲوی حِکمتٕچہِ کِتاب ۔","general"
"In recent years, the world around us has seen a lot of changes due to the use of Digital Technologies.","پٔتمٮ۪ن کٮ۪نٛہن ؤرین منٛز وٕچھہِ سٲنہِ أنٛدِ پٔکہِ دُنیہن ڈِجِٹل ٹٮ۪کنالجی ہٕنٛدِ استعمالہٕ سۭتہِ واریاہ تبدیٖلی ۔","general"
"They materialize the novel into something else and the result is a hybrid affair, a mixture of genres.","تِم چھِ ناول بییٚہِ کُنہِ چیزَس مَنٛز تراوان تہٕ نٔتیجِہ چھُ اکھ رلہٕ مِلہٕ ماملہٕ ، صِنفن ہٗند اکھ مِل مِش۔","general"
"Climate change will make some agricultural areas more suitable for production and other areas less so.","آب ہَواہس منز تبدیلی بناوِ كینژں زرعی علاقن پٲداوار خٲطرٕ زیٛادٕ مُنٲسب بناوان تہٕ یتھہٕ كٕنہِ باقین علاقن کم ۔","general"
"Cereal price pressure is spreading from wheat to rice due to the likely lower Kharif paddy production.","دانہِ کہِ کم خٔریٖف پیداوارکِنہِ چھُ دالن ہندِ قۭمتٗك دباؤ کٕنٕکہِ پٮ۪ٹھ تومُلہٕ پٲداوارس تام پھٔلان۔","general"
"Before passing, see the target, approach the ball, and look at the ball while holding the head steady.","پاس کرنہٕ برونٛہہ، وُچھِو نِشانہٕ، بالہِ نزدیٖک یِیو، تہٕ کلہِ أکسِی جایہِ تھیِتھ وُچھِو بالہِ کُن۔","general"
"BODHGAYA (Bihar), was the place where Prince Siddhartha attained enlightenment and became Lord Buddha.","بودھ گیا (بہار)، ٲس سوٚ جاۓ یتٮ۪ن شہزادٕ سدھارتھن روشن خیٲلی حٲصِل کٔر تہٕ بدھ بھگوان بنیٚو ۔","general"
"About a thousand and thirty Gujarati films were made between 1932 and 2011, but very few are archived.","1932 تہٕ 2011 ہَس درمیان آیہِ تقریباً اکھ ساس تہٕ ترٕہ گٗجراتی فلمہٕ بناونہٕ، مگر واریٛاہ کم چھِ محفوظ ۔","general"
"The Indonesian Supreme Court (Indonesian: Mahkamah Agung) is the highest level of the judicial branch.","انٛڈونیشیا ہٖك عدالت عالیہ (انڈونیشین: ماحکمہ اگنٛگ) چھےٚ عدالتی شاخٕچہِ چ سارِویہ کھۄتہٕ تھٔز سطح ۔","general"
"The public's opinion on the death penalty varies considerably by country and by the crime in question.","سزاے موتس متعلِق چھےٚ عوامی راے مٗلکہٕ تہٕ کرنہٕ آمتہِ جُرُمہٕ لحاظہٕ واریاہ الگ آسان۔","general"
"Protesters in the east and north Khartoum joined the demonstrations, which began after Friday prayers.","مشرقی تہٕ شُمٲلی خرطومَس مَنٛز گیہ احتِجٲجی تِمَن مُظٲہرَن مَنٛز شٲمِل یِم جٗمعہ نمازِ پتہٕ شروع گیہ ۔۔","general"
"High relative humidities in the lower and middle troposphere are also required for cyclone development.","سمندری طوفان تٗلنہٕ باپت چھِ بٔنمِس تہٕ مٔنٛزمِس زمینہِ نزدیك ہوا تہٕ خلا كِس خطس منز وابسطہٕ ہواہٕچہِ نمی تہِ ضروٗرِت آسان ۔","general"
"The important question considered at this short session was the composition of the federal legislature.","اتھ لۄکٹِس اِجلاسس منٛز یتھ اہم سوالس پٮ۪ٹھ غور و فِکِر کرنہٕ آو سہُ اوس وفاتیقوقونُن سازِیہ ہٗك تشكیل ۔","general"
"A team game means organised physical activity with players working together towards a shared objective.","أکِس ٹیٖم گیمہِ ہُنٛد مطلب چھُ أکِس مُشترکہٕ مقصدٕ خٲطرٕ رٔلِتھ میٖلتھ کٲم کرن والٮ۪ن کھِلاڑٮ۪نہنزٕ اكوٹہٕ جِسمٲنی حرکات۔","general"
"The De Lesseps Company, which ran the Suez Canal, first attempted to build a Panama Canal in the 1880s.","ڈی لٮ۪سپس کمپٔنی ، یۄسہٕ سویٖز نہر چلاوان ٲس، کٔر گۄڈنِچہِ پھِرِ 1880 كِس دہِلِس منز پاناما کنال بناونٕچ کوٗشش۔","general"
"However, those who have meditated for two or three years were found to already have low blood pressure.","تاہم، دۄن یا ترٛین ورۍ یَن تام یمو استغراق کوٚرمت آسہ تمن منز بلڈ پریشر بۄن روزان۔","general"
"Some studies have also shown a relationship between increasing body dissatisfaction and increasing SES.","کینژن مُطالعن منٛز چھُ بڈوٕنِس جسمٲنی عدم اطمِنانس تہٕ بڑوٕنِسSES منز تعلُق ہاونہٕ آمُت۔","general"
"To facilitate exports, a container freight station was started at MIDC Ambad by the Central Government.","برآمداتٕچ سہوٗلت خٲطرٕ آو مرکزی حکوٗمت سٕنٛدۍ طرفہٕ ایم آئی ڈی سی امبڈَس مَنٛز کنٹینر فریٹ سٹیشن شروع کرنہٕ۔","general"
"When the Dutch captain Joris van Spilbergen landed in 1602, the king of Kandy appealed to him for help.","1602 ہَس مَنٛز ییٚلہِ ڈچ کپتان جورس وان سپلبرگن ووٚت تہٕ کینڈی ہٕکہِ بادشاہَن کٔر أمِس مدتہٕ خٲطرٕ أپیٖل۔","general"
"A 32 km long, narrow outer channel connects the lagoon to the Bay of Bengal, near the village of Motto.","اتھ سرس چھٗ اكھ 32 کِلوٗمیٖٹر زیٖوُٹھ تنٛگ نیٔبرِم نالہٕ موٹو گامس نزدیك خلیج بنگالس سٕتہِ رلاوان ۔","general"
"The Medical Officer would not let me go to him again and insisted on sending an inspector to me instead.","میڈیکل افسرن دِیوٗت نہٕ مے٘ دُبارٕ أمِس نِش گژھنہٕ تہٕ تٔمہِ بدلہٕ دِیوٗتٗن اکھ انسپکٹر مےٚ نِش سوزنس پیٹھ زوٗر ۔","general"
"Two types of agricultural management practices include organic agriculture and conventional agriculture.","دۄن قٕسمن ہٕنٛدِین زرعی انتظام کٮ۪ن طریٖقن منٛز چھِ صحت بخش زراعت تہٕ رٮ۪وٲیتی زراعت شٲمِل۔","general"
"Shah insisted the bill was not anti-Muslim because it did not change their existing path to citizenship.","شاہَن کوٚر تاکید زِ یہِ بل چھنہٕ مسلمانن خلاف تِکیازِ امہ بدلٲو نہ شہریت باپت وتھ۔","general"
"Blood testing for specific IgE can be useful to confirm milk, egg, peanut, tree nut, and fish allergies.","خوٗنٕچ جانٛچ خٲطرٕ مَخصوٗص IgE ہےٚکہ دۄد، ٹھوٗل، جلگوٗز، گوجہِ تہٕ گاڈِ سۭتۍ الرجی ہندِ تصدیقہ باپت فایدہ مند ٲسِتھ۔","general"
"It was necessary to find out how far the spirit of national freedom had awakened among the Punjab Sepoys.","یہِ زانُن اوس ضروٗری زِ پنجیبہِ سِپہن ہُنٛد آزٲدی ہُنٛد جذبہٕ کوتاہ اوس بڑیومُت۔","general"
"Indian cinema thus has more than a hundred years of history, like the European or American film industry.","یتھہٕ كٕنہِ چھِ ہندوستٲنۍ سنیما ہَس ہتھ وری کھۄتہٕ زیٛادٕ تٲریٖخ، یتھ کٔنہِ یورپی یا امریکی فلم صنعتس چھے٘۔","general"
"However, BSNL does not have any statutory, regulatory, or police powers to impose strict civil liability.","وونہِ گو٘ ، بی ایس این ایلس نِش چھُنہٕ شہری ذِمہٕ وٲری ٲید کَرنٕكہِ تمبیہی ، لوگوُ كرنِكہِ یا پٗلسہٕ یختیارات ۔","general"
"Attractions, accommodations, supporting facilities, and infrastructure are the basic elements of tourism.","پُرکٔشِش مقام، رہٲئش، مددگار سہولیات ، تہٕ بُنیٲدِی ڈھانٛچہِ چھِ سیاحتٕکہِ بُنیٲدِی جُز۔","general"
"Most Indian states had granted general consent to the CBI to investigate crimes within their territories.","زیٛادٕ تر ہندوستٲنی ریاستو اوس سی بی آیۍ یَس پننٮ۪ن علاقن مَنٛز گژھن والٮ۪ن جُرمَن ہِنٛز جانٛچ پَرتال خٲطرٕ عمومی اِجازت دِیُتمُت۔","general"
"Adultery is frequently viewed as a breach of trust and of the commitment made during the act of marriage.","زِناہ چھُ اکثر بطور بھروسٕچہٕ خٕلاف ورزی تہٕ خانٛدرٕچہِ عملہِ دوران کٔرمٕتہِ واعدٕ پھٗٹراونٕہِ وٗچھنہٕ یِوان ۔","general"
"In the second round, she beat Anne Keothavong to enter the quarterfinals, where she lost to Hsieh Su-Wei.","کواٹر فٲٮٔنلَس مَنٛز واتنہٕ خٲطرٕ ہارنٲو تٔمہِ دوٚیمِس راؤنڈس مَنٛز ایٚنی کیوتھاونگ یتہِ زن تٔمہِ شیے سیو ویٚس نِش ہور۔","general"
"If the animal stays away from other animals in a herd, it indicates that it is having some health problem.","اگر جانور کھیٚلہِ مَنٛز باقی جانورن نِش دوٗر چھُ روزِ، تہٕ یہِ چھُ امہِ سںدِس صحتس منز کینٛہہ خرٲبی ہاوان ۔۔","general"
"In 2000, the BSE used this index to open its derivatives market, trading S&P BSE SENSEX futures contracts.","2000 مَنٛز کو٘ربمبیی سٹاك ایكسچینجن یہِ انڈیکس پنٕٗن ڈیریویٹیو مارکیٹ کھولنہٕ خٲطرٕ استعمال، ایس اینڈ پی بی ایس ای سینسیکس فیوچر کنٹریکٹن باپت ۔","general"
"Once trained, such a model can detect synonymous words or suggest additional words for a partial sentence.","اکہِ لٹہِ تَربِیَت حٲصِل کرنہٕ پتہٕ ہیٚکہِ یُتھ نموُنہٕ ہم معانے ژھٲرِتھ یا جُملن ہٕندِ حصہٕ باپتھ ا،ضٲفی لفظ تَجویٖز کٔرِتھ ۔","general"
"In warm, clear tropical waters, corals are more abundant than toward the poles, where the waters are cold.","گرم، صاف ٹرٛاپِکل آبس منٛز چھِ مرجان قطبن ہٕنٛدِ طرفہٕ زیٛادٕ لبنہٕ یوان، ییٚتٮ۪تھ آب تٕرُن چھُ آسان۔","general"
"There were four main proposals, and the final mix of uses will be finalised as the development progresses.","اتھ منحز آسہٕ ژور اہم تجویٖزٕ تہٕ استعمال کِس حتمی مرکبس ییہِ حتمی شکٕل دِنہٕ یُتھ یُتھ ترقی ہٕنٛز پیشرفت بڑان گژھِ۔","general"
"Article 28 states that even when a village is captured through war, pillaging is not allowed by any party.","آرٹیکل 28 چھُ وَنان زِ ییٚلہِ کُنہِ گامَس پٮ۪ٹھ جنگہٕ ذٔریعہٕ قبضہ یِیہِ کرنہٕ تیٚلہِ چھُنہٕ کٲنٛسہِ تہِ فِرقَس لوٹ مار کرنُک اِجازَت۔","general"
"Have you ever thought about what will happen if the garbage is not removed from our homes and surroundings?","کیٛاہ تۄہہِ چھُوٕ زانٛہہ تہِ یہِ سوٗنٛچمُت زِ اگر نہٕ ژھۄٹھ سانٮ۪و گرو منٛزٕ یا سانہِ أنٛدِ پٔکہِ منٛزٕ کڑنہٕ یِیہِ تیٚلہِ کیٛاہ بنہِ؟","general"
"The Hambledon Club, which was founded in the 1750s, played a significant role in the evolution of the game.","ہیمبلڈن کٕلَب، یٔمٕچ بُنیاد 1750 کِس دہلِس مَنٛز تراونہٕ ٲس آمٕژ، کوٚر کھیلہِ ہِنٛدِس بناونس مَنٛز اَہَم کِردار ادا۔","general"
"In May 2012, Deepika Kumari won her first World Cup individual stage recurve gold medal in Antalya, Turkey.","مئی 2012 ہَس مَنٛز اوس دیپیکا کماری انطالیہ، تُرکی مَنٛز پنُن گۄڈنیوٗک ورلڈ کپ انفرٲدی مرحلُک سو٘نہٕ سٗند تمغہٕ زیوٗنمُت۔","general"
"According to ICC rules, an ODI match is only official after 25 overs are bowled to the side batting second.","آئی سی سی قٲیدَن مُطٲبق چھٗ او ڈی آۓ میچ صِرف تیٚلی آفیشل ییلہِ 25 اووردو٘یِم بیٹنگ کرن وٲلِس ٹیٖمَس كرنہٕ آمٕتہِ آسَن ۔","general"
"Semenya's nation rallied around her to safeguard her dignity, her rights, and her position in world sports.","سیمینیایہ ہٗند مٗلكھ گو٘ تہند ویٚقار، تہندِ حقوق تہٕ عالمی کھیلن مَنٛز تہٗند مقام بچاونہٕ خٲطرٕ تس پتہٕ كھڈا ۔","general"
"The aim of the third level is to present and communicate the results in a way that supports decision-making.","ترٛیٚیمہِ مرحلٗك مقصد چھُ نٔتیٖجہٕ تِتھ پٲٹھہِ پیش تہٕ بیان کرٕنہِ ییمہِ فٲصلہٕ سٲزی منز مدتھ میلہِ ۔","general"
"In the three worlds there is not, and there will never be, any to equal him in martial or spiritual prowess.","ترٛشوٕنی دُنیاہَن مَنٛز نہ چھُ ، تہٕ نہ آسہِ کانٛہہ، یُس أمہِ سٕنٛدِس مقابٕلَس مَنٛز دٔرِتھ ہیكہِ یا روحٲنی صلاحیتن مَنٛز برابر آسہِ۔","general"
"In the east, one finds the Adi with many subtribes, including Padam, Pasi, Minyong, and Bokar, among others.","مشرقَس مَنٛز چھُ آدی واریٛاہن ذیلی قٔبیلن سۭتہِ وُچھنہٕ اوان یَتھ مَنٛز باقین سٕتہِ سٕتہِ پدم، پاسی، منیونگ، تہٕ بوکر شٲمِل چھِ ۔","general"
"When they follow each other in their cars, Raj saves Meera from dying and tells them to never see him again.","ییٚلہِ تِم پنٛنٮ۪ن گاڑٮ۪ن منٛز اکھ أکِس پتہٕ لاران چھِ ، راج چھُ میٖرایہ مرنہٕ نِش بچاوان تہٕ تمن وَنان زِ تِم گژھن نہٕ تس وۄنہِ زانٛہہ سمکھٕنہِ ۔","general"
"About 44 million metric tonnes of cargo are moved annually through the country's major rivers and waterways.","ملک کٮ۪و بڑٮ۪و دریاوو تہٕ أبی وتَو ذٔریعہٕ چھِ پرٮ۪تھ ورییہ تقریباً 44 ملین میٹرک ٹن سامانہٕ سوزنہٕ یِوان۔","general"
"Rice is the main food crop, and pulses (legumes), ragi (finger millet), and other food crops are also grown.","توٚمُل چھُ اہم غٕذٲیی فصٕل تہٕ دالہٕ (فٔلی)، راگی (زیوٗٹھ وٕشکہٕ) تہٕ باقٕے غٕذٲیی فصلہٕ تہِ چھےٚ وۄبداونہٕ یوان۔","general"
"On this occasion, the Indiamen succeeded in bluffing their way to safety without any shots even being fired.","اتھ موقعس پیٛٹھ گٔیہِ ہندوستٲنۍ کٲنٛسہِ پیٹھ گوٗلۍ چلاونہٕ ورٲے پنٛنہِ حفاظتٕچ وتھ کڈنس منز کامیاب۔","general"
"Live-attenuated vaccines are safe and stimulate a strong and effective immune response that is long-lasting.","لایِو اٹینیُوٹِڈ ویکسین چھِ محفوٗظ تہٕ یم چھِ اکھ مضبوٗط تہٕ اثردار مدافعتی ردِعمل پٲدٕ کران یُس واریہس وقتس تام روزان چھُ۔","general"
"For example, the low pH (ranging from 1 to 4) of the stomach is fatal for many microorganisms that enter it.","مثالے، میٛادُک کم پی ایچ (1 پیٹھ 4 تام) چھُ اتھ مَنٛز دٲخٕل گَژھن وٲلۍ واریٛاہ مایکروآرگینِزمن کیُت مہلک۔","general"
"Anita Wolff was listed as the Deputy Editor in 2007, and Theodore Pappas was listed as the Executive Editor.","انیتا وولف آیہ 2007 تس مَنٛز بطور معاوِن مٗدیر درج کرنہٕ ، تہٕ تھیوڈور پاپاس آو بطور ایگزیکٹو ایڈیٹر درج کرنہٕ ۔","general"
"Any performance with a following wind of more than 2.0 metres per second is not counted for record purposes.","2.0 میٖٹر فی سکنٛڈ کھۄتہٕ زیٛادٕ کہِ ہواہہ کہِ رفتارٕ سۭتہِ کانٛہہ کارکردگی چھنہٕ رٮ۪کارڑ کہِ مقصدٕ خٲطرٕ شُمار سپدان ۔","general"
"Cinnamon is native to India and, as such, its uses range from that of a flavoring agent to a medicinal agent.","دالچیٖنہِ ہُنٛد مالیٚون چھُ ہُنٛدوستان تہٕ، یتھہٕ کٔنہِ چھُ امیُوک استعمال مزٕ کھالنہٕ پیٹھہٕ دوا بناونَس تام سپدان۔","general"
"Securing online appointments for submission of passport applications at Passport Kendras has been simplified.","پاسپورٹ کیندرن منٛز درخواست دٲخٕل کرنہٕ خٲطرٕ آیہ آن لاٮٔن مٗلاقات آسان بناونہٕ۔","general"
"Such a seamless process has helped in increasing the speed of service delivery and reduced public grievances.","یِژھو رکاوٹ روٛس عملو سۭتہِ مِیوُل خدماتن ہنزِ فرٲہمی منٛز تیزی تہٕ لُکن ہٕنٛزٕ شکایتہٕ کم کرنَس منٛز مدتھ۔","general"
"In 2014, the government increased the foreign investment upper limit from 26% to 49% in the insurance sector.","2014 ہَس مَنٛز کوٚر حکومتَن انشورنس شعبس مَنٛز غٲر ملکی سرمایہ كٲری ہٗند بالٲئی حد ہُررٲوِتھ 26 % پٮ۪ٹھ 49 % ۔","general"
"Although it is inferred as a Filmfare Award, he said in an interview that ""I did not write a Filmfare Award.""","حالانٛکِہ امیُوک اندازٕ چھُ فلم فیئر ایوارڈٕک پٲٹھۍ، تٔمہِ وون أکِس انٹرویوَس مَنٛز زِ “مےٚ لیٚوکھ نہٕ فلم فیئر ایوارڈ۔“","general"
"The NCD Alliance brings together roughly 900 national member associations to fight non-communicable diseases.","NCD الاینسن چھِ نا لاگدار بیمارین سۭتۍ لڑنہٕ باپت تقریباً 900 قومی رکن ایسوسییشنہٕ یکوٹہٕ کرِمژٕ۔","general"
"Bengal Chemicals and Pharmaceuticals was set up by P.C. Ray, a professor of chemistry at Calcutta University.","بنگال کیمیکل اینڈ فارماسیوٹیکلس كو٘ر ۔کلکتہ یونیورسٹی مَنٛز کیمسٹری ہندِ پروفیسر پی سی رے ہن قٲیم ۔","general"
"Today's Odissi has evolved from the endless sculptures in various motifs carved on the temple walls of Orissa.","أزیُوک اوڈیسی چھُ ٲنتہٕ روس سنگترٲشی پیٹھہٕ بَنیٚومُت یوسہٕ مُختٔلِف شکلَن مَنٛز اڑیسہ کٮ۪ن مٔندِرن ہندین دیوارن پیٹھ کَھنِتھ چھِ ۔","general"
"Vasishtha now turned to the King and spoke gently: ""It ill becomes you, King, to refuse having promised once"".","ؤشِشٹھ پھیوٗر پادشاہس کُن تہٕ ووٚنٛنس،“ شہنشاہ یہِ چھَنہٕ جان اکہِ لٹہِ واعدٕ کٔرِتھ انکار کرُن“ ۔","general"
"As you add the rice flour into the container, in between, you may also add small quantities of grated coconut.","یُتھُیہ توہہ، توٚملہٕ اوٹ بانس منٛز چھِوٕ ترٛاوان، توہہ ہیٚکِو اتھ منٛزٕبركوِتھ کھوٗپرٕ تہِ رلٲوِتھ ۔","general"
"In these hands, the cinema lost much of its visual character and was turned into a literary and wordy product.","یِمَن اتھن مَنٛزکوٚرسنیما ہَن پنُن بصری کردار ختم تہٕ آو أکِس ادبی تہٕ لفظی مَصنوٗعاتَس مَنٛز بدلاونہٕ.","general"
"The type of information collected can range from detailed notes describing a site to a photograph of the site.","جمع کِردٕ زانٛکٲری ہٗند قٕسم ہیٚکہِ اكہِ مقام كیو وضاحتی نوٹو٘ پیٹھہٕ مقام چہِ شكلہِ تام ٲسَتھ ۔","general"
"Till February 2022, a total of 22,555 LKM 2D Broadband seismic data in the Andaman offshore has been acquired.","فروری 2022 تام آیہِ انڈیمان سٲحِلس نزدیك كٗل 22,555 ایل کے ایم 2 ڈی براڈبینڈ بٗنِلٕكہِ اداو شٗمار حٲصِل کرنہٕ۔","general"
"We have already seen how Mother Earth wanted a protector to be appointed and how Zarathustra was so appointed.","اسہِ وٗچھ گۄڈٕنیتھٕیہ زِ ماجہِ بٗتراتھ کِِتھہٕ کٔننہِ ٲس اکھ مُحٲفظ مُقرر کرٗن یژھان تہٕ زرتٗشت کِِتھہٕ کٔننہِ آو امہِ خٲطرٕ تعیِنات کرنہٕ۔","general"
"On a 720 km long strip between the Western Ghats and the Arabian Sea, lie a host of hidden beaches and creeks.","مغربی گھاٹ تہٕ بحرِ عربس درمیان 720 کلومیٹر زیٹھ ریل چھِ واریٛاہو ژوُرِ سَمَٛندَر بٔٹھیو تہٕ خلیجو٘ سٕتہِ برِتھ ۔","general"
"Long-term investments are to be held for many years and are not intended to be disposed of in the near future.","كشیر مٗدتی سرمایہ كٲری چھِ وارِیاہن ورن تام كرنہٕ یوان تہٕ چھنہٕ مستقبل قریبَس مَنٛز تراونہٕ ایوان ۔","general"
"Together, these four events are called the Majors or Slams (a term borrowed from bridge rather than baseball).","اِكوٹہٕ چھِ یِمَن ژورن واقعن چھُ میجرزس یا سلیمز وننہٕ یِوان (اكھ اسطلاح یو٘سہٕ بیس بالہِ كھو٘تہٕ بر٘ج پیٹھہٕ آمٕژ چھے٘ )۔","general"
"Other Indian cuisines are also available in this area even though the street specialises in north Indian food.","اتھ علاقَس مَنٛز چھِ باقٕے ہندوستٲنہِ ضیافتہٕ تہِ دستیاب حالانٛکہِ یہِ کوچہِ چھُ شُمٲلی ہندوستٲنہِ ضیافتن منز خصوصِیت تھاوان ۔","general"
"India has a comparative advantage in the area of Complementary Medicine and can be a world leader in the field.","ہِنٛدوستانس چھُ مُقابلتن کمپلِمٮ۪نٹری میٚڈِسنس ہندِس شعوبس منز فوقیت حٲصِل تہٕ یہِ ہیٚکہِ اتھ منٛز دُنیاہس رحنٗمٲیی كرِتھ ۔","general"
"On the basis of these reports, BSNL made its own inquiries by calling the local CLI number, i.e., 0281-3041000.","یِمَن رِپپورٹن ہِنٛدِس بنیادس پٮ۪ٹھ کٔر بی ایس این ایلَن مقٲمی سی ایل آیۍ نمبر، یعنی 0281-3041000 پٮ۪ٹھ فون کٔرِتھ پنٕنہِ پرژھگٲر۔","general"
"Woolwich thus joined the Barclays group of companies, and the Woolwich name was retained after the acquisition.","یتھ کٔنہِ کٔر ووُلوِچن بارکٕلیز گروپ آف کمپنیزن مَنٛز شمولیت ، تہٕ ووُلوِچ ناو آو حِصوٗل پتہٕ قٲیِم تھاونہٕ۔","general"
"Autocrine is a cell sending a signal to itself by secreting a molecule that binds to a receptor on its surface.","آٹوکرائن چھٗ اکھ خلیہ ، یُس امہِ كِسٕیہ سطحس پٮ۪ٹھ رسیپٹرس سۭتہِ جٗڈن وول اکھ مالِکیوُل خٲرِج كرِتھ ، پانَس اِشارٕ سوزان چھٗ ۔","general"
"Snow and sleet are common during the winter in upper Dharamshala (including McLeodganj, Bhagsu Nag, and Naddi).","ہیرِ دھرم شالہس (یتھ منٛز مٮ۪کلیوڈگنٛج، بھگسوٗ ناگ تہٕ نڈی شٲمِل چھِ) چھُ تٕرِ منٛز شیٖن تہٕ ڈوٹھ پٮ۪وان۔","general"
"Anju is married to Robert Bobby George, who is a former national champion in the triple jump and her coach too.","انجو ہن چھُ رابرٹ بابی جارجَس سۭتہِ خانٛدركو٘رمٗت ، یُس ٹرپل جمپُک سٲبقہٕ قومی چیمپئن تہٕ تہنٛد کوچ تہِ چھُ ۔","general"
"As of December 2020, 553 wildlife sanctuaries were established in India, covering 119,776 sq km (46,246 sq mi).","دسمبر 2020 ہَس تام آیہِ ہندوستتانَس مَنٛز 553 جنگلی زٗوزٲژن ہنز ركھہٕ قٲیم کرنہٕ، یِم 119,776 مربع کلومیٹرن (46,246 مربع میل) پٮ۪ٹھ پھٔہلِتھ چھے٘ ۔","general"
"If the swimming facility is available then the life-saving technique of drowning can best be practiced by doing.","ہرگاہ ژھرٛانٛٹ واینٕچ سہوٗلیت مہیا آسہِ، تیٚلہِ ییہِ پھٹنٕہٕ نِشہِ زنٛدگی بچاونٕچہِ تکنیٖکہِ ہُنٛد اصٕل پٲٹھہِ استعمال کرنہٕ۔","general"
"The dialogue was presented through inter-titles, which were often in English, and two or three Indian languages.","مکالمہٕ چھِ اِنٹر ٹائٹلو ذٔریعہٕ پیش یِوان کرنہٕ یِم اکثر انگریزی تہٕ دۄن یا ترٛیٚن ہندوستٲنۍ زَبانن مَنٛز چھِ آسان۔","general"
"In the heart of Rajasthan, lie a number of small towns and villages, which define the true essence of this land.","راجستھانس منٛزس چھِ واریٛاہ لۄکٕٹہِ لۄکٕٹہِ قصبہٕ تہٕ گام، یِم امہِ سرزمیٖنٕٗک حقیٖقی ہر تر ہاوان چھِ ۔","general"
"Neha's in-laws think Nikita has died, and Nikita realizes that a way out of her problems is to impersonate Neha.","نیہا ہندٮ۪ن وٲروٮ۪ن چھُ خیال زِ نِکیتا چھِ مۄمٕژ، تہٕ نکیتا چھِ پننٮ۪و مسلو منٛز نیرنہٕ خٲطرٕنیہا بننٕچ کوٗشش کران ۔","general"
"The GNU General public license (GPL) and the Creative Commons (CC) are two popular categories of public licenses.","جی این یو جنرل پبلک لائسنس تہٕ( جی پی ایل) تہٕ کریٹیوٚ کامنٕز (سی سی ) عوٲمی لاٮٔسنن ہندِ زٕ مشہوٗر قٕسٕم۔","general"
"According to Arthashastra, one svarna or karsha was equal to 80 rattis (based on the 1 Masha = 5 Ratti standard).","ارتھ شاستر مُطٲبِق اوس ، اکھ سورن یا کرش 80 تن رژن برابر (یُس 1 ماشہ = 5 رتی ہندِس معیارس پٮ۪ٹھ مبنی اوس )۔","general"
"Uranium, either in natural or enriched form, is commonly used as fuel in nuclear power plants for nuclear fission.","یورینیم، یا تہٕ قدرٔتی یا افزودٕ شکلہِ مَنٛز چھُ عام طور پٲٹھۍ نیوکلیئر پاور پلانٹن مَنٛز تیٖلٕک پٲٹھۍ نیوکلیئر فِشٮ۪ن خٲطرٕ استعمال گژھان۔","general"
"The Jain doctrine of non-acquisition could lead to more equitable distribution of wealth and resources in society.","عدم حصوٗلُک جین نظریہِ ہیٚکہِ معاشرس منٛز پونٛسہٕ تہٕ وسٲیلن ہٕنٛدِ زیٛادٕ مُنصِفانہٕ تقسیٖمُک ذریع بٔنِتھ ۔","general"
"In this vow, the householder must not have a sensual relationship with anybody but his own lawfully wedded spouse.","اَتھ واعدس تحت پٔزن نہٕ گھرٕ وٲلِس پننہِ قوٗنوٗنی خانٛدارِنہِ ورٲیہ بیہ کٲنٛسہِ سۭتہِ جنسی تعلُقات تھَوٕنہ ۔","general"
"The game of Volleyball was invented by William G. Morgan in the year 1895 in Holyoke, Massachusetts by YMCA (USA).","والی بال کھیلٗك ایجاد كور ولیم جی مورگنَن 1895 تھَس مَنٛز ہولیوک، میسچیٹس مَنٛز واے ایم سی اے (یو ایس اے ) دٕسہِ ۔","general"
"American geologist Grove Karl Gilbert first argued in 1885 that the barrier sediments came from longshore sources.","امریٖکی مٲہِر ارضیات گرٛوٗو کارل گِلبٲرٹن دِژ1885 منٛز یہِ دٔلیٖل تہٕزِ بندن ہُنٛد سیوٚنٛب چھُ سٲحِلس نكھہٕ ذٔریعو پٮ۪ٹھٕ یِوان۔","general"
"The Banda trial in the situation of Darfur, Sudan, was scheduled to begin in 2014, but the start date was vacated.","دارفور، سوُڈان کس صوٗرتس منٛز اوس باندہ مُقدِمہٕ 2014 ہس منٛز شروٗع گژھن وول، مگر امِیوٗك اِپتدٲیی تٲریخ آو تٗلنہٕ ۔","general"
"He had thousands of disciples all over India, Pakistan, and the USA, and he also had many khalifas all over India.","تَمِس ٲسۍ سٲرسٕیہ ہندوستانس، پٲکِستانس، تہٕ امریکاہَس منٛز ساسہٕ بٔدِ شاگِرد تہٕ بیٚیہِ ٲسِس پوٗرٕ ہندوستانس منٛز واریٛاہ خلیفہٕ۔","general"
"Significant Arab, Syrian, Portuguese, Dutch, Jewish, and Middle Eastern influences exist in this region's cuisine.","امہِ خٕطہٕ چین ضیافتن منز چھِ کٮ۪ن کھٮ۪نَن مَنٛز چھٗ نمایاں عرب، شٲمی ، پرتگٲلہِ ، ڈچ، یہوُدِ تہٕ مشرق وسطیٰ ہكہِ اثرات موٗجوٗد ۔","general"
"The Bagh Caves, consisting of Buddhist mural paintings, are located 97 km from the Dhar district of Madhya Pradesh.","باغ گۄپھہٕ، یِمن منزبودھ موُنہِ ژِتھرچھ، ، چھِ مدھیہ پردیش کہِ دھار ضِلع پٮ۪ٹھ 97 کِلُو میٹر دوٗر واقعہٕ۔","general"
"Liquidity refers to the extent to which financial assets can be sold at close to full market value at short notice.","لیٖکوِڈِٹی ہُنٛد مطلب چھُ سہُ حد یتھ تام مٲلیٲتی اثاثہٕ دستی بازٕرِ مو٘لس نزدیكھ كننٕہ یِن ۔","general"
"Other important crops are rice, cotton, sugarcane, pearl millet, finger millet, sorghum, maize, barley, and fruits.","باقٕے اہم فصل چھِ دانہِ، كپس، نیہ شكر ، مۄختہٕ وٕشکہٕ، اونگجہِ وٗشكہٕ ،جوار ، مکٲیہ، وٗشكہٕ تہٕ مٮ۪وٕ۔","general"
"The Constana Mufti, who is the community's main representative, is elected by a secret ballot from among the imams.","قسطنطنیہ مٗفتی، یُس برادری ہُنٛد اہم نمائندٕ چھُ ، چھُ امامو منز خٖٗفیہ انتخاب ذریعہ منتخب کرنہٕ یِوان ۔","general"
"Bangladeshi villages consist of thatched-roofed houses made of natural materials like mud, straw, wood, and bamboo.","بنگلہ دیشی گامَن مَنٛز چھِ ژھے پش دار مکان یِم قۄدرٔتی مواد ، یتھ کٔنہِ زَن زینہِ ، گاسہٕ، لکٕر تہٕ بٲن٘سہٕ سۭتہِ بنیمٕتہِ چھِ ۔","general"
"The purpose of the book appears to encourage proficiency in Sanskrit expression and the knowledge of wise behaviour.","امہِ کِتابہِ ہُنٛد مقصد چھٗ سنٛسکرٛت زبٲنہِ منٛز اظہٲرِ مہارت تہٕ دانا رٔوِیٗك علم حٲصِل کرنہٕ خٲطرٕ حوصلہٕ افزٲیی کرٕنہِ باسان چھٗ ۔","general"
"Samaveda is the compilation of these selected Ruchas set to Svaras keeping their proposed Chanda or rhythmic meters.","سام وید چھٗ یمن ژارِمژن رِچاین ہنز سو٘مبرن یم یہندِ تجویز كرِمٕتہِ چھند یا تالہِ ہٗند میزان تھٲوِتھ سور بند كرنہٕ آمژٕ چھے٘ ۔","general"
"There is nervousness in financial markets, with potential consequences for the real economy and financial stability.","مالیٲتی بازارَن مَنٛز چھِ حقیٖقی معیشت تہٕ مٲلی استحکامٕ کیو ممکنہٕ نٔتیٖجَو سۭتہِ گھبراہٹ ۔","general"
"There is no requirement under the rules to consult the Leader of the House or the Minister concerned in this regard.","قوٗنوٗنی طور چُھنہٕ امہِ باپت ایوان کِس سربراہس یا متعلقہ وزیرس سۭتہِ مشورٕ کرنٕچ کانٛہہ ضروٗرت۔","general"
"These measures have to encompass all aspects of the Budget such as subsidies, taxes, expenditures and disinvestment.","یِمن اقداماتن منٛز گژھن بجٹٕکہِ تمام پہلو یِتھ کٔنہِ زن رعایت، ٹیکس، اخراجات تہٕغٲر سرمایہ كٲری شٲمِل کرنہٕ یِنہِ ۔","general"
"A protected person may not have anything done ""of such a character as to cause physical suffering or extermination.""","أکہِ تحفظ وٲلہِ فردن آسہِ نہٕ تیُوتھ کٮ۪نٛہہ تہِ کوٚرمُت ییٚمہِ سۭتہِ کانٛسہِ کُنہِ قٕسمُک جِسمٲنی تکلیٖف واتہِ یا تبٲہی ہُنٛد وجہ بنہِ۔","general"
"The current regulations are, however, applicable to Payment Aggregators processing online or e-commerce transactions.","وو٘نہِ گو٘ ، موٗجوٗدٕ قٲعدٕ چھِ آن لایِن یا ای-کامٲرٕس لین دینَس پٮ۪ٹھ لاگو سپدان۔","general"
"These coins were mostly in copper and rarely in silver, the metal dies were carefully cast with the required designs.","یِم سِكہٕ ٲسہِ زیٛادٕ تر ترٛامٕوِ تہٕ كھالٕیہ روپہٕ سٕندِ ، دھاتٕكہِ سان٘چہِ ٲسہِ ہیسہِ سان مطلوٗبہٕ نقشس منٛز ترٛاونہٕ یِوان ۔","general"
"American Express ranked 86th in the 2018 Fortune 500 list of the largest United States corporations by total revenue.","امریکن اٮ۪کسپرٛٮ۪س آو کُل آمدنی ہٕنٛدِ حسابہٕ امریكا چٮ۪ن سارِوٕیہ کھۄتہٕ بجن کارپوریشنَن ہٕنٛدِس 2018 كِس فارچوُن 500 فہرِستس منٛز 86 مِس درجس پیٹھ ۔","general"
"Because a single channel was catering to an ever-growing audience, television programming quickly reached saturation.","تِکیازِ اکٕیہ چینل ٲس لگاتار ہران وُچھٮ۪ن والٮ۪ن خدمت کران، ٹیلی ویجن پروگرام سٲزی وٲژ تیزی سان ژیلہٕ ژر٘یچہِ تام ۔","general"
"Goa's state animal is the Gaur, the state bird is the Flame-throated Bulbul, and the state tree is the Indian Laurel.","گوا ہُک رِیاستی جانوَر چھُ گور، ریاستی وُڑوُن جاناوار چھُ رنگہٕ بلبل، تہٕ ریاستی کُل چھُ انڈین لارل ۔","general"
"""From that moment,"" the 1945 report stated, ""the ordinary trade machinery could not be relied upon to feed Calcutta.""","“تمہٕ بر٘ن٘زِ پٮ۪ٹھٕ“ چھُ 1945 ہُک اظلاع ونان زِ “کلکتہ ہس کھٮ۪ن کھیٛاناونہٕ خٲطرٕ ہٮ۪کو نہٕ عام تِجارتی مشیٖنٔری پٮ۪ٹھ بھروسہٕ کٔرِتھ“۔","general"
"The Guru Granth Sahib starts with Japji Sahib, while the Dasam Granth starts with Jaap Sahib, also called Japu Sahib.","گرو گرنتھ صاحب چہِ شروعات چھِ جاپجی صاحب سۭتہِ گژھان، ییٚلہِ زَن دسم گرنتھ جاپ صاحب سۭتہِ شروع گژھان چھُ ، یتھ جاپو صاحب تہِ وَنان چھِ ۔","general"
"The government will set up an expert group to advise on a viable and sustainable system of pricing petroleum products.","حُکوٗمت بناوِ پٮ۪ٹرولیم سۭتہِ بنن والٮ۪ن چیٖزن ہٕنٛدٮ۪ن قۭمتن ہٕنٛدِ موضوں تہٕ پایدار نِظامس متعلِق مشوَرٕ دِنہٕ باپتھ اکھ مٲہِر جماعت۔","general"
"The first T-20 international match took place on August 5, 2004, between the women's teams of England and New Zealand.","گۄدٕنیُوک ٹی-20 انٹرنیشنل میچ آو 5 اگست 2004 دوہ انگلِستان تہٕ نیوزی لینڈ کٮ۪ن زَنانہٕ ٹیمَن درمیان گندنہٕ ۔","general"
"Drifting down the serene lakes in Shikaras and living in wooden houseboats are unique experiences offered by Srinagar.","سری نگرٕ چھُ پُرسکون جھیٖلن مَنٛز وسونین شکاراہَن منز سٲل تہٕ لٔکرِہندین ہاؤس بوٹَن مَنٛز روزُن ہِوِ مٗنفرِد تجرٗبہٕ آیتن تھوان ۔","general"
"Citrus fruit is mainly grown in the central parts of Jamaica, particularly between the elevations of 1,000-2,500 feet.","سایٹرس مٮ۪وٕ چھِ بُنیٲدی طور جمایکہ کٮ۪ن وسطی حصن منٛز وۄبداونہٕ یِوان، خاص کر 1,000۔ 2,500 فٕٹن ہٕنٛدِس تھزرس پٮ۪ٹھ ۔","general"
"In the 1967 state assembly elections, all socialist parties were eliminated, and the CPI lost opposition party status.","1967 ٹھس کِس ریاستی اسمبلی اِلیکشَنَس مَنٛز آیہَ تمام سوشلسٹ پارٹیہِ خٲرِج کَرنہٕ، تہٕ سی پی آیۍ یِس مۄکلیو اپوزیشن پارٹی ہُنٛد درجہٕ۔","general"
"The Seven Eleven juice shop in Church Street, also called ""juice kadai"" by the native people, is a good hangout place.","چٔرچ سٹریٖٹس منز سٮ۪ون اِلیون جوٗس دُکان یتھ مقٲمی لوٗکھ “جوٗس کڈایی“ چھِ ونان، چھےٚ اکھ اصٕل کتھٕہ پیٔنٛڈ ۔","general"
"The best dive sites in the Andamans are in remote locations and are impossible to get without a private yacht charter.","انڈیمانَس مَنٛز چھِ گۄتہٕ خوری ہنٛدِ بہتریٖن مقام دوٗر دراز علاقن منز تہٕ یمن تام واتٗن چھٗ ذٲتی مشینی ناو استمال كرنہٕ ورٲے نامُمکِن۔","general"
"In Bhutan's education system, English is the medium of instruction, while Dzongkha is taught as the national language.","بھوٹان کِس تعلیمی نِظامَس مَنٛز چھُ انگریزی پرناونُک ذٔریعہٕ، ییٚلہِ زَن زونگکھا قومی زبٲنہِ ہنٛدِ پٲٹھہِ پرناونہٕ یِوان چھِ ۔","general"
"The preparation is traditionally done by a vasta waza, or head chef, with the assistance of a court of wazas, or chefs.","یہِ تیٲرِی چھِ زِوٲیتی طور ژاٹہٕ بوجَو یا باقی وازو ہِنٛدِ مدتہٕ سۭتہِ ووستہٕ وازٕیا بوٚڈ وازٕ کران۔","general"
"Indian cinema never understood composite sound, says K. Hariharan, an award-winning filmmaker and teacher from Chennai.","چنیی ہٗند اکھ ایوارڈ یافتہٕ فلم ساز تہٕ اُستاد، کے. ہری ہرن چھُ وَنان زِ ہندوستٲنہِ سنیما اوس نہٕ زانٛہہ تہِ رَلہٕ مِلہٕ آواز سَمجھان۔","general"
"It entered into an agreement for the sale of the entire production to BBLIL, which later merged with HLL for marketing.","أمہِ کوٚر بی بی ایل آیۍ ایلَس سۭتۍ پورٕ پیداوار کٕنٕنہٕ خٲطرٕ اکھ محادٕ، یُس پتہٕ مارکیٹنگ خٲطرٕ ایچ ایل ایلس سۭتہِ رٔلیو۔","general"
"I had been observing that, far from protecting the Indians, Chinese and others, these officers were grinding them down.","بہٕ اوسُس یہِ وٕچھان زِ ہندوستانٮ۪ن، چیٖنیَن تہٕ باقین لوٗکن حٮ۪فاظت کرنہٕ چہِ آسہٕ نہٕ کتھے، بٔلکہِ یم افسر ٲسہِ تِمن چیٖران۔","general"
"Dehradun city receives potable water from two primary sources: surface water and groundwater, to meet its supply needs.","دیہرا دوُن شہر چھُ پنٕنہِ ضروٗرت پورٕ کرنہٕ خٲطرٕ دۄٮ۪و بنیٲدی وَسٲیِلو پٮ۪ٹھ چیٚنُک آب حٲصِل کران: سطحی آب تہٕ زمینی آب۔","general"
"A cybercriminal attacks a computer or a network to reach other computers in order to disable or damage data or services.","اکھ سایبر مٗجرِم چھُ کُنہِ کمپیوٗٹرس یا نٮ۪ٹ ؤرکس تمیُک ڈیٹا یا خٔدمات بیٚہناونہٕ یا خراب کرنہٕ کہِ اِرادٕ حملہٕ کران۔","general"
"If there had been any personal malice, Mangal Pandey's name would have been on the list of assassins and not of martyrs.","ہرگاہ کانٛہہ ذٲتی بو٘غٗس آسِہا تیٚلہِ آسِہا منٛگل پانٛڈے سُنٛد ناو قٲتِلن ہٕنٛدس فِہرِستس منٛز تہٕ شیٚہیدن ہٕنٛدس منٛز نہٕ کٮ۪نٛہہ۔","general"
"The students should be encouraged to ask questions if they have any doubts about the procedure of first aid in swimming.","طٲلبہِ علمن گژھِ سوال پرٛژھنہٕ خٲطرٕ حوصلہٕ افزٲیی کرنہٕ یِنہِ ہرگاہ تمن ژھرٛانٛٹہِ منٛز طبی اِمداد كِس طٔریٖقس متعلِق کانٛہہ تہِ سوال یا شک آسہِ۔","general"
"A nominated member of the team is allowed to strike at the goal from the penalty spot, with only the goalkeeper to beat.","ٹیم کِس أکِس نامزد رکنس چھِ پینلٹی سپاٹ پٮ۪ٹھ گولس پٮ۪ٹھ حملہٕ کرنُک اجازت، صرف چھِ گول کیپرس شِکستہِ دِنۍ۔","general"
"The referee, who was six yards away, pointed both his palms downwards to signal the defenders to ease out of the tackle.","ریفرین، یُس شیٚہ گز دوٗر اوس، کٔر ڈیفینڈرن ٹیکل مۄکلاونہٕ باپتھ اِشارٕہاونہٕ خٲطرٕ پنٕنہِ دۄشٕوے اتھہٕ بوٚن کُن ۔","general"
"It offers DEPM, B.TECH (Electronics Engineering), M.Tech (Electronics Design Technology), Ph.D., and short-term courses.","یہِ چھُ ڈی ایی پی ایم، بی۔ٹیٚک (الیکٹرانکس انجینئرنگ)، ایم۔ٹیٚک (الیکٹرانکس ڈیزائن ٹیکنالوجی)، پی ایچ ڈی، تہٕ مختصر۔وقتٕی کورس پیش کران۔","general"
"In January 2012, Obama issued a Call to Action to Invest in America at the White House ""Insourcing American Jobs"" Forum.","جنوری 2012 ہَس مَنٛز کوٚر اوباما ہَن وائٹ ہاؤس ""انسورسنگ امریکن جابس"" فورمَس منز امریکہ ہَس منز پونٛسہٕ لاگنہٕ خٲطرٕ کال ٹوٚ ایکشن جٲرِی۔","general"
"Similarly, when liquidity is tight, RBI will buy government securities and thereby inject money supply into the economy.","یتھے پٲٹھۍ، ییٚلہِ لیٖکوِڈِٹی تنٛگ آسہِ، تیٚلہِ ہیٚیہِ آر بی آے سرکٲرۍ تحفظات تہٕ کرِ معیشتس پونسچ فراہمی بحال۔","general"
"In recent days, there have been divergent views on the exchange rate of the rupee and the adequacy of our forex reserves.","حالیہ دۄہن منٛز، آیہِ رۄپیہِ ہندِس شرح مُبٲدِلس تہٕ سانٮ۪ن زر مبٲدِلہٕ كین ذٔخیٖرن ہٕنٛدس كٲفی آسنس پٮ۪ٹھ مٗختلِف خیالات برٛۄنٛہہ کُن۔","general"
"Therefore, such amounts of interest do not become overdue and hence NPA, with reference to the date of debit of interest.","یِتھہٕ كٕنہِ چھِنہٕ سوٗدٕكہِ یِم رقم وٲجب الادا بنان تہٕ لِہذا سوُد کہِ قرض بننٕكہِ تٲریٖخہٕ كہِ حوالہٕ اٮ۪ن پی اے بنان ۔","general"
"Bank credit grew at an accelerated pace of 16.2 percent y-o-y as on September 9, 2022, as against 6.7 percent a year ago.","بنٛک کرٛیٚڈِٹ ہُریٛوو 9 ستمبر 2022 ، 16.2 فیٖصد ؤریہِ کہِ رفتارٕ سۭتہِ ، یُس اکھ ؤری برٛۄنٛہہ 6.7 فیٖصد اوس۔","general"
"In the past, a letter would take days to reach, and every recipient would get his or her own copy and respond separately.","پتھ کالہِ ٲسہِ أکِس چِٹھِ کُنہِ جایہِ واتنس دۄہ وادٕ لگان، تہٕ پرٛٮ۪تھ کٲنٛسہِ رٹن وٲلِس اوس امیُک اکھ نقٕل میلان، تہٕ تم ٲسۍ اتھ الگ الگ جواب دِوان۔","general"
"His article, an excerpt from a forthcoming book, offers a vivid picture of the subterranean world of exploitation cinema.","تتہنٛد مضموٗن، اکہِ ینہٕ واجٮ۪ن کِتابِ ہُنٛد اقتِباس چھُ سنیما كہِ ناجٲیِز اِستعمالکہِ زیر زمین دنیا ہٕچ اکھ واضح تَصویٖر پیش کران۔","general"
"Land use policies that discourage shoreline building will leave communities more flexibility to deal with sea level rise.","زمین کہِ استعمالٕچہِ حیكمت عملی یۄسہٕ سمندر بَٹھہِ تٲمیراتن ہنز حوصلہٕ شِکنی ہاوِ برادرِین سمنررس آب كھسنس سٕتہِ ورتٗن ۔","general"
"We are also going to organize a few important lectures, including the program of observance of 'Azadi Ka Amrit Mahotsav'.","اسہِ کرو بیٚیہِ کٮ۪نٛہَن تقریرن ہُنٛد اہتِمام یمن منٛز “آزادی کا امرت مہوتسو“ مناونُک پروگرام تہِ شٲمِل چھُ۔","general"
"So, it was not difficult for the ascetic Gotama to find another religious teacher who was more competent than the former.","لہٰذا، گوتم ریشِس خٲطرٕ اوس نہٕ بیٛاکھ اکھ مذہبی استاد ژھارُن مُشکِل یُس برٛونٛہِمہِ سٕندِ کھۄتہٕ زیٛادٕ قٲبَل اوس ۔","general"
"The bulk of the scripture is divided into 31 main ragas, with each Granth raga subdivided according to length and author.","صحیفُک بوٚڑ حصہٕ چھُ 31 اَہَم راگن مَنٛز تقسیٖم کرنہٕ آمُت، پرٮ۪تھ کانٛہہ گرنتھ راگ چھُ زیچھرٕ تہٕ مصنِف سٕندِ حِسابہٕ تقسیٖم کرنہٕ آمُت چھٗ ۔","general"
"Like the 51st edition, this edition was also held in a hybrid format that combined online and face-to-face participation.","51 ہمہِ اٮ۪ڈِشنٕکہِ پٲٹھۍ چھُ یہِ ایٚڈِشن تہِ أکِس ہایبرٛڈ فارمیٹس منٛز منعقٕد کرنہٕ یوان، یتھ منٛز آن لاین تہٕ بٕتھِ کنہِ شرکت رلاونہٕ آمٕژچھےٚ ۔","general"
"In the 1980s, the Spanish firm Esperanza y Cia developed a 120-mm mortar bomb that contained 21 anti-armour submunitions.","1980 کِس دہلِس مَنٛز کوٚر ہسپینی كاربٲرِ ادارٕ ایسپرانزا واۓ سیا ہَن 120 ملی میٹر مارٹر بم تیار یَتھ مَنٛز 21 بختر بند شِكن بوروُد اوس ۔","general"
"The sole owner and the nominee shall execute two forms, INC-3 and INC-4, for the entire process of change in the nominee.","وٲحد مٲلکس تہٕ نامزد شخصس چھِ نامزدگی مَنٛز بَدلاوُ کہِ پوٗرٕ عملہٕ خٲطرٕ زٕ فارم، آیۍ این سی-3 تہٕ آیۍ این سی-4 بھرٕنہِ ۔","general"
"On May 29 security forces attacked a demonstration in the Al-Kalakla neighbourhood of Khartoum with tear gas and bullets.","29 مئی دوہ کوٚر دفٲیی دستو٘ خرطوم کِس الکلاکلہ محلَس مَنٛز أکِس مُظٲہِرَس پٮ۪ٹھ ٹیٚر گیس تہٕ گولیٚو سۭتہِ حملہٕ۔","general"
"India sent its first national team to the Olympics in 1920 and has participated in every Summer Olympic Games ever since.","ہندوستانَن سوٗز 1920 ہَس مَنٛز اولمپکسَس مَنٛز پنٕٗن گۄڈنیوٗك قومی ٹیٖم تہٕ تنہٕ پیٹھہٕ نیٚوُن پرٮ۪تھ سَمر اولمپک گیمَزن مَنٛز حصہٕ۔","general"
"In fact, the caloric density, protein, carbohydrate and fat in breast milk are very important for the growth of the child.","در حقیقت ، چھِ ماجہِ ہٕنٛدس دۄدس منٛز موٗجوٗد کٮ۪لارِک ڈٮ۪نسِٹی، پرٛوٹیٖن، کاربوہایڈرٛیٹ تہٕ فیٹ شُرِ سٕنٛدِ نشونُما خٲطرٕ سٮ۪ٹھاہ ضروُری ۔","general"
"Towards utilization of a radioisotope, first and foremost, it must be separated from HLLW in a radio-chemically pure form.","ریڈیوآاسوٹوپ کہِ استعمالہٕ خٲطرٕگژھِ یہِ ساروٕے کھۄتہٕ گۄڈٕ ایچ ایل ایل ڈبلیو نِش ریڑیو کیمیٲوی صاف شکلہِ منٛز الگ کرنہٕ یُن۔","general"
"The first T-20 international match between men's teams was played on February 17, 2005, between Australia and New Zealand.","مردن ہندین ٹیمَن درمیان آو گۄڈٕنیُک ٹی-20 انٹرنیشنل میچ 17 فروری 2005 ژس مَنٛز آسٹریلیا تہٕ نیوزی لینڈس درمیان گنٛدٕنہٕ۔","general"
"When the epicenter of a large earthquake is located offshore, the seabed may be displaced sufficiently to cause a tsunami.","ییٚلہِ کُنہِ بڑِ بٕنلیُک مرکز سوٚدرٕ بٔٹھہِ دوُر آسان چھٗ ، تیٚلہِ ہیكہِ سوٚدرٕ کِس فرٕشس واریاہ الہٕ ڈلہٕ گژھِتھ سٗنامی یِتھ۔","general"
"Cuban officials estimate roughly 1.6 million tourists visited Cuba in 1999, yielding about $1.9 billion in gross revenues.","کیوبا کٮ۪ن حُکامَن ہُنٛد اندازٕ چھُ زِ 1999 تھس مَنٛز کوٚر تقریباً 1.6 ملین سیاحو کیوبا ہُک دورٕ، یَمٕچ مجموعی آمدنی تقریباً 1.9 بلین ڈالر ٲس۔","general"
"You may begin by adding a spoonful of grated coconut into the cylindrical container, followed by the well-mixed rice flour.","توہہِ ہیٚکِو اکھ گٕہِتھ کھوٗپرٕ چمچہٕ اتھ گول بانس منٛز ترٛاونہٕ سۭتہِ شروٗع کٔرِتھ تہٕ امہِ پتہٕ اصٕل پٲٹھہِ رلوومُت توٚملہٕ اوٹ ترٛٲوِتھ ۔","general"
"More modern perspectives like the New Indian Cinema appear which aim to break with the traditional Bollywoodian aesthetics.","نیو انڈین سنیما گو بییٚہِ جدید نَظٔرِیہِ ہیتھ ظٲہر یمِیوٗك مقصد رِوایتی بالی ووڈُک جمالِیات پٕٗھٹراوُن چھُ۔","general"
"If the land cover delineations are done on a computer screen, the land cover map is created during the delineation process.","اگر زمیٖنہِ ہِنٛدِ سطحچہِ وكھرگی کمپیوٹر سکرینَس پٮ۪ٹھ یِیہِ کرنہٕ، زمیٖنہِ ہِنٛدِ سطحُک نقشہٕ چھٗ الگ كڈنٕچِ عملہِ دوران بناونہٕ یوان ۔","general"
"He is said to have illumined the material side of this earth instead of the spiritual and is thus condemned by Zarathustra.","أمِس متعلق چھِ وننہٕ یِوان زِ تٔمہِ چھُ روحٲنی بدلہٕ امہِ زمیٖن ہُنٛد مٲدی پہلو روشن کوٚرمُت تہٕ یِتھٕ کٔنہِ کٔر زرتٗشتن اہنٛز مَذمَت۔","general"
"During the Tokyo Olympic cycle, I would go to a psychologist, but I never made it a priority and didn't look after my body.","ٹوکیو اولمپک سائیکلس دوران، گژھہٕ بہٕ أکِس مٲہر نفسیاتَس نِش، مگر مےٚ دِژ نہٕ اتھ زانٛہہ تہِ ترجیح تہٕ کٔرٕم نہٕ پننہِ جسمٕچ دیکھ بال۔","general"
"The average precipitation per month varies between 54mm (2.1 inches) for February and April and 78mm (3.1 inches) for July.","فروری تہٕ اپریل خٲطرٕ چھُ پرٮ۪تھ رٮ۪تہٕ روُدٗك اوسط 54 ملی میٹر (2.1 اِنٛچ) درمیان آسان تہٕ جولائی خٲطرٕ 78 ملی میٹر (3.1 اِنٛچ) ۔","general"
"These vaccines either contained inactivated (killed) influenza virus or weakened live virus that could not cause influenza.","یمن ویکسینن منٛز ٲسۍ یا تہٕ سکتہ کرۍمتۍ (مارنہٕ آمٕتۍ) اِنفلوٗینزا وایرس یا کمزور زندہ وایرس یم نہٕ انفلوٗینزاہُک وجہ بٔنِتھ ہیکہٕ ہن۔","general"
"Madang is good for scuba diving of all levels, and the coral reefs are home to a variety of rare species of colourful fish.","مدانگ چھُ پرٮ۪تھ سطح چہِ سکوبا ڈائیونگ خٲطرٕ اصٕل، تہٕ کوریل ریف چھُ رنگ بہ رنگۍ گاڈن ہنٛدین مُختٔلِف نایاب قسمٕن ہُنٛد مشكن ۔","general"
"From Valmiki's description of the capital of Kosala, it is clear that ancient Ayodhya was not inferior to our modern cities.","والمیكی سندِ رازدانہِ كوشلچہِ وضاحت تلہٕ چھٗ عیاں گژھان زِ قدیم ایودھیا ٲس نہٕ سانیو جدید شہرو٘ كھوتہٕ كٗنہِ طریقہٕ كم ۔","general"
"However, in the next campaign, offshore basins (East Coast, West Coast and Andaman) up to EEZ boundaries are being taken up.","وونہِ گو٘ ، یِنہٕ واجنہِ مٗہمہِ منٛز یِن سٲٛحلہٕ دوُر خلیجن (مشرقی سمندرِی سٲٛحِل ، مغربی سمندر سٲٛحِل تہٕ انڈیمان) ای ای زیٚڈ حدس تام شٲمِل كرنہٕ ۔","general"
"Combining indicators for all these parameters, a qualitative grade was composed for the quality of facilities in each state.","یِمَن تمام میزانن ہِندِ اشارٕ یکجا کٔرِتھ آیہ پرٮ۪تھ ریاستس مَنٛز سہوٗلیات ہندِ معیار خٲطرٕ اکھ میٲری درجہ بندی بناونہٕ۔","general"
"The coach chambers of the train are steeped in history, under a sky of intricate craftsmanship that narrates timeless tales.","ٹرٛینہِ ہٕنٛدٮ۪ن کوچ چمبرن چھےٚ واریاہ پرٛٲنۍ تٲریٖخ، تہٕ یمن ہٕنٛز پیٖچیٖدٕ کٲرۍ گٔری چھےٚ پرٛانہِ لازوال دٔلیٖلہٕ بیان کران۔","general"
"Tourism emerged as the largest global industry of the 20th century and is projected to grow even faster in the 21st century.","سیاحت اُبھرییہِ وُہمہِ صٔدی ہٕنٛزِ اكھ بٕڈ عالمی صنعت بنِتھ تہٕ اکوُہِمہِ صٔدی منٛز چھُ امہِ کہِ زیٛادٕ تیزی سان بڑنُک اِمکان ۔","general"
"Other actors he has frequently collaborated with include Rekha, Madhuri Dixit, Anil Kapoor, Shah Rukh Khan, and Amrish Puri.","باقٕے اداکار یِمَن سۭتہِ تٔمہِ اکثر تعاون کوٚر تِمَن مَنٛز چھِ ریکھا، مادھری دِکھشت، انیل کپوُر، شاہ رٗخ خان، تہٕ امریش پوری شٲمِل۔","general"
"In 2011, Kashyap directed That Girl in Yellow Boots, a thriller starring Kalki Koechlin who also co-wrote the film with him.","2011 ہس منٛز کٔراکہِ تھرٛلر فِلِمہِ کَشَپن دیٹ گٔرل اِن یٮ۪لوو بوٗٹس فِلمہِ ہنزہٮ۪دایت کٲری، ،یتھ منٛز کالکی کوچلِن اداکٲری کٔر ییمہِ أمِس سۭتہِ یہ فِلِم لیٖچھمٕژ تہِ ٲس ۔","general"
"In other cases, the helicopter has been used solely for sensing and rocket-delivered torpedoes have been used as the weapon.","بیٚین معاملن منٛز چھُ ہیٚلی کاپٹر پورٕ پٲٹھہِ نظر گٗزر تھونہٕ خٲطرٕ استعمال کرنہٕ آمُت تہٕ راکٮ۪ٹو ذٔریعہ چلاونہٕ ینہٕ وٲلہِ تارپیٖڈو چھِ ہتھیارن ہندِ پٲٹھہِ استعمال کرنہٕ آمٕتہِ ۔","general"
"There are hundreds of handsets in the market, and they differ by screen size and supported technologies (e.g. MMS, WAP 2.0).","بازرَس مَنٛز چھِ ہَتہٕ بٔدۍ ہینڈ سیٹ، تہٕ تِم چھِ سکرینٕکۍ سائز تہٕ معاون ٹیکنالوجیہِ (یِتھ کٔنۍ زَن ایم ایم ایس، ڈبلٮ۪و اے پی 2.0) لحاظ سۭتۍ مُختٔلِف۔","general"
"Unani was well-received in the Hyderabad region and among Muslims, while Homeopathy was highly popular in Bengal and Odisha.","حیدرآباد کِس علاقَس تہٕ مسلمانَن مَنٛز آو یونانی یس زبردست استقبال کرنہٕ، ییٚلہِ زَن بنگال تہٕ اڈیشہ ہَس مَنٛز ہومیوپیتھی واریٛاہ مقبوُل ٲس ۔","general"
"In the past, surcharges on direct taxes have generally been levied to meet the revenue needs arising from natural calamities.","قدرتی آفاتو كِنہِ پٲدٕ گژھن واجنہِ ضروریات پورٕ کرنہٕ باپتھ اوس پتھ کالہِ سیدِ سیود ٹیکسن پٮ۪ٹھ ہُریمانہٕ پونسہٕ کھالنہٕ یِوان۔","general"
"The Charaka Samhita and Sushruta Samhita, developed around 2500 BC, are the main treatises of Ayurveda fully available today.","چرک سمہِتا تہٕ سُشرُتا سمہِتا، یم لگ بگ 2500 قبٕل مٔسیٖح منٛز بناونہٕ آیہ، چھِ آیورویدٕکہِ اصلی مقالہٕ یم وٗنكین پوٗرٕ پٲٹھہِ دٔستِیاب چھِ ۔","general"
"These are produced through biological processes rather than fuel produced by geological processes such as coal and petroleum.","یِم چھِ بہٕ نیسبت جیولوجیکل عملہِ سۭتہِ پٲدٕ گژھن والہِ بالن مِشالے كولہٕ تہٕ پٮ۪ٹرولیم بجاے حیاتیٲتی عملہِ سۭتہِ پٲدٕ کرنہٕ یِوان ۔","general"
"A short passage near the end addresses the larger concerns of warfare and explains the various uses of war elephants and men.","انٛدس پٮ۪ٹھ چھُ اکھ لۄکُٹ حِصہٕ جنٛگٕکہِ بٔڑۍ خدشہٕ دوٗر کران، تہٕ جنٛگی ہسٮ۪ن تہٕ نفرن ہٕنٛدِ وارِیاہن استعمالٕن ہنز وضاحت کران۔","general"
"The SI-derived unit for measuring the catalytic activity of a catalyst is the katal, which is quantified in moles per second.","ایس آیہ ین چھٖ كیٹلِسٹ عملانگیزیمیننہٕ باپت اِكٲیی كٹال بدِ كٕڈمٕژ ،، یمِیوٗك مٮ۪قدار مولز فی سٮ۪کنٛڈ چھٗ ۔","general"
"Unlike a traditional incandescent lamp, an LED will only light when voltage is applied in the forward direction of the diode.","روایتی دزونہِ بٕتہِ برعکس، چھٖ اكھ ایل ای ڈی صرف تمہِ وِز دزان ییلہِ ڈائیوڈ چہِ برونٛہمس سمتس مَنٛز وولٹیج دِنہٕ یی۔","general"
"A generic version of Tamiflu (Oseltamivir) was made available in the Indian market after several months of swine flu attacks.","ٹیمیفلوُک (اوسلٹیمِویر) اکھ عام ورجَن اوس سوائن فلوُک واریاہَن ریتَن ہِنٛدۍ حملہٕ پتہٕ ہندوستٲنۍ بازارَس مَنٛز دستِیاب کرناونہٕ آمُت۔","general"
"He started selling flowers at the Dadar railway station in Mumbai and eventually managed to own two flower shops in the city.","تٔمہِ كو٘ر مٗمبیہِ کِس دادر ریلوے سٹیشنَس پٮ۪ٹھ پوش کٕنٕنہِ شروع تہٕ ٲخٕر کار گوٚو شہرَس مَنٛز زٕ پوشہِ وان تر٘اونس مَنٛز کامیاب۔","general"
"She paired with Saketh Myneni to beat China's Hsien Yin Peng and Chan Hao-ching and win gold in the mixed doubles tournament.","ساکیتھ مائنینیَس سۭتہِ جوُرِ بنٲوِتھ ہارنٲوِ تمہِ چینٕکہِ سین ین پینگ تہٕ چان ہاؤ چِنگ تہٕ زیٖوٗنُن مکسڈ ڈبلز ٹورنامنٹَس مَنٛزگولڑ ۔","general"
"In 1912, Dadasaheb Phalke produced the first Indian animation movie, which was followed by a hiatus that lasted over 40 years.","1912 ہَس مَنٛز بنٲو دادا صاحب پھالکے یَن گۄڈٕنٕچ ہندوستٲنۍ اینمیشن فلم، یمہِ پتہٕ اکھ وقفہٕ آو یُس 40 وریِو کھۄتہٕ زیٛادٕ کالس روُد ۔","general"
"ICAR has targeted to develop 30 processable varieties of field and horticultural crops by the year 2024 to substitute imports.","آئی سی اے آرَن چھُ ؤری 2024 ہَس تام کَھہہ تہٕ بٲغوٲنی فصلن ہندِ 30 قٲبلِ عمل قۭسمہٕ تیار کرنُک مَقصَد بطوردَرآمدٗك مٗتبٲدِل بنوومُت ۔","general"
"Kerala has been included in the top 50 tourist destinations for a once-in-a-lifetime visit by the National Geographic Channel.","نیشنل جیوگرافک چینلِہ طرفہٕ چھُ زندگی مَنٛز اکہِ لٹہِ دورٕ خٲطرٕ کیرالہ خاص 50 ہن سیاحتی مقامَن مَنٛز شٲمِل آمُت کرنہٕ۔","general"
"The European colonizers created an architecture that symbolized their mission of conquest, dedicated to the state or religion.","یورپی نوآبادیاتَ بناون والیو كور اکھ تِیوٗتھ فن تعمیر پٲدٕ یُس تہنٛدِ فتحٕچہِ مٗہِمہِ ہنز مٗلك یا مذہبس وقف علامت اوس۔","general"
"Business services: 630,000 registered companies, equal to 10.3% of the entrepreneurial fabric, with over 2,800,000 work units.","کارٕبٲرِ خدمات: 630,000 رجسٹرڈ کمپٔنِی ، کارٕبٲرِ یینہِ ووننہٕ كین %10.3 ین برابر، یتھ منز 2,800,000 كامہِ ہنزٕ اِكٲیی چھے٘ ۔","general"
"If a wheat crop is destroyed by a pest, we may plant a hardier variety of wheat next year, relying on intraspecific diversity.","اگر کٕنٕکٕٗك فصل کیٚمیو سۭتہِ تباہ گژھہِ ، أسہِ ہیٚکو نوِ ورِیہِ غٲر مخصوص وكھرگی پیٹھ انحصار كرِتھ ، کٕنکُک سخت قٕسم ووِتھ ۔","general"
"Two prints, each carrying either the right or left eye view, had to be synced up in projection using an external selsyn motor.","زٕ چھاپ ، یمو منٛز پرٛٮ۪تھ اکھ یا تہِ دٔچھنہِ یا کھوورِ اچھ ہُنٛد نظارٕ چھُ ہاوان، پیٚیہِ أکہِ بیٖروٗنی سیلسین موٹرُک استعمال کٔرِتھ ہاونس منز اِكوٹہٕ رلاوٕنہِ ۔","general"
"India has 7,516 kilometres (4,670 mi) of marine coastline, 3,827 fishing villages, and 1,914 traditional fish landing centers.","ہِندوستانس منٛز چھِ 7,516 کِلوٗمیٖٹر (4,670 میٖل) سوٚدرٕ بوٚٹھ، 3,827 گاڑٕ ہٲنٛزن ہٕنٛدِ گام، تہٕ 1,914 رٮ۪وٲیتی گاڑٕ جمع کرنٕکہِ مرکز۔","general"
"In 2021, Bangladesh provided a US$200 million loan to Sri Lanka and a US$7.7 million donation to Sudan as economic assistance.","2021 ہَس منز دِیُت بنگلہ دیشَن سری لنکا ہَس 200 ملین امریکی ڈالر قَرضہٕ تہٕ سوڈانَس 7.7 ملین امریکی ڈالر بطور معٲشی اِمداد۔","general"
"Adultery is considered immoral by Christians and a sin, based primarily on passages like Exodus 20:14 and 1 Corinthians 6:910.","عیسایو دٕسہِ چھٗ زِناہ غٲر اخلٲقی ماننہٕ یوان ،یہِ زن بٗنیٲدی طور ایكسوڈس 20:14 تہٕ 1 كورِنتھینز 6:910 ہس پیٹھ مبنی چھٗ ۔","general"
"In 2009, he became the vice president of the profitable Gujarat Cricket Association (GCA), while Modi served as its president.","2009 وَس مَنٛز بنیو سُہ مُنافہٕ بخش گجرات کرکٹ ایسوسیشنُک (جی سی اے) نائب صدر، ییٚلہِ زن مودی امیُوک صَدٕر بنیٚو۔","general"
"She holds the national record for having the most medals at the senior level in the National Championships for one state team.","سۄ چھِ أکِہِ ریاستی ٹیمہٕ خٲطرٕ قومی چیمپئن شپَس مَنٛز سینئر سطحس پٮ۪ٹھ ساروی کھۄتہٕ زیادٕ تمغہٕ حٲصل کرنُک قومی ریکارڈ تھوان۔","general"
"In these verses, Zarathustra chooses to be like Spenta Mainyu, who is equated with the highest that any human mind can achieve.","یِمَن آیاتَن مَنٛزچھُ زرتٗشت سپینٹا مینیو ہِیوٗ بنُن ژاران ، یُس تیژِ بٗلندی برابر ماننہٕ یوان چھٗ یو٘ت نہٕ كاہنہہ اسنٲنی ذحن وٲتِتھ ہیكہِ ۔","general"
"Then there was a bastard king, Darius Nothos; Nothos means the son of somebody who is illegitimate, like William the Conqueror.","پتہٕ اوس تتہِ اکھ حرام زاد بادشاہ، دیرِیَس نوتھوس؛ نوتھوسُک مطلب چھُ کٲنٛسہِ یِتھِس نفرٕ سُنٛد نیچو یُس ناجٲئز چھُ، یِتھ کٔنہِ زَن ولیم دے٘ كانكویرر۔","general"
"In team games, a group of individuals on the same team work together to achieve the objective of being the winners of the game.","ٹیم گیمن مَنٛز اَکے ٹیمٕک نفر چھِ کھیل زیننُک مقصد حٲصِل کرنہٕ خٲطرٕ یکوَٹہٕ کٲم کران۔","general"
"On April 2, 2020, Dagens Eko reported that COVID-19 had spread significantly in retirement homes in at least 90 municipalities.","2 اپریل 2020 ، دیُت ڈیگنس ایکو وَن اطلاع زِ کووِڑ-19 چھُ کم کھۄتہٕ کم 90 میونسپلٹین مَنٛز ریٹائرمنٹ گرَن مَنٛز نٔنۍ پٲٹھۍ پٔھہلوومُت۔","general"
"An international cargo hub project, the Multi-modal International Cargo Hub and Airport at Nagpur, (MIHAN), has been developed.","اکھ بین الاقوٲمی کارگو ہب پروجیکٹ، ملٹی ماڈل انٹرنیشنل کارگو ہب تہٕ ہوٲئی اڈٕ ناگپور، (ایم ایی ایچ اے این) چھِ تیار آمُت کرنہٕ۔","general"
"Rendering prompt justice is the foremost purpose of the constitution, as enshrined in the Preamble to the Constitution as well.","فوری اِنصافٕچ فرٲہمی چھےٚ ٲییٖنُک اولین مقصد، یتھ کٔنہِ ٲییٖن كِس تمہیٖدِس منٛز تہِ درٕج چھُ ۔","general"
"Another Buddhist ritual that includes reenactments of the Buddha life myth is the ritual of the consecration of a Buddha image.","بُدھ متُک بیٚاكھ اکھ رسٕم یتھ منٛز بُدھ سٕنٛزِ زنٛدگی ہٕنٛدٮ۪ن افسانن ہٕنٛز دُبارٕ تخلیٖق شٲمِل چھےٚ، چھٗ بُدھ سٕنٛز تصویٖر مقدس بناونُک رسم ۔","general"
"The model's equations determine the level of supply and demand as a function of price and other variables (for example, income).","نموُنٕكہِ مٗتواضنات چھِ فراہمی تہٕ منگہِ ہنز سطح بطور قٲمت تہٕ باقٕٕیہ تبدیلی پزیر (مِثالے، آمدٔنی) ٗہند عمل تیہ كران ۔","general"
"Jersey cows produce milk having about 5 percent fat content, while the milk of Holstein-Friesian contains about 3.5 percent fat.","جرسی گاوٕ چھِ تقریباً 5 فیصد چربی دار دۄد دِوان، ییٚلہِ زَن ہولسٹین فریزئین سٕنٛدِس دۄدَس مَنٛز چھُ تقریباً 3.5 فیصد چربی آسان۔","general"
"A battle-hardened and rebellious Indian Army officer goes in search of his ex-girlfriend's child, who is mysteriously kidnapped.","اکھ جنٛگجوُ تہٕ بٲغی بھارتی فوٗجی افسر چھُ پننٛہ پرٛانہِ ویٚسہِ ہُنٛد شُر ژھانٛڈنہِ نیران، یُس پٗراشرار پٲٹھہِ اغوا كرنہٕ آمٗت چھُ ۔","general"
"Here 35 British soldiers of Her Majesty's 24th Regiment of Foot (South Wales Borderers) were killed by mutineers on 7 July 1857.","اتہِ آیہِ 7 جولاے 1857 کہِ دۄہ ہر میجسٹی ہٕنز ژوٚوُہِمہِ رجمنٛٹ آف فُٹٕکۍ (ساوتھ ویلز بارڈٲرس) 35 برطانوی فوٗجی بغاوت کرن والین ہٕنٛدیو اتھو مارنہٕ۔","general"
"The most important sources are local atmospheric effects, such as haze, smoke, or cumulus clouds in an otherwise clear-sky scene.","ساروٕیہ کھۄتہٕ اَہَم آگر چھِ مقٲمی ماحولیٲتی اثر، یتھ کٔنہِ زَن ویسے صاف نبس پیٹھ وُنَل، دٕہ، یا سموٗن اوٚبُر ۔","general"
"The tableau of Goa showcases religious harmony by focusing on the Deepastambha, the Cross, and Ghode Modni followed by a chariot.","گوا ہچہِ جھانكی چھِ دیپ ستمبھ، کراس تہٕ گھوڑے موڈنی پٮ۪ٹھ توجہ مرکوز کٔرِتھ مذہبی ہم آہنگی ظٲہر کران یتھ پتہٕ اکھ ٹانٛگہٕ چھُ ۔","general"
"Before 2013, Indian companies were not allowed to list their securities internationally without first completing an IPO in India.","2013 برونٛہہ اوس نہٕ ہندوستٲنہِ کمپنین ہندوستانَس مَنٛز گۄڈنیتھ آئی پی او پوٗرٕ کرنہٕ ورٲیہ بین الاقوٲمی سطحس پٮ۪ٹھ پنٕنہِ سِکیورٹی فِہرسَتس منزشٲمِل كرنٗك اِجازت ۔","general"
"Potatoes mixed in masalas, coated in besan batter and deep fried to perfection form this delicious and famous dish of Maharashtra.","مسالہٕ ترٛٲوِتھ بیسن مٔتھِتھ تہٕ وارٕ تٔلِتھ ٲلوٕ چھِ مہراشٹرٛا ہُک اکھ مزٕ دار تہٕ مہشوٗر سیُن۔","general"
"Similarly, forest land that is currently dominated by lower-valued species may become more valuable in the future, and vice versa.","یتھہٕ پٲٹھہِ ، جنگلٕچ زمیٖن یتھ پٮ۪ٹھ فلحال کم مو٘لہٕ وٲلہِ نَسٕل برونٛہہ کُن زیٛادٕ قۭمتی ، تہٕ اتھ برعکس بنِتھ ہیكن ۔۔","general"
"Though prices have declined since then, they are already about double the lows reached in the wake of the global financial crisis.","حالانكہِ امہِ پتہٕ چھِ قٲمتن منٛز كمی آمٕژ ، تِم چھِ گۄڑیہ عالمی مالیٲتی بحران كِنہِ امہِ كمی كھوتہٕ دوگنہٕ بڈراونس تیار ۔","general"
"Human safety mainly focuses on the health, hygiene, and environment of all people, including customers, employees, and management.","انسٲنی حفاظت چھِ بنیٲدی طور ،صارفیٖنَن، ملٲزمَن تہٕ انتظٲمیہ ہیتھ تمام لوٗکن ہٕنٛدِس صحتس،صاف صفٲیی تہٕ ماحولِیاتس بٮ۪ٹھ مرکوٗز۔","general"
"As they progress, skills should become more consistent and efficient, and the players should be introduced to set play situations.","یٗتھٗیہ تِم ترقی كران روزن ، ہو٘نر گژھن زیٛادٕ مستقٕل تہٕ اہل بنٕنہِ ، تہٕ کھلٲڑِ گژھن کھیل كین طے حالاتن متعارف کرناونہٕ یِنہِ ۔","general"
"However, the Arabs' higher status among non-Arab Muslim converts and the latter's obligation to pay heavy taxes caused resentment.","تاہم، غٲر عرب مسلمان مذہب اٮ۪ختیار کرن والٮ۪ن منٛز عربن ہُنٛد تھوٚد درجہِ تہٕ یمن واریاہ ٹٮ۪کس ادا کرنٕچ ذمہٕ وٲری ٲس نارازگی ہُنٛد وجہہ۔","general"
"These solitary beaches, alongside the wild and verdant Western Ghats, are a quiet alternative to their boisterous Goan counterpart.","سرسبز تہٕ شاداب وٲرانہٕ مغرِبی گھاٹھس سٕتہِ سٕتہِ چھِ یِم تنہا سوٚدرٕ بٔٹھہِ شوخ ووتلاون واجِنین گوا چین یژھنٕیہ جاین ہٗند متبٲدِل مقام۔","general"
"In solutions at room temperature, the four cyclic isomers interconvert over a time scale of hours in a process called mutarotation.","کمرٕ کِس درجہِ حرارتس پٮ۪ٹھ چھِ مٗركبن مَنٛز، ژور سائیکلک آیسومر گٲنٛٹن ہٕنٛدِ حِسابہٕ پانہٕ ونہِ بدلان یتھ میٚوچروٹیشن عمل ونان چھِ ۔","general"
"Part II (Articles 17-24) governs the reporting and monitoring of the Convention and the steps taken by the parties to implement it.","پارٹ II ( آرٹكل 17-24 ) چھٗ نامہٕ نِگٲری تہِٕ كنوینشنس پیٹھ نطرگٗزر تہٕ طرافینو٘ دسہِ یہِ لوگوُ كرنہٕ باپت اقدامات چلاوان ۔","general"
"On the senior circuit, Mirza started to show early success as she made her debut in April 2001 on the ITF Circuit as a 15-year-old.","سینئر سرکٹَس پٮ۪ٹھ لٲجہِ مرزا ہَن ابتدٲئی کامیٲبی ہاوٕنہِ ییٚلہِ تٔمہِ اپریل 2001 کَس مَنٛز 15 ؤرِشہِ وٲنٛسہِ مَنٛز آیی ٹی ایف سرکیٹہٕ پٮ۪ٹھہٕ شروعات کٔر۔","general"
"Garuda Indonesia conducts weekly open-charter flights from/to Jakarta, with bookings done through Christmas Island Travel Exchange.","گَرودا انڈونیشیا چھُ جکارتا پٮ۪ٹھ/تام ہفتہٕ وار اوٚپن چارٹر پروازٕ چلاوان ،ییمہِ باپت بٗكِنگ کرسمس آییلینڈ ٹریول ایکسچینج کہِ ذٔریعہٕ كرنہٕ یوان چھِ ۔","general"
"The moving spirits of revolutions are deemed holy or unholy in proportion, as the principle underlying them is beneficial or wicked.","گردِشن ہٕنٛدِ محترک روٗح چھِ تناسُبہٕ کہِ لحاظہٕ مُقدس یا ناپاک یوان مانٛنہٕ، تہِ کیٛازِ تِمن ہٕنٛدِ بُنیٲدی اوٚصوٗل چھ فٲیدٕ منٛد یا بد آسان۔","general"
"These are classified as anti-virals, anti-fungals, anti-protozoals and antibiotics according to the group of microbes they act upon.","یم چھِ جراژیٖمن ہٕنٛزِ جمٲژ مُطٲبِق بطور اٮ۪نٹی وایرل، اٮ۪نٹی فنٛگل، اٮ۪نٹی پروٹوزول تہٕ اٮ۪نٹی بیوٹِکس درجہٕ بنٛد کٔرِتھ ۔","general"
"The view expressed in Ramesh Kumari's case (supra) was reiterated in Lallan Chaudhary and Ors. V. State of Bihar (AIR 2006 SC 3376).","رمیش کُماری ہٕنٛدس مُقدِمس (سُپرا) منٛز ظٲہِر کرنہٕ آمتِس خیالس آو للن چودھری تہٕ باقیہ بنام سٹیٹ آف بِہارس ( اے آیہ آر2006 اٮ۪س سی 3376) منٛز تٲید كرنہٕ ۔","general"
"The NGT has, in the present case, abdicated its jurisdiction and entrusted judicial functions to an administrative expert committee.","این جی ٹی ین کوٚر موجودٕ معاملس منٛز پنُن دائرہ اختیار ترک تہٕ دِژٕن پنٕنہِ عدالتی کٲم اِنتظٲمی مٲہر کمیٹی۔","general"
"Interaction with the tourists helps to develop hospitable conduct amongst the workers associated to tourism industry in local areas.","سیاحن سۭتہِ رلٗن میلٗن چھُ مقٲمی علاقن مَنٛز سیاحتٕ كِس صنعتس سٕتہِ وابسطہٕ كاركٗنن منز مہمان نوٲزی ہندِس وتیرس فروغ دِنَس مَنٛز مدد کران ۔","general"
"The opening of New York City's Apple Fifth Avenue store in 2006 was highly attended, and visitors from Europe flew in for the event.","2006 ہَس مَنٛز نیو یارک سٹی کِس ایپل ففتھ ایونیو سِٹور کِس افتتاحس منز سپٕدِ وارِیاہ شٲمَل ، تہٕ یورپہٕ پیٹھہٕ آیہ لٗكھ ہوٲیی جہازس كیتھ۔","general"
"Beta (Translation: Son) is a 1992 Indian Hindi drama film, directed by Indra Kumar and written by Naushir Khatau and Kamlesh Pandey.","بیٹا (ترجمہٕ: نیٚچُو) چھےٚ اکھ 1992تٕچہِ ہِنٛدی ڈرٛاما فِلِم، یتھ ہٮ۪دایت کٲری اندرٛا کُمارن کٔرمٕژ ٲس تہٕ یۄسہٕ نوشیٖر ختاوو تہٕ کملیش پانٛڈیٚین لیٖچھمٕژ ٲس۔","general"
"On April 26, a French citizen is seen on a two-minute-long video asking quarantine workers for help with suicide in three languages.","26 اپریلَ چھُ اکھ فرانسیسی شہری دو٘ن مِنٹن ہندِس ویڈِیو ہس مَنٛز کورینٹین کارکُنَن ترٛٮ۪ن زبانن مَنٛز خودکشی خٲطرٕ چھُ مدد منٛگان نظرِ گژھان ۔","general"
"Traditional stories, rituals, and taboos of the Inuit are often precautions against dangers posed by their harsh Arctic environment.","اِنوِت چہِ ریوایتی دٔلیٖلہٕ، رسم تہٕ ممنوٗع کامہِ چھِ اکثر سخٕت آرکٹِک ماحولہٕ نِشہِ لاحق خطرو نِش بچنٕکہِ اقدامات آسان ۔","general"
"The cuisine consists mainly of food from two different sub-regions, Garhwal and Kumaon, though their basic ingredients are the same.","ضیافتہٕ چھِ بنیٲدی دۄن مُختٔلِف ذیلی علاقن ، گڑوال تہٕ کٗماو٘ں کِس کھٮ۪نَس پٮ۪ٹھ مشتٔمِل، حالانکہ یِہٕندِ بنیٲدی جٗز چھِ ہِوی۔","general"
"This increase in temperature is due to the absorption of intense solar radiation by the limited amount of remaining molecular oxygen.","درجہٕ حرارتَس مَنٛز ہُرٮ۪ر چھُ بَچیمٕتہِ مالیکیولر آکسیجن كہِ محدود مقدارٕ ذٔریعہٕ شدیٖد شمسی تابكٲری جذب کرنٕکہِ وجہہ كِنہِ ۔","general"
"The individual, asserts Katha Upanishad, who contemplates this eternal and not crooked one, becomes free and never experiences grief.","اكھ فرد ، كتھا اٗپ نِشد چھٗ ونان ، یٗس یہِ ابدی مانہِ تہِ خٗرافٲتی نہٕ ، چھٗ آزاد تہٕ تس چھٗنہٕ زان٘ہہ غم میلان ۔","general"
"They are mainly used in high-end audio power amplifiers and RF power amplifiers in wireless cellular networks such as 2G, 3G, and 4G.","تِم چھِ زیادٕ تر وائرلیس سیلولر نیٹ ورکن یتھہٕ کٔنہِ زَن 2G، 3G، تہٕ 4G یَس مَنٛز ہائی اینڈ آڈیو پاور ایمپلیفائر تہٕ آر ایٚف پاور ایمپلیفائرن مَنٛز استعمال سپدان ۔","general"
"Some navies operate ocean-going hospital ships to lend medical assistance in high-casualty situations like wars or natural disasters.","کیٚنہہ نیوی چھِ سوٚدرس منٛز گژھن والۍ ہسپتال جہازٕ چلاوان، یُتھ زِ جنٛگن یا قدرتی آفتن ہِوین جٲنی نقصان کین حالاتن منز طبی مدد فراہم کرنہٕ ہیٚکہ یِتھ۔","general"
"Given that pathogens are attenuated, it is extremely rare for them to revert to their pathogenic form and subsequently cause disease.","یہِ وُچھِتھ زِ جراثیم چھِ کم گژھان، یہِ چھُ اِنتہٲئی نایاب زِ تِم یِن جراثیم شکلہِ مَنٛز واپس تہٕ پتہٕ بَنہِ بیمٲرِ ہُنٛد سبب۔","general"
"Among Baku's cultural venues are the Azerbaijan State Philharmonic Hall, the Azerbaijan State Academic Opera, and the Ballet Theatre.","باکو کٮ۪ن ثقافتی مقامَن مَنٛز چھِ آذربائیجان سِٹیٹ فلہارمونک ہال، آذربائیجان سِٹیٹ اکیڈمک اوپیرا، تہٕ بیلٹ تھیٹر شٲمِل۔","general"
"The trade balance is the difference between the value of exports of goods and services and the value of imports of goods and services.","تجارتی توازُن چھُ برامد شٗدٕ سامانہٕ تہٕ خٔدماتن ہٕنٛدِس قٲمتس تہٕ درآمد سامانہٕ تہٕ خٔدماتَن ہٕنٛدِ قٲمتس منٛز فرق ۔","general"
"All packaged and canned food items contain a very high level of sodium because of the presence of salt that is used as a preservative.","پرٛٮ۪تھ کُنہِ پاکٮ۪ٹ دار تہٕ ڈبہٕ بند کھٮ۪نس منٛز چھُ سوڈیمُک واریاہ میقدار آسان، تہِ کیٛازِ اتھ منٛز چھُ نوٗن آسان یُس رژھراونہٕ باپت استعمال چھُ سپدان۔","general"
"In 1956, the Films Division set up a cartoon film unit, where Clair Weeks, the veteran Disney animator, was invited to train students.","1956 ہَس مَنٛز بنوو فلمز ڈِویجنَن اکھ کارٹون فلم یونِٹ، ییٚتِٮ۪تھ کلیئر ویکس، تجرُبہٕ کار ڈزنی اینِمیٹرَس طالبہِ علِمَن تَربِیَت دِنہٕ خٲطرٕ دعوت دِنہٕ آیہ۔","general"
"Likewise, the second grader, the Airyamna, or friend, is attacked by those who slander him; such persons should be kept away from him.","یِتھہٕ پٲٹھہِ چھٗ ، دۄیٚمِہ درجِہ کِس ، ایریامناہس یا دوستس پٮ۪ٹھ تِمو دٕسہِ حملہٕ سپدان یِم تٔمہِ سٕنٛز غٲبت کران چھِ ، یِتھہِ لٗكھ گژھن تٔمِس نِش دوُر تھاونہٕ یِنہِ ۔","general"
"GAIL is also an equity partner in two retail gas companies in Egypt, namely Fayum Gas Company (FGC) and National Gas Company (Natgas).","گیل چھُ مصرَس مَنٛز دوٚن پرچوُن گیس کمپنین فیوم گیس کمپنی (ایف جی سی) تہٕ نیشنل گیس کمپنی (نیٹ گیس) مَنٛز مسٲوی شٔریٖک تہِ ۔","general"
"Land use planning should reduce urban heat effects through the maintenance of green areas, and the use of different building materials.","زٔمیٖنہِ ہندِ استعمالٕچہِ منصوٗبہٕ بندی گژھہِ سر سَبٕز علاقہٕ قٲیِم تھوِتھ تہٕ مٗختلِف قٕسمٗك تٲمیری سامانہٕ استعمال ذٔریعہٕ شہری گرمی ہِٗنٛد اثر کم کٔرٕنہِ ۔","general"
"The transaction between them is of the nature of principal to principal and the price was the sole consideration for the sale of goods.","یِمن درمیان ٲس لین دین چھٖ اصل رقم پیٹھہٕ اصل رقم کہِ نویتُک تہٕ سامانہٕ کننہٕ باپت اوس قۭمتٕھٕیہ اکھ وٲحد وجہہ ۔","general"
"Where there are beachfront or bayfront houses, the owners will try to protect their property, through shoreline hardening, for example.","یتٮ۪ن سمندر بٔٹھِس یا خلیجس برونٛہہ کٔنہِ گھرٕ چھِ، تتِیكہِ مٲلکھ کرَن پنٕنہِ جائیدادٕچہِ حِفاظت کرنٕچ کوٗشش، مثالے سٲحل پو٘ختہٕ کرنہٕ ذٔریعہٕ۔","general"
"Mahatma Gandhi's ideals of Satyagraha instilled in every Indian an indomitable self-belief and spirit of sacrifice for the larger good.","مہاتما گاندھی سٕنٛدِ سٔتیا گرٛہہ ہٕکہِ نظرین کوٚر پرٛٮ۪تھ ہِندوتٲنِس منٛز اکھ ناقٲبلہِ تسخیٖر خۄد اعتِمٲدی تہٕ زیٛادٕ بٮ۪ہتٔری خٲطرٕ قۄربٲنی ہُنٛد جزبہٕ پٲدٕ۔","general"
"The waterfall, the mystical forests and water bodies above the cliffs and the lead pair escaping an avalanche all add to the spectacle.","آبشار، اسرٲرِ ون، تینتالین پیٹھ آبہٕ سر تہٕ نٗمایاں جورِ ہٗند شینہٕ مانہِ نِشہِ ژلٗن سورٗیہ چھُ منظرس دِلچسپ بناوان ۔","general"
"It is immaterial whether damages for the use and occupation are in fact claimed or not by the owner in an action against the trespasser.","یہِ چھُ غٲر اَہَم زِ دراندٲزی خلاف كاروٲیی منز چھا استعمالٕ تہٕ قبضہٕ کٮ۪ن نقصاناتن ہُنٛد داوا مٲلکن کوٚرمُت کِنہٕ نَہ۔","general"
"Its goal is neither nihilism, for there is nothing permanent to annihilate nor eternalism, for there is no permanent soul to eternalize.","امیُوک مقصد چھُنہَ نہٕ مزہبس انكارتہٕ کیٛازِ فنا کرنہٕ خٲطرٕ چھُنہٕ کانٛہہ تہِ چیٖز مُستقِل، تہٕ نہ ابدیت تہِ کیٛازِ ابدی آسنہٕ خٲطرٕ چھُنہٕ کانٛہہ تہِ رُح مُستقِل۔","general"
"Singing the glory of the Lord through the Divine Word can redeem a repentant sinner, and, thus, the doctrine of Karma ceases to operate.","کلامہِ الٰہی ہٕنٛدِ ذٔریع خۄداے سٕنٛدِس بجرس مُتعلق گٮ۪وُن ہیٚکہِ أکِس تۄبہٕ کرن وٲلِس گۄناہ گارس یلہٕ ترٛاونٲوِتھ، تہٕ یتھ کٔنہِ چھُ کرمٗک اصوُل چلٖٗن ترٛاوان ۔","general"
"The development of S&P BSE SENSEX options along with equity derivatives followed in 2001 and 2002, expanding the BSE's trading platform.","2001 تہٕ 2002 ہَس مَنٛز ایکویٹی ڈیریویٹیوو سان ایس اینٛڑ پی بی ایس ای سینسیکس چہِ ترقی ہندِیو مٗتبٲدِلو سان بی ایس ای کِس تِجارتی پلیٹ فارمَس وٗسعت دِوان ۔","general"
"Since the 1920s, professional engineers have taken an interest in archery, previously the exclusive domain of traditional craft experts.","1920 کہ دہلہِ پٮ۪ٹھ ہٲو پیشہ ور انجینئرو تیٖر اندازی مَنٛز دلچسپی، یُسبرون٘ہہ روایتی دستِکٲری ہندین مٲہرَن ہُنٛد خصوٗصی شعبہٕ اوس ۔","general"
"The rich literary traditions of the city have been highlighted internationally by Booker Prize winners Salman Rushdie and Aravind Adiga.","شہرٕچ بہترین ادبی رٮ۪وایت چھےٚ بُکر ینعام یافتہٕ سلمان رشیدی تہٕ اروِنٛد اڈیگاہن بین الاقوٲمی سطحس پٮ۪ٹھ نٕنہِ كٕڈمٕژ۔","general"
"Arms were arranged all around, breakfast was ready, the hungry mouths were chewing the first morsel; the cups of drink were filled ready.","تمامو طرفو ٲسہِ ہتھیار سجٲوِتھ ، صُبحُک کھٮ۪ن اوس تیار، بۄچھِ ہتہِ ٲس ٲسہِ گۄڑنیُوك میوٚنٛڈ ژاپان، تہٕ پیٛالہٕ ٲسہِ بٔرِتھ تیار۔","general"
"This pattern would repeat itself in the 1970s with psychoanalysis and philosophy pushing the debate along, and then history in the 1980s.","یہِ ترتیب آو بییہ 1970 کِس دہلِس مَنٛز نفسیٲتی تجزیہ تہٕ فلسفہٕ ہٕسۭتہ بحث برٛونٛہہ کُن پکناوان، تہٕ پتہٕ 1980 کِس دہلِس مَنٛز تٲریٖخس منز۔","general"
"About 45% of the annual rainfall of this subdivision (about 60% for coastal regions) is accounted for by the rainfall during this period.","اَمہِ سب ڈیوجنُک % 45 سالانہٕ روٗد (سٲہِلی علاقن خٲطرٕ لگ بگ %60) چھٗ اتھ وقتس دوران روٗد حِسابہٕ وٗچھنہٕ یوان ۔","general"
"In the quest for greater equity, I propose to increase the rate of MAT to 15 percent of book profits from the present rate of 10 percent.","زیٛادٕ ایٖکوِٹی ہٕنٛدس تلاشس منٛز چھُس بہٕ اٮ۪م اے ٹی ہچہِ ریٹ 10 فیٖصد پٮ۪ٹھٕ بڑٲوِتھ درج مُنافہٕ ہٮ۪تھ 15 فیٖصد تام بڑاونٗك تجویٖز كران ۔","general"
"Apple Store openings and new product releases can draw crowds of hundreds, with some waiting in line as much as a day before the opening.","ایپل سٹور کھولٕنہِ تہٕ نوِٚ چیز اِجرا كرٕنہِ ہیكن ہتہٕ بٔدین لوکَن ہٕنٛز بیرٕ سومبرٲوِتھ ، ییلہِ کینٛہہ لوُکھ كھٖٗلنہٕ برونٛہہ اکھ دۄہ لٲنہِ مَنٛز پراران روزن ۔","general"
"Between 1913 and 1929, its agricultural exports rose from $3 million ($2 million from bananas) to $25 million ($21 million from bananas).","1913 تہٕ 1929 ہَس درمیان، گیہ امِكہِ زِراعتی برآمدات $3 ملین ($2 ملین کیلو پٮ۪ٹھہٕ ) پٮ۪ٹھہٕ ہُرِتھ $25 ملین ($21 ملین کیلو٘ پیٹھہٕ )۔","general"